no,facility,type,jigyosyo_cd,service_cd
1,介護老人福祉施設ケアホーム三浦,特養,1472701083-00,510
2,地域密着型小規模特別養護老人ホーム たんぽぽ,特養,1492700040-00,540
3,特別養護老人ホーム はまゆう,特養,1472700119-00,510
4,特別養護老人ホーム遊楽の丘,特養,1472701091-00,510
5,美山特養ホーム,特養,1472700101 / 1472700945-00,510
6,介護老人福祉施設 中井富士白苑,特養,1471400315-00,510
7,メゾン・二宮,特養,1471300085-00,510
8,二宮喜楽園,特養,1491300081-00,540
9,介護老人福祉施設 らんの里,特養,1474000153-00,510
10,伊勢原ホーム,特養,1474000146 / 1474000997-00,510
11,特別養護老人ホーム 湘南けやきの郷,特養,1474000849-00,510
12,特別養護老人ホーム光響荘,特養,1474001599-00,510
13,高齢者総合支援センター泉心荘,特養,1474000039 / 1474001003-00,510
14,潤生園みんなの家南足柄,特養,1494300120-00,540
15,特別養護老人ホーム草の家,特養,1474300033 / 1474300363-00,510
16,特別養護老人ホーム草の家ひだまり,特養,1474300702-00,510
17,あつぎポポロ(従来型),特養,1492900426 / 1492900434-00,540
18,グランモールさくら及川,特養,1472902244-00,510
19,ムツアイホーム すこやか,特養,1472900990-00,510
20,ムツアイホーム やすらぎ,特養,1472900065-00,510
21,介護老人福祉施設 玉川グリーンホーム,特養,1472900206 / 1472901998-00,510
22,地域密着型特別養護老人ホームきみどり,特養,1492900277-00,540
23,特別養護老人ホーム はなの家とむろ,特養,1472901436-00,510
24,特別養護老人ホーム メイサムフレール,特養,1492900491-00,540
25,特別養護老人ホーム メイサムホール,特養,1472902871-00,510
26,特別養護老人ホーム ユニテ けいわ,特養,1492900186-00,540
27,特別養護老人ホーム 甘露苑,特養,1472900214-00,510
28,第二森の里,特養,1472900842-00,510
29,高齢者生活支援施設 けいわ荘,特養,1472900198-00,510
30,高齢者総合福祉サービスセンター 森の里,特養,1472900073-00,510
31,あしがら広域福祉センターひかりの里,特養,1471400943-00,510
32,地域密着型特別養護老人ホーム まほろばの家,特養,1491400188-00,540
33,ル・リアンふかみ,特養,1473001939-00,510
34,ロゼホームつきみ野,特養,1473000014-00,510
35,介護老人福祉施設スミール桜ヶ丘,特養,1473002614-00,510
36,特別養護老人ホーム ひまわりの郷,特養,1473001194-00,510
37,特別養護老人ホーム ほの里南林間,特養,1473003182 / 1473003190-00,510
38,特別養護老人ホーム 和喜園,特養,1473000261-00,510
39,特別養護老人ホーム 和喜園 田園,特養,1473002002-00,510
40,特別養護老人ホーム 敬愛の園,特養,1473000170-00,510
41,特別養護老人ホーム 晃風園,特養,1473000188-00,510
42,特別養護老人ホーム晃風園ぬくもり,特養,1493000150-00,540
43,社会福祉法人プレマ会 みなみ風,特養,1473001046-00,510
44,高齢者介護福祉施設 サンホーム鶴間,特養,1473000196-00,510
45,特別養護老人ホーム 大磯喜楽園,特養,1471300853-00,510
46,特別養護老人ホーム湘南喜楽園,特養,1471300861-00,510
47,介護老人福祉施設 寒川ホーム,特養,1471200038-00,510
48,特別養護老人ホーム きくの郷,特養,1471200087 / 1471200533-00,510
49,ルビーホーム,特養,1472300183-00,510
50,介護老人福祉施設 たちばなの里,特養,1472300191 / 1472302759-00,510
51,介護老人福祉施設 西湘老人ホーム,特養,1472300159-00,510
52,介護老人福祉施設 陽光の園,特養,1472300175-00,510
53,特別養護老人ホーム いこい,特養,1472302452-00,510
54,特別養護老人ホーム ジョイヴィレッジ,特養,1472302957-00,510
55,特別養護老人ホーム 芳徳の郷ほなみ,特養,1472301421-00,510
56,特別養護老人ホーム宙のとびら,特養,1472303708-00,510
57,特別養護老人ホーム潤生園,特養,1472300167-00,510
58,介護老人福祉施設 バーデンライフ中川,特養,1471400117 / 1471400695-00,510
59,特別養護老人ホーム 等々力,特養,1475200802-00,510
60,特別養護老人ホームひらまの里,特養,1475203103-00,510
61,特別養護老人ホームヴィラージュ中原,特養,1475203319-00,510
62,社会福祉法人セイワ 介護老人福祉施設すみよし,特養,1475203111-00,510
63,社会福祉法人セイワ 介護老人福祉施設みやうち,特養,1475200612-00,510
64,社会福祉法人春日会 地域密着型特別養護老人ホーム せせらぎ,特養,1495200154-00,540
65,社会福祉法人春日会 地域密着型特別養護老人ホームいせうら,特養,1495200105-00,540
66,よみうりランド花ハウス,特養,1475400683-00,510
67,介護老人福祉施設 太陽の園,特養,1475400154-00,510
68,特別養護老人ホーム しゅくがわら三清荘,特養,1475403125-00,510
69,特別養護老人ホーム 生田広場,特養,1475401913 / 1475401921-00,510
70,特別養護老人ホーム 菅の里,特養,1475400188-00,510
71,特別養護老人ホームまほろば,特養,1475401996-00,510
72,特別養護老人ホームヴィラージュ川崎,特養,1475401707-00,510
73,特別養護老人ホームヴィラージュ川崎(ユニット型),特養,1475402572-00,510
74,特別養護老人ホーム多摩川の里,特養,1475402911-00,510
75,特別養護老人ホーム生田まほろば,特養,1475401988-00,510
76,花ハウスすみれ館,特養,1495400226-00,540
77,みかど荘,特養,1475500037-00,510
78,地域密着型介護老人福祉施設風光,特養,1495500033-00,540
79,地域密着型特別養護老人ホーム フレンド神木二番館,特養,1495500280-00,540
80,特別養護老人ホーム   富士見プラザ,特養,1475500342-00,510
81,特別養護老人ホーム わらく桃の丘,特養,1475501530 / 1475501522-00,510
82,特別養護老人ホーム フレンド神木,特養,1475500938-00,510
83,特別養護老人ホーム プラチナ・ヴィラ野川,特養,1475502017 / 1475502025-00,510
84,特別養護老人ホーム 富士見プラザフォンテーヌ鷺沼,特養,1495500074-00,540
85,社会福祉法人セイワ 介護老人福祉施設鷲ヶ峯,特養,1475500177-00,510
86,介護老人福祉施設 ビオラ川崎,特養,1475001416-00,510
87,介護老人福祉施設 大師の里,特養,1475000186-00,510
88,介護老人福祉施設 恒春園,特養,1475000178-00,510
89,特別養護老人ホーム ゆとりあ,特養,1475002422 / 1475002430-00,510
90,特別養護老人ホーム 境町フェニックス,特養,1475003552 / 1475003560-00,510
91,特別養護老人ホーム 川崎ラシクル,特養,1475004279 / 1475004287-00,510
92,社会福祉法人セイワ 介護老人福祉施設桜寿園,特養,1475000129-00,510
93,高齢者福祉施設しおん,特養,1475004691-00,510
94,介護老人福祉施設 みんなと暮らす町,特養,1475101109-00,510
95,地域密着型特別養護老人ホーム こむかい,特養,1495100214-00,540
96,特別養護老人ホーム しゃんぐりら,特養,1475102701 / 1475102719-00,510
97,特別養護老人ホーム クロスハート幸・川崎,特養,1475101604 / 1475101612-00,510
98,特別養護老人ホーム 夢見ヶ崎,特養,1475102511-00,510
99,特別養護老人ホーム南さいわい,特養,1475101620 / 1475101638-00,510
100,社会福祉法人セイワ 介護老人福祉施設幸風苑,特養,1475100077-00,510
101,特別養護老人ホーム おだかの郷/従来型,特養,1475302285 / 1475302293-00,510
102,特別養護老人ホーム 和楽館,特養,1475300149-00,510
103,特別養護老人ホーム 新緑の郷,特養,1475303002 / 1475302996-00,510
104,特別養護老人ホーム陽だまりの園,特養,1475303663-00,510
105,社会福祉法人セイワ 介護老人福祉施設 すえなが,特養,1475300115-00,510
106,高津山桜の森,特養,1475303101 / 1475303119-00,510
107,地域密着型特別養護老人ホーム ヴィラージュ虹ヶ丘,特養,1495600320-00,540
108,特別養護老人ホーム あさおの丘,特養,1475600092-00,510
109,特別養護老人ホーム みどりの丘,特養,1475601926-00,510
110,特別養護老人ホーム ルピナス王禅寺,特養,1475601892 / 1475601900-00,510
111,特別養護老人ホーム レジデンシャル百合ヶ丘,特養,1475602080 / 1475602098-00,510
112,特別養護老人ホーム 柿生アルナ園,特養,1475600126-00,510
113,特別養護老人ホーム 潮見台みどりの丘,特養,1475601033-00,510
114,特別養護老人ホーム 虹の里,特養,1475600134-00,510
115,特別養護老人ホーム 金井原苑,特養,1475600043-00,510
116,特別養護老人ホームまごころタウン*新百合ヶ丘,特養,1475602536 / 1475602544-00,510
117,特別養護老人ホーム片平長寿の里,特養,1475601132 / 1475601140-00,510
118,わしんち元気・平塚,特養,1472003142-00,510
119,ローズヒル,特養,1472000239-00,510
120,介護老人福祉施設 サンレジデンス湘南,特養,1472000320-00,510
121,介護老人福祉施設 平塚富士白苑,特養,1472000312-00,510
122,平塚特別養護老人ホーム,特養,1472000221-00,510
123,特別養護老人ホ-ムれんげの郷アネックス,特養,1492000151-00,540
124,特別養護老人ホーム あしたば,特養,1472004371-00,510
125,特別養護老人ホーム れんげの郷,特養,1472001278-00,510
126,特別養護老人ホーム カメリア桜ヶ丘,特養,1472003514-00,510
127,特別養護老人ホーム ローズヒル東八幡,特養,1472004280-00,510
128,特別養護老人ホーム 輝煌の郷,特養,1472004751-00,510
129,特別養護老人ホーム 陽だまりの丘,特養,1472001914-00,510
130,特別養護老人ホームふじの郷,特養,1472001880-00,510
131,高根台ホーム,特養,1472000262-00,510
132,高根台ホームサテライトたかむら,特養,1492000698-00,540
133,高齢者福祉総合施設 豊田敬愛ホーム,特養,1472000213-00,510
134,高齢者福祉総合施設 豊田敬愛ホームユニット,特養,1472002623-00,540
135,太陽の家座間,特養,1474101233-00,510
136,特別養護老人ホーム ベルホーム,特養,1474100102-00,510
137,特別養護老人ホーム 栗原ホーム,特養,1474100094-00,510
138,特別養護老人ホーム 第二座間苑,特養,1474100672-00,510
139,特別養護老人ホームサライ,特養,1474100631-00,510
140,介護老人福祉施設ミノワホーム,特養,1471600070-00,510
141,志田山ホーム,特養,1471600021-00,510
142,特別養護老人ホーム 愛和の里,特養,1471600245-00,510
143,特別養護老人ホーム レストフルヴィレッジ,特養,1471400489-00,510
144,特別養護老人ホーム 新山下ホーム,特養,1470400233-00,510
145,特別養護老人ホーム 本牧ホーム,特養,1470400423-00,510
146,介護老人福祉施設くぬぎ台,特養,1470600931-00,510
147,太陽の國ほどがや,特養,1470600964-00,510
148,横浜白光会 今井の郷,特養,1470600154-00,510
149,特別養護老人ホーム かわしまホーム,特養,1470600139-00,510
150,特別養護老人ホーム さわやか苑,特養,1470600188-00,510
151,特別養護老人ホーム ラポール三ツ沢,特養,1470601343-00,510
152,特別養護老人ホーム レジデンシャル常盤台,特養,1470601541-00,510
153,特別養護老人ホーム 快風苑,特養,1470600840-00,510
154,特別養護老人ホーム 梅の木ホーム,特養,1470602267-00,510
155,社会福祉法人 なでしこ会 夢の里,特養,1470600121-00,510
156,社会福祉法人 育生会 よつば苑,特養,1470600097-00,510
157,美立の杜,特養,1470601137-00,510
158,介護老人福祉施設 わかたけ南,特養,1470503135-00,510
159,南永田桜樹の森,特養,1470500503-00,510
160,横浜市浦舟ホーム,特養,1470501931-00,510
161,特別養護老人ホーム  横浜市天神ホーム,特養,1470501584-00,510
162,特別養護老人ホーム けいあいの郷 山王台,特養,1470503481-00,510
163,特別養護老人ホーム リバーサイドフェニックス,特養,1470502236-00,510
164,特別養護老人ホーム 南太田ホーム,特養,1470500222-00,510
165,特別養護老人ホーム 白朋苑,特養,1470500198-00,510
166,特別養護老人ホーム 香樹の里,特養,1470500867-00,510
167,特別養護老人ホームみなもの桜,特養,1470503283-00,510
168,特別養護老人ホーム けいあいの郷 影取,特養,1471002905-00,510
169,特別養護老人ホーム しらゆり園,特養,1471000222-00,510
170,特別養護老人ホーム ライフヒルズ舞岡苑,特養,1471001816-00,510
171,特別養護老人ホーム リアメゾン戸塚,特養,1471002939-00,510
172,特別養護老人ホーム 和みの園,特養,1471000644-00,510
173,特別養護老人ホーム 太陽の國,特養,1471000305-00,510
174,特別養護老人ホーム 来夢の里,特養,1471002509-00,510
175,特別養護老人ホーム 松みどりホーム,特養,1471000172-00,510
176,特別養護老人ホーム恒春の丘,特養,1471002228-00,510
177,社会福祉法人 あゆみの国のなかま 特別養護老人ホーム しなの森のさと,特養,1471000354-00,510
178,高齢者介護総合センター 聖母の園,特養,1471000040-00,510
179,さくら苑,特養,1473200051-00,510
180,シャローム横浜,特養,1473200135-00,510
181,今宿ホーム,特養,1473200531-00,510
182,介護老人福祉施設 サンライズヒル横浜,特養,1473200721-00,510
183,介護老人福祉施設 ヴィラ南本宿,特養,1473201968-00,510
184,介護老人福祉施設 ヴィラ横浜,特養,1473201570-00,510
185,介護老人福祉施設ヴィラ桜ケ丘,特養,1473201877-00,510
186,介護老人福祉施設弥生苑,特養,1473200259-00,510
187,太陽の家横濱左近山,特養,1473203998-00,510
188,旭ホーム,特養,1473200226-00,510
189,水の郷,特養,1473201299-00,510
190,特別養護老人ホーム かわいの家,特養,1473201851-00,510
191,特別養護老人ホーム グリンサイド清盛,特養,1473200234-00,510
192,特別養護老人ホーム グリーンライフ,特養,1473201406-00,510
193,特別養護老人ホーム サニーヒル横浜,特養,1473201687-00,510
194,特別養護老人ホーム 今川の郷,特養,1473202081-00,510
195,特別養護老人ホーム 富士見園,特養,1473200267-00,510
196,特別養護老人ホーム 椿寿,特養,1473201125-00,510
197,特別養護老人ホーム 陽光苑,特養,1473202107-00,510
198,特別養護老人ホーム横浜旭いこいの里,特養,1473203980-00,510
199,社会福祉法人創生会 特別養護老人ホーム あだちホーム,特養,1473200200-00,510
200,クロスハート野七里・栄,特養,1493500100-00,540
201,上郷苑,特養,1473500062-00,510
202,上郷苑東館,特養,1473501029-00,510
203,特別養護老人ホーム クロスハート栄・横浜,特養,1473500153-00,510
204,特別養護老人ホーム 陽のあたる丘 MISONO,特養,1473500724-00,510
205,特別養護老人ホームライフコートさかえ,特養,1473500682-00,510
206,特別養護老人ホーム田谷の里,特養,1473500864-00,510
207,介護老人福祉施設 ヴィラ泉,特養,1473601571-00,510
208,横浜市新橋ホーム,特養,1473601290-00,510
209,特別養護老人ホーム いずみ芙蓉苑,特養,1473600177-00,510
210,特別養護老人ホーム けいあいの郷緑園,特養,1473601381-00,510
211,特別養護老人ホーム めぐみ,特養,1473601274-00,510
212,特別養護老人ホーム ウェルフェアリビング,特養,1473601480-00,510
213,特別養護老人ホーム グリーンヒル泉・横浜,特養,1473600920-00,510
214,特別養護老人ホーム 天王森の郷,特養,1473600342-00,510
215,特別養護老人ホーム 希望苑,特養,1473600219-00,510
216,特別養護老人ホーム 横浜敬寿園,特養,1473601308-00,510
217,特別養護老人ホーム 泉の郷,特養,1473600300-00,510
218,特別養護老人ホーム 白寿荘,特養,1473600185-00,510
219,特別養護老人ホーム恒春ノ郷,特養,1473600227-00,510
220,特別養護老人ホーム相生荘,特養,1473600151-00,510
221,緑園都市睦愛園,特養,1473601415-00,510
222,介護老人福祉施設 ニューバード,特養,1470901669-00,510
223,介護老人福祉施設新吉田,特養,1470901933-00,510
224,新横浜パークサイドホーム,特養,1470901255-00,510
225,特別養護老人ホーム ひばり,特養,1470902154-00,510
226,特別養護老人ホーム ワゲン新横浜,特養,1470902410-00,510
227,特別養護老人ホーム 新横浜さわやか苑,特養,1470901156-00,510
228,特別養護老人ホーム 港北みどり園,特養,1470900158-00,510
229,第2新横浜パークサイドホーム,特養,1470902782-00,510
230,特別養護老人ホーム すずかけの郷,特養,1473100160-00,510
231,特別養護老人ホーム ひまわり港南台,特養,1473102828-00,510
232,特別養護老人ホーム サンバレー,特養,1473101028-00,510
233,特別養護老人ホーム 泉の郷日野南,特養,1473103024-00,510
234,特別養護老人ホーム 野庭苑,特養,1473100079-00,510
235,特別養護老人ホームひぎり園,特養,1473103107-00,510
236,特別養護老人ホーム日野サザンポート,特養,1473102836-00,510
237,特別養護老人ホーム笹の風,特養,1473102562-00,510
238,特別養護老人ホーム芙蓉苑,特養,1473100020-00,510
239,社会福祉法人大富福祉会 特別養護老人ホームパラダイム港南,特養,1473100103-00,510
240,ゆうあいの郷,特養,1473400024-00,510
241,スプリングガーデン瀬谷,特養,1473400552-00,510
242,介護老人福祉施設ひだまり館,特養,1473400412-00,510
243,介護老人福祉施設ラペ瀬谷,特養,1473401121-00,510
244,特別養護老人ホーム みなみの苑,特養,1473400206-00,510
245,特別養護老人ホーム ファミリーイン瀬谷,特養,1473400776-00,510
246,特別養護老人ホームしょうじゅの里三ツ境,特養,1493400400-00,540
247,特別養護老人ホーム愛成苑,特養,1473400974-00,510
248,中原苑,特養,1470700012-00,510
249,特別養護老人ホーム たきがしら芭蕉苑,特養,1470700616-00,510
250,特別養護老人ホーム ちくぶ坂下ホーム,特養,1490700059-00,540
251,特別養護老人ホーム 峰の郷,特養,1470700285 / 1470701424-00,510
252,特別養護老人ホーム 新磯子ホーム,特養,1470701135-00,510
253,特別養護老人ホーム 磯子自然村,特養,1470701325-00,510
254,介護老人福祉施設 玉成苑羽沢,特養,1470203371-00,510
255,介護老人福祉施設ヴィラ神奈川,特養,1470202183-00,510
256,太陽の家横濱羽沢,特養,1470202944-00,510
257,東神奈川特別養護老人ホーム若草,特養,1470200252-00,510
258,特別養護老人ホーム けやき荘,特養,1470200377-00,510
259,特別養護老人ホーム 菅田心愛の里,特養,1470201300-00,510
260,特別養護老人ホームあさくら苑新子安,特養,1470203181-00,510
261,福寿園横浜,特養,1470201276-00,510
262,羽沢の家 特別養護老人ホーム,特養,1470201169-00,510
263,羽沢の家二番館 特別養護老人ホーム,特養,1470202951-00,510
264,若竹苑,特養,1470200013-00,510
265,ケアセンターメゾンヴェルト,特養,1473300109-00,510
266,介護老人福祉施設 ふじ寿か園,特養,1473300141-00,510
267,介護老人福祉施設 ビオラ三保,特養,1473300851-00,510
268,介護老人福祉施設 北八朔,特養,1473301198-00,510
269,介護老人福祉施設 横浜よさこいホーム,特養,1473301529-00,510
270,特別養護老人ホーム しょうじゅの里三保,特養,1473300877-00,510
271,特別養護老人ホーム みずほ,特養,1473301677-00,510
272,特別養護老人ホーム フォーシーズンズヴィラこもれび,特養,1473301040-00,540
273,特別養護老人ホーム リーエンデ白山,特養,1473303111-00,510
274,特別養護老人ホーム 慶星閣,特養,1473300117-00,510
275,特別養護老人ホームしょうじゅの里三保サテライト,特養,1493300519-00,540
276,特別養護老人ホーム横浜ナーシングビレッジ,特養,1473301412-00,510
277,パークサイド岡野ホーム,特養,1470300086-00,510
278,特別養護老人ホーム ハマノ愛生園,特養,1470300045-00,510
279,特別養護老人ホーム 戸部ハマノ愛生園,特養,1470300425-00,510
280,白梅野毛山ホーム,特養,1470301704-00,510
281,介護老人福祉施設 ヴィラ都筑,特養,1473801437-00,510
282,介護老人福祉施設 中川の里,特養,1473800124-00,510
283,介護老人福祉施設わかたけ都筑,特養,1473802864-00,510
284,介護老人福祉施設スミール荏田,特養,1473802880-00,510
285,介護老人福祉施設池辺,特養,1473800959-00,510
286,介護老人福祉施設都筑の里,特養,1473800157-00,510
287,特別養護老人ホーム ハピネス都筑,特養,1473801288-00,510
288,特別養護老人ホーム ハピネス都筑 アネックス,特養,1493800682-00,540
289,特別養護老人ホーム ハートフルガーデン川和,特養,1473800728-00,510
290,介護老人福祉施設 わかたけ富岡,特養,1470800507-00,510
291,横浜能見台ホーム,特養,1470800812-00,510
292,特別養護老人ホーム わかくさ,特養,1470800176-00,510
293,特別養護老人ホーム ラスール金沢文庫,特養,1470802305-00,510
294,特別養護老人ホーム 富岡はまかぜ,特養,1470800465-00,510
295,特別養護老人ホームシーサイドかなざわ,特養,1470802826-00,510
296,特別養護老人ホーム横濱かなざわ翔裕園,特養,1470802776-00,510
297,社会福祉法人 倖和会 金沢美浜ホーム,特養,1470800168-00,510
298,てるてる園,特養,1473701900-00,510
299,わかたけ青葉,特養,1473701520-00,510
300,介護老人福祉施設 大樹の郷,特養,1473701967-00,510
301,創生園青葉,特養,1473702205-00,510
302,特別養護老人ホーム ひかり苑,特養,1473700183-00,510
303,特別養護老人ホーム みすずが丘,特養,1473704003-00,510
304,特別養護老人ホーム ピア市ヶ尾,特養,1473701058-00,510
305,特別養護老人ホーム プレシャス横浜,特養,1473704532-00,510
306,特別養護老人ホーム ヴェルデの森,特養,1473700571-00,510
307,特別養護老人ホームビオラ市ケ尾,特養,1473702510-00,510
308,特別養護老人ホーム緑の郷,特養,1473700191-00,510
309,特別養護老人ホーム青葉あさくら苑,特養,1473703252-00,510
310,青葉ヒルズ,特養,1473701926-00,510
311,やまゆりホ-ム,特養,1470100056-00,510
312,ニューバード獅子ケ谷,特養,1470103381-00,510
313,介護老人福祉施設 わかたけ鶴見,特養,1470102581-00,510
314,特別養護老人ホーム しょうじゅの里小野,特養,1470103613-00,510
315,特別養護老人ホーム しょうじゅの里鶴見,特養,1470102219-00,510
316,社会福祉法人 横浜市福祉サービス協会 新鶴見ホーム,特養,1470100353-00,510
317,社会福祉法人 横浜市福祉サービス協会 新鶴見ホーム新館,特養,1470102540-00,510
318,さくらの里山科,特養,1471904613-00,510
319,サニーヒル横須賀,特養,1471900264-00,510
320,介護老人福祉施設 横須賀愛光園,特養,1471900579 / 1471905172-00,510
321,介護老人福祉施設 玉成苑,特養,1471904621-00,510
322,共楽荘特養ホーム,特養,1471900538-00,510
323,太陽の家,特養,1471901742-00,510
324,太陽の家二番館,特養,1471902898-00,510
325,横須賀あじさい園,特養,1471901783-00,510
326,横須賀老人ホーム 介護老人福祉施設,特養,1471901544-00,510
327,特別養護老人ホーム やまびこ荘,特養,1471900595-00,510
328,特別養護老人ホーム シャローム,特養,1471900611-00,510
329,特別養護老人ホーム 塚山ホーム,特養,1471901809-00,510
330,特別養護老人ホーム 恵徳苑,特養,1471900553-00,510
331,特別養護老人ホーム 横須賀椿園,特養,1471900603-00,510
332,特別養護老人ホーム 湘南ホーム,特養,1471907962-00,510
333,特別養護老人ホーム 興寿苑,特養,1471902187-00,510
334,特別養護老人ホームゆうあいの郷衣笠,特養,1471904670-00,510
335,特別養護老人ホーム横須賀グリーンヒル,特養,1471900587-00,510
336,衣笠ホーム,特養,1471900546-00,540
337,高齢者総合福祉センターヒューマン,特養,1471900132-00,510
338,えびな北高齢者施設,特養,1474200605-00,510
339,えびな南高齢者施設,特養,1474200050-00,510
340,中心荘第一老人ホーム,特養,1474200076-00,510
341,中心荘第二老人ホーム,特養,1474200084-00,510
342,特別養護老人ホーム さつき,特養,1474200290-00,510
343,特別養護老人ホーム シェ・モア,特養,1474200449-00,510
344,特別養護老人ホーム 陽だまり,特養,1474201017-00,510
345,特別養護老人ホーム和心,特養,1474200837-00,510
346,特別養護老人ホーム彩美苑,特養,1474201496-00,510
347,シーサイド湯河原,特養,1471500502-00,510
348,介護老人福祉施設 心花春,特養,1471500122-00,510
349,リバーサイド田名ホーム,特養,1472600640-00,510
350,リバーサイド田名ホーム清流さがみ,特養,1472610151 / 1492601461-00,540
351,特別養護老人ホーム しょうじゅの里相模原,特養,1472611407-00,510
352,特別養護老人ホーム はあとぴあ,特養,1472600681-00,510
353,特別養護老人ホーム みたけ,特養,1472601846-00,510
354,特別養護老人ホーム 塩田ホーム,特養,1472600657-00,510
355,特別養護老人ホーム 塩田ホーム(ユニット型),特養,1472605904-00,510
356,特別養護老人ホーム 大野北誠心園,特養,1472607843-00,510
357,特別養護老人ホーム 泰政園,特養,1472600699-00,510
358,特別養護老人ホームマナーハウス横山台,特養,1472606688-00,510
359,特別養護老人ホーム縁JOY,特養,1472604147-00,510
360,社会福祉法人 上溝緑寿会 コスモスセンター,特養,1472600020-00,510
361,はなさか,特養,1472606019-00,510
362,コミュニティホーム ピノ,特養,1492600505-00,540
363,シルバータウン相模原特別養護老人ホーム,特養,1472600616 / 1472605953-00,510
364,介護老人福祉施設 ラペ相模原,特養,1472607397-00,510
365,特別養護老人ホーム あさみぞホーム,特養,1472600624-00,510
366,特別養護老人ホーム こもれび,特養,1472603024-00,510
367,特別養護老人ホーム よもぎの里 愛の丘,特養,1472604907-00,510
368,特別養護老人ホーム りんどう麻溝,特養,1472605128-00,510
369,特別養護老人ホーム グレープの里,特養,1472600731-00,510
370,特別養護老人ホーム モモ,特養,1472600707-00,510
371,特別養護老人ホーム 大野台幸園,特養,1472606662-00,510
372,特別養護老人ホーム 東林間シニアクラブ,特養,1472600749-00,510
373,特別養護老人ホーム 相模原すみれ園(従来型),特養,1472607215 / 1472607223-00,510
374,特別養護老人ホーム 相模原敬寿園,特養,1472606027-00,510
375,特別養護老人ホームマナーハウス麻溝台,特養,1472609252-00,510
376,特別養護老人ホーム太陽の家相模原清菊園,特養,1472611472-00,510
377,特別養護老人ホーム幸園,特養,1472600715-00,510
378,相陽台ホーム,特養,1472605532-00,510
379,ボーナビール二本松ケアセンター,特養,1472609633-00,510
380,ライフホーム城山,特養,1471700037-00,510
381,介護老人福祉施設 さがみ湖桂寿苑,特養,1471700227-00,510
382,介護老人福祉施設 旭ヶ丘特別養護老人ホーム,特養,1471700052-00,510
383,特別養護老人ホーム ケアプラザさがみはら,特養,1472606159-00,510
384,特別養護老人ホーム 中の郷,特養,1472600673 / 1472607389-00,510
385,特別養護老人ホーム 東橋本ひまわりホーム,特養,1472600723-00,510
386,特別養護老人ホーム 銀の館,特養,1471700060-00,510
387,特別養護老人ホーム 青根苑 1号館,特養,1472605318-00,510
388,特別養護老人ホーム 青根苑2号館,特養,1472605326-00,510
389,特別養護老人ホーム相模湖みどりの丘,特養,1472608031-00,510
390,介護老人福祉施設 ユニット菖蒲荘,特養,1472801933-00,510
391,介護老人福祉施設 寿湘ケ丘老人ホーム,特養,1472800182-00,510
392,介護老人福祉施設菖蒲荘,特養,1472800190-00,510
393,地域密着型特別養護老人ホーム田原の里,特養,1492800352-00,540
394,湘南老人ホーム 介護老人福祉施設,特養,1472800588-00,510
395,特別養護老人ホーム はだの松寿苑,特養,1472800919-00,510
396,特別養護老人ホーム 秦野陽光園,特養,1472801875-00,510
397,特別養護老人ホーム湖,特養,1472800521-00,510
398,社会福祉法人そうあい 特別養護老人ホーム なごみの郷,特養,1471500411-00,510
399,箱根老人ホーム 介護老人福祉施設,特養,1471501146-00,510
400,特別養護老人ホーム 杜の郷,特養,1474400643-00,510
401,特別養護老人ホーム 泉正園,特養,1474400080-00,510
402,道志会居宅介護支援事業所,特養,1474400015-00,510
403,介護老人福祉施設 ハピネス茅ヶ崎,特養,1472401437-00,510
404,地域密着型特別養護老人ホーム 湘南くすの木 はる,特養,1492400229-00,540
405,特別養護老人ホーム つるみね,特養,1472401122-00,510
406,特別養護老人ホーム ゆるり,特養,1472402229-00,510
407,特別養護老人ホーム アザリアホーム,特養,1472400249-00,510
408,特別養護老人ホーム カトレアホーム,特養,1472400157-00,510
409,特別養護老人ホーム 汐見台パシフィックステージ,特養,1472400660-00,510
410,特別養護老人ホーム 湘南くすの木,特養,1472401312-00,510
411,特別養護老人ホーム 芹沢ホーム,特養,1472400256-00,510
412,特別養護老人ホーム湘南ベルサイド,特養,1472400439-00,510
413,社会福祉法人 麗寿会 ふれあいの森,特養,1472400033-00,510
414,社会福祉法人麗寿会 ふれあいの麗寿,特養,1472402831 / 1472402849-00,510
415,介護老人福祉施設 葉山清寿苑,特養,1471100014-00,510
416,特別養護老人ホーム 葉山グリーンヒル,特養,1471100204-00,510
417,グリーンライフ湘南,特養,1472200037-00,510
418,介護老人福祉施設 藤沢特別養護老人ホーム,特養,1472200474-00,510
419,地域密着型小規模特別養護老人ホーム みどりの園鵠沼,特養,1492200223-00,540
420,特別養護老人ホーム かつらはら,特養,1472205895-00,510
421,特別養護老人ホーム かりん,特養,1472201704-00,510
422,特別養護老人ホーム カメリア藤沢SST,特養,1472206000-00,510
423,特別養護老人ホーム ラポール藤沢,特養,1472206547-00,510
424,特別養護老人ホーム 村岡ホーム,特養,1472206745-00,510
425,特別養護老人ホームみどりの園,特養,1472200896-00,510
426,特別養護老人ホームグランドヴィラ湘南台,特養,1472206265-00,510
427,特別養護老人ホームラポール藤沢サテライト城南,特養,1492200165-00,540
428,特別養護老人ホーム白鷺苑,特養,1472200458-00,510
429,特別養護老人ホーム睦愛園,特養,1472207552-00,510
430,特別養護老人ホーム結いの丘,特養,1472207107-00,510
431,特別養護老人ホーム関野記念鵠生園,特養,1472205937-00,510
432,特別養護老人ホーム鵠生園,特養,1472200425-00,510
433,芭蕉苑 介護老人福祉施設,特養,1472200466-00,510
434,藤沢富士白苑,特養,1472204013-00,510
435,藤沢愛光園,特養,1472203726-00,510
436,介護老人福祉施設 逗子清寿苑,特養,1472500220-00,510
437,特別養護老人ホーム逗子杜の郷,特養,1472500857 / 1472500865-00,510
438,逗子ホームせせらぎ,特養,1472500089-00,510
439,介護老人福祉施設 ラペ鎌倉,特養,1472102340-00,510
440,介護老人福祉施設 七里ガ浜ホーム,特養,1472100245-00,510
441,特別養護老人ホーム かまくら愛の郷,特養,1472101920-00,510
442,特別養護老人ホーム ふれあいの泉,特養,1472101813-00,510
443,特別養護老人ホーム ヒルズ鎌倉,特養,1472103231-00,510
444,特別養護老人ホームささりんどう鎌倉,特養,1472100617-00,510
445,特別養護老人ホーム雪のほこら,特養,1472103512-00,510
446,特養鎌倉静養館,特養,1472100252-00,510
447,稲村ガ崎きしろ,特養,1472101698-00,510
448,鎌倉プライエムきしろ,特養,1472100088-00,510
449,介護老人福祉施設 メゾン・開成,特養,1491400089-00,540
450,介護老人保健施設 なぎさ,老健,1452780013-00,520
451,介護老人保健施設 なのはな苑,老健,1452780005-00,520
452,介護老人保健施設 グレースヒル・湘南,老健,1451480011-00,520
453,介護老人保健施設ほほえみの丘,老健,1454080008-00,520
454,医療法人社団 松和会 介護老人保健施設ききょう苑,老健,1454080016-00,520
455,医療法人社団佑樹会 介護老人保健施設あゆみの里,老健,1454080027-00,520
456,介護老人保健施設 にじの丘足柄,老健,1454380002-00,520
457,介護老人保健施設 さくら,老健,1452980035-00,520
458,介護老人保健施設 ぬるみず,老健,1452980027-00,520
459,介護老人保健施設 ケアセンター上依知,老健,1452980087-00,520
460,介護老人保健施設 コミュニティケア北部,老健,1452980019-00,520
461,介護老人保健施設 リハビリケア湘南厚木,老健,1452980079-00,520
462,介護老人保健施設こまち,老健,1452980043-00,520
463,介護老人保健施設さくらサテライト,老健,1452980050-00,520
464,介護老人保健施設さつきの里あつぎ,老健,1452980001-00,520
465,介護老人保健施設 しょうじゅの里大和,老健,1453080025-00,520
466,介護老人保健施設 大地,老健,1453080033-00,520
467,介護老人保健施設 成和ナーシングプラザ,老健,1453080017-00,520
468,介護老人保健施設 葵の園・大和,老健,1453080041-00,520
469,南大和老人保健施設,老健,1453080009-00,520
470,介護老人保健施設 大磯幸寿苑,老健,1451380005-00,520
471,宗教法人寒川神社 介護老人保健施設 神恵苑,老健,1451280007-00,520
472,介護老人保健施設 水之尾,老健,1452380004-00,520
473,介護老人保健施設 葵の園・小田原,老健,1472303765-00,520
474,介護老人保健施設“悠久”,老健,1452380038-00,520
475,介護老人保健施設リバーイースト,老健,1452380020-00,520
476,山近記念総合病院 介護老人保健施設 わかば,老健,1452380012-00,520
477,介護老人保健施設 葵の園・武蔵小杉,老健,1455280011-00,520
478,よみうりランドケアセンター,老健,1455480041 / 1455480058-00,520
479,介護老人保健施設 三田あすみの丘,老健,1455480033-00,520
480,介護老人保健施設遊花園,老健,1455480069-00,520
481,介護老人保健施設 ろうけん宮前,老健,1455580022-00,520
482,介護老人保健施設 プラチナ・ヴィラ宮前,老健,1455580030-00,520
483,帝京大学老人保健センター,老健,1455580006-00,520
484,老人保健施設 レストア川崎,老健,1455580041-00,520
485,介護老人保健施設 葵の園・川崎南部,老健,1455080031-00,520
486,介護老人保健施設葵の園・川崎,老健,1455080015 / 1455080023-00,520
487,介護老人保健施設 千の風・川崎,老健,1455180013-00,520
488,介護老人保健施設 幸正の苑,老健,1455180005-00,520
489,介護老人保健施設 たかつ,老健,1455380001-00,520
490,介護老人保健施設 ゆい,老健,1455380027-00,520
491,介護老人保健施設 ベルサンテ,老健,1455380035-00,520
492,介護老人保健施設 樹の丘,老健,1455380019-00,520
493,介護老人保健施設 アクアピア新百合,老健,1455680020-00,520
494,新百合ケ丘介護老人保健施設 つくしの里,老健,1455680012-00,520
495,しんど老人保健施設,老健,1452080018-00,520
496,介護老人保健施設 なでしこの里リハビリひらつか,老健,1452080060-00,520
497,介護老人保健施設 フィオーレ湘南真田,老健,1452080059-00,520
498,介護老人保健施設 社会福祉法人 恩賜財団済生会湘南苑,老健,1452080000-00,520
499,介護老人保健施設湘南シルバーガーデン,老健,1452080042-00,520
500,医療法人 研水会 介護老人保健施設 あさひの郷,老健,1452080034-00,520
501,介護老人保健施設 神奈川セントラルケアセンター,老健,1454180014-00,520
502,介護老人保健施設 老健さがみ,老健,1454180006-00,520
503,医療法人社団 愛清 介護老人保健施設 せせらぎ,老健,1451680008-00,520
504,介護老人保健施設 えきさい横浜,老健,1450480004-00,520
505,介護老人保健施設 けいあいの郷 西谷,老健,1450680041-00,520
506,介護老人保健施設 ライフモア保土ヶ谷,老健,1450680025-00,520
507,介護老人保健施設 境木の丘,老健,1450680033-00,520
508,介護老人保健施設ユトリアム,老健,1450680009-00,520
509,介護老人保健施設レストア横浜,老健,1450580019-00,520
510,介護老人保健施設 うららの里,老健,1451080050-00,520
511,介護老人保健施設 グリーンワーフ東戸塚,老健,1451080027-00,520
512,介護老人保健施設 ソフィア横浜,老健,1451080001-00,520
513,介護老人保健施設 ヒューマンライフケア横浜,老健,1451080019-00,520
514,介護老人保健施設 ヒルズ東戸塚,老健,1451080068-00,520
515,介護老人保健施設 横浜莫愁苑,老健,1451080095-00,520
516,介護老人保健施設リハパーク舞岡,老健,1451080084-00,520
517,医療法人社団協友会 介護老人保健施設 ハートケア横浜小雀,老健,1451080035-00,520
518,医療法人積愛会 千の星・よこはま,老健,1451080076-00,520
519,介護老人保健施設 けいあいの郷 今宿,老健,1453280039-00,520
520,介護老人保健施設 ほほえみの郷横浜,老健,1453280120-00,520
521,介護老人保健施設 グリーンリーブズ赤枝,老健,1453280005-00,520
522,介護老人保健施設 四季の森,老健,1453280054-00,520
523,介護老人保健施設 老健リハビリよこはま,老健,1453280146-00,520
524,介護老人保健施設ケアホーム横浜,老健,1453280179-00,520
525,介護老人保健施設シオンよこはま,老健,1453280153-00,520
526,介護老人保健施設ナーシングピア横浜,老健,1453280161-00,520
527,介護老人保健施設希望の森,老健,1453280138-00,520
528,医療法人社団 恵生会 介護老人保健施設 リハセンターさわやか,老健,1453280021-00,520
529,医療法人社団協友会 介護老人保健施設 ハートケア左近山,老健,1453280062-00,520
530,ケアポート・田谷,老健,1453585008-00,520
531,医療法人社団協友会 ユニット型介護老人保健施設 リハビリポート横浜さかえ,老健,1453580032-00,520
532,医療法人社団協友会 介護老人保健施設 リハビリポート横浜,老健,1453580001-00,520
533,湘南グリーン介護老人保健施設 上郷,老健,1453580016 / 1453580040-00,520
534,介護老人保健施設 きららの里,老健,1453680055-00,520
535,介護老人保健施設 やよい台仁,老健,1453680030-00,520
536,介護老人保健施設 阿久和鳳荘,老健,1453680006-00,520
537,介護老人保健施設ゆめが丘,老健,1453680071-00,520
538,医療法人社団 純正会 介護老人保健施設 エスポワール和泉,老健,1453680048-00,520
539,横浜いずみ介護老人保健施設,老健,1453680022-00,520
540,介護老人保健施設 ウェルケア新吉田,老健,1450980011-00,520
541,介護老人保健施設 ベルディーナ,老健,1450980078-00,520
542,介護老人保健施設ファイン新横浜,老健,1450980060-00,520
543,医療法人社団哺育会 介護老人保健施設 ナーシングプラザ港北,老健,1450980045-00,520
544,新横浜介護老人保健施設 カメリア,老健,1450980029-00,520
545,横浜市総合保健医療センター,老健,1450980003-00,520
546,介護老人保健施設 オアシス,老健,1453180023-00,520
547,介護老人保健施設 港南あおぞら,老健,1453180007-00,520
548,介護老人保健施設すこやか,老健,1453180015-00,520
549,介護老人保健施設 宮沢の里 はなもも苑,老健,1453480001-00,520
550,介護老人保健施設 恵の杜,老健,1453480027-00,520
551,介護老人保健施設 葵の園・ヨコハマ瀬谷,老健,1453480053-00,520
552,医療法人社団善仁会 介護老人保健施設 ハートフル瀬谷,老健,1453480035-00,520
553,介護老人保健施設 ひとりざわ,老健,1450780023 / 1450780049-00,520
554,介護老人保健施設ほのぼの,老健,1450780031-00,520
555,医療法人光陽会 横浜磯子介護老人保健施設,老健,1450780015-00,520
556,横浜市立脳卒中・神経脊椎センター介護老人保健施設コスモス,老健,1450780007-00,520
557,介護老人保健施設 ラ・クラルテ,老健,1450280016-00,520
558,介護老人保健施設 神奈川苑,老健,1450280032-00,520
559,介護老人保健施設リハリゾートわかたけ,老健,1450280008-00,520
560,医療法人社団武蔵野会介護老人保健施設牧野ケアセンター,老健,1450280057 / 1450280065-00,520
561,介護老人保健施設 葵の園・ヨコハマ,老健,1453380052-00,520
562,介護老人保健施設みどりの杜,老健,1453380011-00,520
563,介護老人保健施設フォーシーズンズヴィラいろどり,老健,1453380045-00,520
564,医療法人社団 三喜会介護老人保健施設 ライフプラザ新緑,老健,1453380029-00,520
565,医療法人社団 桜栄会 横浜セラトピア,老健,1453380037-00,520
566,医療法人社団 愛友会 介護老人保健施設 ハートケア横浜,老健,1450380006-00,520
567,ソフィア都筑,老健,1453880051-00,520
568,介護老人保健施設 若葉が丘,老健,1453880036-00,520
569,介護老人保健施設 都筑シニアセンター,老健,1453880002-00,520
570,介護老人保健施設 都筑ハートフルステーション,老健,1453880028-00,520
571,医療法人 健水会 荏田介護老人保健施設 あすなろ,老健,1450980052 / 1453880069-00,520
572,医療法人社団 朝菊会 介護老人保健施設 ヒルトップ池辺,老健,1453880044-00,520
573,横浜茅ヶ崎老人保健施設,老健,1453880010-00,520
574,介護老人保健施設 あさひな,老健,1450880021-00,520
575,介護老人保健施設 こもれび,老健,1450880005-00,520
576,介護老人保健施設 能見台パートリア,老健,1450880013-00,520
577,医療法人社団景翠会 介護老人保健施設 ふるさと,老健,1450880039 / 1450880047-00,520
578,介護老人保健施設 リハリゾート青葉,老健,1453780046 / 1453780061-00,520
579,介護老人保健施設 横浜シルバープラザ,老健,1453780053-00,520
580,介護老人保健施設 青葉の丘,老健,1453780012-00,520
581,介護老人保健施設プラチナ・ヴィラ青葉台,老健,1453780072-00,520
582,医療法人 社団協友会 介護老人保健施設 横浜あおばの里,老健,1453780020-00,520
583,うしおだ老健やすらぎ,老健,1450180000-00,520
584,介護老人保健施設 しんわ走水荘,老健,1451980085-00,520
585,介護老人保健施設 ソレイユカーマ,老健,1451980044-00,520
586,介護老人保健施設 ハートケア湘南・芦名,老健,1451980036-00,520
587,介護老人保健施設 衣笠ろうけん,老健,1451980002-00,520
588,介護老人保健施設 野比苑,老健,1451980069-00,520
589,介護老人保健施設フィオーレ久里浜,老健,1451980051-00,520
590,湘南グリーン介護老人保健施設,老健,1451980010-00,520
591,第三湘南グリーン介護老人保健施設,老健,1451980077 / 1471906089-00,520
592,第二湘南グリーン介護老人保健施設,老健,1451980028-00,520
593,社会医療法人ジャパンメディカルアライアンス介護老人保健施設 アゼリア,老健,1454280012-00,520
594,老人保健施設えびな,老健,1454280004-00,520
595,ニューライフ湯河原,老健,1451580018-00,520
596,上溝介護老人保健施設 いずみ,老健,1452680064-00,520
597,医療法人社団仁和会 介護老人保健施設 とき,老健,1452680072-00,520
598,医療法人社団小松会 介護老人保健施設 清泉の郷,老健,1452680056-00,520
599,田名老人保健施設 光生,老健,1452680031-00,520
600,相和会介護老人保健施設 青葉の郷,老健,1452680049-00,520
601,介護老人保健施設 のどか,老健,1452680023-00,520
602,介護老人保健施設 相模大野,老健,1452680015-00,520
603,介護老人保健施設 グリーンヒルズ相模原,老健,1452680007-00,520
604,介護老人保健施設 ケアガーデンさがみ湖,老健,1451780014 / 1452680091-00,520
605,介護老人保健施設リハビリパーク城山,老健,1452680106-00,520
606,医療法人財団 明理会 介護老人保健施設 相模原ロイヤルケアセンター,老健,1452680080-00,520
607,老人保健施設 なごみの里,老健,1451780006-00,520
608,医療法人社団 三喜会 介護老人保健施設 ライフプラザ鶴巻,老健,1452880029-00,520
609,医療法人社団佑樹会 介護老人保健施設 ひまわりの里,老健,1452880052-00,520
610,医療法人社団佑樹会 介護老人保健施設めぐみの里,老健,1452880045-00,520
611,医療法人社団栄相会 介護老人保健施設ミノゲール,老健,1452880037-00,520
612,秦野老人保健施設みかん,老健,1452880003-00,520
613,介護老人保健施設 デンマークイン箱根,老健,1451580000-00,520
614,介護老人保健施設 メイプル,老健,1454480000-00,520
615,介護老人保健施設 ふれあいの丘,老健,1452480002-00,520
616,介護老人保健施設 ふれあいの渚,老健,1452480036-00,520
617,介護老人保健施設 茅ヶ崎浜之郷,老健,1452480028-00,520
618,介護老人保健施設ふれあいの百合,老健,1452480051-00,520
619,介護老人保健施設ケアパーク茅ヶ崎,老健,1452480044-00,520
620,湘南グリーン介護老人保健施設 葉山,老健,1451180009 / 1451180017-00,520
621,介護老人保健施設 ふれあいの桜,老健,1452280055-00,520
622,介護老人保健施設 ガーデニア・ごしょみ,老健,1452280030-00,520
623,介護老人保健施設 清流苑,老健,1452280014-00,520
624,介護老人保健施設ケアパ-ク湘南台,老健,1452280048-00,520
625,湘南わかば苑,老健,1452280022-00,520
626,老健リハビリセンタークローバーヴィラ,老健,1452280063-00,520
627,医療法人社団 柏信会 介護老人保健施設 グリーンハウス逗子,老健,1452580009-00,520
628,介護老人保健施設 かまくら,老健,1452180032-00,520
629,介護老人保健施設 リハビリケア湘南かまくら,老健,1452180050-00,520
630,介護老人保健施設 鎌倉幸寿苑,老健,1452180016-00,520
631,医療法人徳洲会 介護老人保健施設かまくらしるばーほーむ,老健,1452180068-00,520
632,老健ぬかだ,老健,1452180024-00,520
633,介護老人保健施設あじさいの郷,老健,1451480022-00,520
634,公益財団法人積善会 介護医療院こもれび,介護医療院,14B2300010-00,550
635,相武台リハビリテーション病院介護医療院,介護医療院,14B4100012-00,550
636,十慈堂病院介護医療院,介護医療院,14B1000017-00,550
637,横浜鶴ヶ峰病院介護医療院,介護医療院,14B3200011-00,550
638,横浜市総合保健医療センター 介護医療院,介護医療院,14B0900019-00,550
639,三ツ境病院介護医療院,介護医療院,14B3400017-00,550
640,医療法人社団元気会横浜病院 介護医療院,介護医療院,14B3300019-00,550
641,湯河原中央温泉病院介護医療院,介護医療院,14B1500024-00,550
642,田名病院介護医療院,介護医療院,14B2600039-00,550
643,医療法人相愛会相愛病院介護医療院,介護医療院,14B2600047-00,550
644,相模原南病院 介護医療院,介護医療院,14B2600021-00,550
645,相模原友愛温泉病院 介護医療院,介護医療院,14B2600013-00,550
646,医療法人社団 三喜会 鶴巻温泉病院介護医療院,介護医療院,14B2800019-00,550
647,特定医療法人社団研精会 介護医療院はこね仙石原,介護医療院,14B1500016-00,550
648,介護医療院 湘南の丘,介護医療院,14B2400018-00,550
649,湘南長寿園病院 介護医療院,介護医療院,14B2200012-00,550
