no,facility,type,address,city,phone,company,jigyosyo_cd_seed,service_cd,regional,official_hp_seed
1,社会福祉法人 治栄会 特別養護老人ホーム からまつ苑,特別養護老人ホーム,大阪市都島区中野町５丁目１０番７０号,大阪市都島区,06-6922-3300,社会福祉法人治栄会,,510,×,
2,特別養護老人ホーム 網島の郷,特別養護老人ホーム,大阪市都島区網島町8番7号,大阪市都島区,06-6351-1000,社会福祉法人三養福祉会,,510,×,
3,特別養護老人ホーム青都荘,特別養護老人ホーム,大阪市都島区都島中通三丁目１４番２０号,大阪市都島区,06-6926-2351,社会福祉法人青野ケ原福祉会,,510,×,
4,特別養護老人ホームひまわりの郷,特別養護老人ホーム,大阪市都島区都島本通四丁目１０番１９号,大阪市都島区,06-6924-8880,社会福祉法人都島友の会,,510,×,
5,特別養護老人ホームグリーン野田,特別養護老人ホーム,大阪市福島区海老江２丁目１番３６号,大阪市福島区,06-6454-1820,社会福祉法人えびえ四季会,2770200240,510,×,
6,特別養護老人ホーム平成福島苑,特別養護老人ホーム,大阪市福島区海老江3-20-8,大阪市福島区,06-7507-1187,社会福祉法人平成福祉会,2770201693,510,×,
7,特別養護老人ホーム 福島ともしび苑,特別養護老人ホーム,大阪市福島区吉野５丁目６番１１号,大阪市福島区,06-6464-0105,社会福祉法人ともしび福祉会,2770200158,510,×,
8,平成福島苑,特別養護老人ホーム,大阪市福島区海老江3-20-8,大阪市福島区,06-7507-1187,社会福祉法人平成福祉会,2770201693,540,○,
9,特別養護老人ホームガーデン天使,特別養護老人ホーム,大阪市此花区島屋４丁目１番１１号,大阪市此花区,06-6460-0028,社会福祉法人イエス団,2772800211,510,×,
10,特別養護老人ホームクレーネ大阪,特別養護老人ホーム,大阪市此花区春日出北1-22-3,大阪市此花区,06-6464-9038,社会福祉法人エージングライフ福祉会,2772801169,510,×,
11,特別養護老人ホーム ラヴィータウーノ,特別養護老人ホーム,大阪市此花区伝法六丁目５番１２号,大阪市此花区,06-6463-6546,社会福祉法人ラヴィータ,2772800443,510,×,
12,社会福祉法人緑修会 特別養護老人ホームクローバー,特別養護老人ホーム,大阪市此花区高見2-8-1,大阪市此花区,06-4804-9608,社会福祉法人 緑修会,,510,×,
13,ケアセンター水都ホーム,特別養護老人ホーム,大阪市此花区西九条1-1-2,大阪市此花区,06-6467-2929,社会福祉法人芙蓉福祉会,2772800229,510,×,
14,特別養護老人ホーム 江之子島コスモス苑,特別養護老人ホーム,大阪市西区江之子島１－８－４４,大阪市西区,06-6225-2662,社会福祉法人亀望会,2771800188,510,×,
15,特別養護老人ホームすみれ苑,特別養護老人ホーム,大阪市西区川口3－6－14,大阪市西区,06-6585-1660,社会福祉法人仁景会,2771800923,510,×,
16,特別養護老人ホーム 愛港園,特別養護老人ホーム,大阪市港区八幡屋４丁目８番１号,大阪市港区,06-6571-6231,社会福祉法人みなと寮,2770400147,510,×,
17,特別養護老人ホーム 平成みなと苑,特別養護老人ホーム,大阪市港区弁天２－８－１６,大阪市港区,06-7502-0607,社会福祉法人平成福祉会,2770401525,510,×,
18,特別養護老人ホーム ザイオン,特別養護老人ホーム,大阪市港区市岡１丁目５番３０号,大阪市港区,06-4395-8888,社会福祉法人秀生会,2770400253,510,×,
19,特別養護老人ホーム ザイオン大阪港,特別養護老人ホーム,大阪市港区築港一丁目９番７号,大阪市港区,06-6576-8801,社会福祉法人秀生会,2770401905,510,×,
20,特別養護老人ホーム第２愛港園,特別養護老人ホーム,大阪市港区八幡屋４丁目８番１号,大阪市港区,06-6571-5241,社会福祉法人みなと寮,2770400154,510,×,
21,特別養護老人ホームビーナスホーム千島園,特別養護老人ホーム,大阪市大正区千島１－２３－２６,大阪市大正区,06-6553-4800,社会福祉法人ビーナス福祉会,2772700502,510,×,
22,泉尾特別養護老人ホーム第二大正園,特別養護老人ホーム,大阪市大正区北村3-5-10,大阪市大正区,06-6552-8070,社会福祉法人恩賜財団済生会,,510,×,
23,社会福祉法人恩賜財団済生会支部大阪府済生会 泉尾特別養護老人ホーム大正園,特別養護老人ホーム,大阪市大正区北村3-4-3,大阪市大正区,06-6552-3323,社会福祉法人恩賜財団済生会支部大阪府済生,2772700262,510,×,
24,特別養護老人ホーム幸楽園,特別養護老人ホーム,大阪市大正区鶴町二丁目１９番２８号,大阪市大正区,06-6555-5556,社会福祉法人大阪光風会,2772701666,510,×,
25,特別養護老人ホーム 悠の里,特別養護老人ホーム,大阪市大正区小林東2-6-15,大阪市大正区,06-6554-4320,社会福祉法人裕信福祉会,2772701831,510,×,
26,天王寺特別養護老人ホーム,特別養護老人ホーム,大阪市天王寺区勝山2-14-20,大阪市天王寺区,06-6796-8989,社会福祉法人遺徳会,2771702798,510,×,
27,特別養護老人ホーム 四天王寺たまつくり苑,特別養護老人ホーム,大阪市天王寺区玉造元町1-29,大阪市天王寺区,06-6763-4115,社会福祉法人四天王寺福祉事業団,2771700156,510,×,
28,特別養護老人ホーム四天王寺きたやま苑,特別養護老人ホーム,大阪市天王寺区北山町９－６,大阪市天王寺区,06-6773-1811,社会福祉法人四天王寺福祉事業団,2771700149,510,×,
29,特別養護老人ホーム 大国さわやか苑,特別養護老人ホーム,大阪市浪速区大国2-17-9,大阪市浪速区,06-6633-0210,社会福祉法人優光福祉会,,510,×,
30,特別養護老人ホーム アシステンツァ 桜川,特別養護老人ホーム,大阪市浪速区桜川三丁目7番2号特別養護老人ホーム アシステンツァ桜川,大阪市浪速区,06-6567-5360,社会福祉法人健勝会,,510,×,
31,特別養護老人ホームあいぜん,特別養護老人ホーム,大阪市浪速区日本橋５丁目１６番１９号,大阪市浪速区,06-6634-8965,社会福祉法人石井記念愛染園,,510,×,
32,特別養護老人ホームなにわ,特別養護老人ホーム,大阪市浪速区幸町二丁目３番１１号特別養護老人ホームなにわ,大阪市浪速区,06-6568-1861,社会福祉法人 健勝会,,510,×,
33,社会福祉法人 松福会 西淀川特別養護老人ホーム,特別養護老人ホーム,大阪市西淀川区大和田二丁目５番１１号,大阪市西淀川区,06-6477-6565,社会福祉法人松福会,2771000300,510,×,
34,特別養護老人ホーム陽光ひめじま苑,特別養護老人ホーム,大阪市西淀川区姫島5丁目16番36号,大阪市西淀川区,06-7506-9521,社会福祉法人陽光福祉会,2771002322,510,×,
35,特別養護老人ホームルーチェ千舟,特別養護老人ホーム,大阪市西淀川区千舟2丁目７番２号,大阪市西淀川区,06-6477-1010,社会福祉法人松福会,2771000706,510,×,
36,特別養護老人ホームせいりょう姫島,特別養護老人ホーム,大阪市姫島2丁目15-8,大阪市西淀川区,06-7167-9000,社会福祉法人聖綾福祉会,2771002348,510,×,
37,介護老人福祉施設水都ホーム福町,特別養護老人ホーム,大阪市西淀川区福町2丁目11番７号,大阪市西淀川区,06-4808-2400,社会福祉法人芙蓉福祉会,2771001498,510,×,
38,特別養護老人ホーム 姫島みずほ苑,特別養護老人ホーム,大阪市西淀川区姫島5丁目11番24号,大阪市西淀川区,06-6477-0050,社会福祉法人瑞穂,2771001308,510,×,
39,特別養護老人ホームほなみ,特別養護老人ホーム,大阪市西淀川区大和田４丁目１１番６号,大阪市西淀川区,06-6474-5011,社会福祉法人穂波福祉会,,540,○,
40,特別養護老人ホームなみほ,特別養護老人ホーム,大阪市西淀川区大和田4丁目11番2号,大阪市西淀川区,06-6474-5011,社会福祉法人穂波福祉会,,540,○,
41,特別養護老人ホームザイオン新大阪,特別養護老人ホーム,大阪市東淀川区東中島２丁目１４番１３号,大阪市東淀川区,06-6370-7001,社会福祉法人 秀生会,,510,×,
42,介護老人福祉施設 さわやか苑,特別養護老人ホーム,大阪市東淀川区豊新2-15-20,大阪市東淀川区,06-6815-9292,社会福祉法人優光福祉会,,510,×,
43,特別養護老人ホーム ジュネス,特別養護老人ホーム,大阪市東淀川区東淡路1-4-49メゾン リベルテ,大阪市東淀川区,06-6325-3336,社会福祉法人大阪自彊館,2773000407,510,×,
44,特別養護老人ホーム 井高野園,特別養護老人ホーム,大阪市東淀川区井高野３丁目１番５８号,大阪市東淀川区,06-6349-3417,社会福祉法人井高野福祉会,2773000266,510,×,
45,特別養護老人ホーム とよさと黄金の里,特別養護老人ホーム,大阪市東淀川区大桐１丁目７－１６,大阪市東淀川区,06-6990-6881,社会福祉法人松輪会,2773001819,510,×,
46,特別養護老人ホーム だんらん,特別養護老人ホーム,大阪市東淀川区淡路3丁目13-37,大阪市東淀川区,06-6328-2941,社会福祉法人ノーマライゼーション協会,2773000357,510,×,
47,特別養護老人ホーム寿楽荘いたかの,特別養護老人ホーム,大阪市東淀川区井高野４丁目６番６１号,大阪市東淀川区,06-6340-0505,社会福祉法人寿楽福祉会,2773003336,510,×,
48,特別養護老人ホームともしび,特別養護老人ホーム,大阪市東淀川区東中島5-19-3,大阪市東淀川区,06-6326-6700,社会福祉法人ともしび福祉会,,510,×,
49,特別養護老人ホーム 菜乃花,特別養護老人ホーム,大阪市東淀川区上新庄１丁目２番５号特別養護老人ホーム 菜乃花,大阪市東淀川区,06-6160-6541,社会福祉法人恩徳福祉会,,510,×,
50,特別養護老人ホームポプラ上新庄,特別養護老人ホーム,大阪市東淀川区上新庄三丁目15番9号,大阪市東淀川区,06-6320-6410,社会福祉法人池田さつき会,,510,×,
51,淡路介護老人福祉施設ビハーラ,特別養護老人ホーム,大阪市東淀川区淡路5-11-17,大阪市東淀川区,06-6370-5501,社会福祉法人至心会,2773001041,510,×,
52,地域密着型特別養護老人ホーム 菜乃花,特別養護老人ホーム,大阪市東淀川区上新庄１－２－５地域密着型特別養護老人ホーム 菜乃花,大阪市東淀川区,06-6160-6541,社会福祉法人恩徳福祉会,,540,○,
53,特別養護老人ホーム称揚苑,特別養護老人ホーム,大阪市東成区深江北1-14-8,大阪市東成区,06-6977-8880,社会福祉法人慶生会,2771502826,510,×,
54,特別養護老人ホームアルカンシエル東成,特別養護老人ホーム,大阪市東成区中本四丁目１番２１号,大阪市東成区,06-6978-1200,社会福祉法人弘仁会,2771501307,510,×,
55,特別養護老人ホーム ハミングベル中道,特別養護老人ホーム,大阪市東成区中道２丁目７-１,大阪市東成区,06-6971-9788,社会福祉法人森の宮福祉会,2771500846,510,×,
56,特別養護老人ホーム サンローズオオサカ,特別養護老人ホーム,大阪市東成区神路１丁目１０番３号,大阪市東成区,06-6974-7388,社会福祉法人山水学園,2771500176,510,×,
57,社会福祉法人 慶生会 特別養護老人ホーム 瑞光苑,特別養護老人ホーム,大阪市生野区巽東4丁目11番10号特別養護老人ホーム 瑞光苑,大阪市生野区,06-6758-0088,社会福祉法人 慶生会,,510,×,
58,特別養護老人ホーム 甍,特別養護老人ホーム,大阪市生野区巽南3丁目7番30号,大阪市生野区,06-6752-1339,社会福祉法人三秀會,2772200495,510,×,
59,インパレスみのり苑,特別養護老人ホーム,大阪市生野区巽中３丁目１４番３号,大阪市生野区,06-6756-5200,社会福祉法人久栄会,2772200461,510,×,
60,特別養護老人ホーム夢の箱 勝山,特別養護老人ホーム,大阪市生野区勝山南１丁目１７番４３号,大阪市生野区,06-6712-2220,社会福祉法人基弘会,2772203887,510,×,
61,特別養護老人ホーム 寿幸苑,特別養護老人ホーム,大阪市生野区林寺４丁目１３番１４号,大阪市生野区,06-6714-2221,社会福祉法人浪速松楓会,2772202442,510,×,
62,上本町特別養護老人ホームラガール,特別養護老人ホーム,大阪市生野区鶴橋一丁目9番34号,大阪市生野区,06-6777-8033,社会福祉法人弘道福祉会,2772207185,510,×,
63,特別養護老人ホーム レインボー今里,特別養護老人ホーム,大阪市生野区中川１－６－２０,大阪市生野区,06-6755-6700,社会福祉法人弘仁会,,510,×,
64,特別養護老人ホーム せんぽ,特別養護老人ホーム,大阪市生野区巽北一丁目14番3号,大阪市生野区,06-4306-1000,社会福祉法人千歩会,2772204851,510,×,
65,特別養護老人ホーム巽さくらら苑,特別養護老人ホーム,大阪市生野区巽中１－５－８,大阪市生野区,06-6753-1147,社会福祉法人光音会,2772201253,510,×,
66,特別養護老人ホーム サン・アクエリア,特別養護老人ホーム,大阪市生野区新今里4-11-17,大阪市生野区,06-6755-1165,社会福祉法人クローバー会,2772200321,510,×,
67,特別養護老人ホームあじさいの里,特別養護老人ホーム,大阪市生野区勝山北3-13-20,大阪市生野区,06-6716-1199,社会福祉法人愛生会,2772200479,510,×,
68,金の鈴特別養護老人ホーム,特別養護老人ホーム,大阪市生野区巽南3-5-25,大阪市生野区,06-6758-8111,社会福祉法人 藤光会,,510,×,
69,上本町地域密着型特別養護老人ホームラガール,特別養護老人ホーム,大阪市生野区鶴橋一丁目9番34号,大阪市生野区,06-6777-8033,社会福祉法人弘道福祉会,2772207185,540,○,
70,地域密着型特別養護老人ホームおがわ苑,特別養護老人ホーム,大阪市生野区生野東3丁目1番51号地域密着型特別養護老人ホームおがわ苑,大阪市生野区,06-6741-1500,社会福祉法人かおる会,,540,○,
71,特別養護老人ホーム旭さくら苑,特別養護老人ホーム,大阪市旭区清水三丁目１５番２３号,大阪市旭区,06-6957-8008,社会福祉法人 清水福祉会,,510,×,
72,社会福祉法人 邦寿会 高殿苑,特別養護老人ホーム,大阪市旭区高殿５－１０－７,大阪市旭区,06-6953-8511,社会福祉法人邦寿会,,510,×,
73,生江特別養護老人ホーム白寿荘,特別養護老人ホーム,大阪市旭区生江３－２７－１,大阪市旭区,06-6925-8910,社会福祉法人リベルタ,,510,×,
74,特別養護老人ホーム ライフライト,特別養護老人ホーム,大阪市旭区赤川2-1-20,大阪市旭区,06-6924-0030,社会福祉法人ほしの会,,510,×,
75,特別養護老人ホームゆうゆう,特別養護老人ホーム,大阪市旭区高殿６－２４－１２,大阪市旭区,06-4254-2221,社会福祉法人旭長寿の森,,510,×,
76,特別養護老人ホームあいあい,特別養護老人ホーム,大阪市旭区赤川１－6－12,大阪市旭区,06-6926-1122,社会福祉法人旭長寿の森,,510,×,
77,特別養護老人ホームしぎの黄金の里,特別養護老人ホーム,大阪市城東区鴫野東2丁目26番12号,大阪市城東区,06-6963-5551,社会福祉法人松輪会,,510,×,
78,社会福祉法人清水福祉会 特別養護老人ホーム城東さくら苑,特別養護老人ホーム,大阪市城東区今福西6-6-20,大阪市城東区,06-6939-7000,社会福祉法人清水福祉会特別養護老人ホーム城東さくら苑,,510,×,
79,野江特別養護老人ホーム 城東園,特別養護老人ホーム,大阪市城東区今福東２丁目２番２５号,大阪市城東区,06-6931-3825,社会福祉法人 恩賜財団 済生会支部大阪府済生会,,510,×,
80,城東特別養護老人ホーム,特別養護老人ホーム,大阪市城東区古市1-20-17,大阪市城東区,06-6931-5190,社会福祉法人大阪福祉事業財団,,510,×,
81,特別養護老人ホーム平成森之宮苑,特別養護老人ホーム,大阪市城東区森之宮２－１－４９,大阪市城東区,06-6167-7410,社会福祉法人平成福祉会,,510,×,
82,特別養護老人ホーム城東こすもす苑,特別養護老人ホーム,大阪市城東区蒲生2-2-38,大阪市城東区,06-6933-2002,社会福祉法人 清水福祉会,,510,×,
83,特別養護老人ホーム 至善荘,特別養護老人ホーム,大阪市城東区蒲生4-2-10,大阪市城東区,06-6930-7258,社会福祉法人至善会,,510,×,
84,地域密着型特別養護老人ホーム平成森之宮苑,特別養護老人ホーム,大阪市城東区森之宮２－１－４９,大阪市城東区,06-6167-7410,社会福祉法人平成福祉会,,540,○,
85,特別養護老人ホーム阪和苑,特別養護老人ホーム,大阪市阿倍野区松崎町２丁目３番１０号,大阪市阿倍野区,06-6626-3731,社会福祉法人帝塚山福祉会,2772300527,510,×,
86,特別養護老人ホーム いくとく,特別養護老人ホーム,大阪市阿倍野区天王寺町北3-18-16,大阪市阿倍野区,06-6713-1165,社会福祉法人育徳園,2772300253,510,×,
87,ふれ愛丸山荘,特別養護老人ホーム,大阪市阿倍野区丸山通１丁目2番8号,大阪市阿倍野区,06-6655-6611,社会福祉法人大阪平成会,2772300345,510,×,
88,特別養護老人ホームミネルヴァあべの,特別養護老人ホーム,大阪市阿倍野区昭和町3丁目4番27号,大阪市阿倍野区,06-6629-1110,社会福祉法人日本ヘレンケラー財団,2772303315,510,×,
89,特別養護老人ホーム 阪和帝塚山苑,特別養護老人ホーム,大阪市住吉区帝塚山東２－１－41,大阪市住吉区,06-4701-1151,社会福祉法人帝塚山福祉会,2772003444,510,×,
90,帝塚山特別養護老人ホーム,特別養護老人ホーム,大阪市住吉区帝塚山東2丁目1番35号,大阪市住吉区,06-4701-1121,社会福祉法人帝塚山福祉会,2772000457,510,×,
91,特別養護老人ホーム アップリケア・ホーム,特別養護老人ホーム,大阪市住吉区浅香1丁目8番38号,大阪市住吉区,06-6696-1177,社会福祉法人松稲会,2772000242,510,×,
92,特別養護老人ホーム ウェルネスあびこ,特別養護老人ホーム,大阪市住吉区我孫子西1-2-15,大阪市住吉区,06-6608-3000,社会福祉法人央福祉会,2772000465,510,×,
93,特別養護老人ホームさんらく苑,特別養護老人ホーム,大阪市住吉区苅田5丁目16番10号,大阪市住吉区,06-6606-3100,社会福祉法人正武福祉会,2772000705,510,×,
94,特別養護老人ホームあじさい苑大阪住吉,特別養護老人ホーム,大阪市住吉区住吉一丁目９番１８号,大阪市住吉区,06-6671-1055,社会福祉法人浩照会,2772005241,510,×,
95,特別養護老人ホームゆうけい創和,特別養護老人ホーム,大阪市住吉区遠里小野２丁目７番２０号,大阪市住吉区,06-6609-6815,社会福祉法人宥恵会,2772002024,510,×,
96,特別養護老人ホーム なごみ,特別養護老人ホーム,大阪市住吉区帝塚山東５丁目１０番１５号,大阪市住吉区,06-6676-0753,社会福祉法人ライフサポート協会,2772001398,510,×,
97,ふれ愛の館しおん地域密着型特別養護老人ホーム,特別養護老人ホーム,大阪市住吉区苅田4-3-9,大阪市住吉区,06-6606-8400,社会福祉法人四恩学園,,540,○,
98,地域密着型特別養護老人ホーム あじさい苑大阪住吉,特別養護老人ホーム,大阪市住吉区住吉一丁目９番１８号,大阪市住吉区,06-6671-1055,社会福祉法人浩照会,2772005241,540,○,
99,特別養護老人ホーム 花嵐,特別養護老人ホーム,大阪市東住吉区矢田6丁目８番７号,大阪市東住吉区,06-6699-8787,社会福祉法人ふれあい共生会,2770800213,510,×,
100,特別養護老人ホームヴァンサンク東住吉,特別養護老人ホーム,大阪市東住吉区湯里5丁目13番5号,大阪市東住吉区,06-6760-7011,社会福祉法人嘉誠会,2770803068,510,×,
101,特別養護老人ホームヴァンサンクボヌール,特別養護老人ホーム,大阪市東住吉区公園南矢田3-21-4,大阪市東住吉区,06-6115-6720,社会福祉法人嘉誠会,2770805303,510,×,
102,特別養護老人ホーム ゆめあまみ,特別養護老人ホーム,大阪市東住吉区矢田7-6-10,大阪市東住吉区,072-349-0363,社会福祉法人隆生福祉会,2770800973,510,×,
103,特別養護老人ホームくれない,特別養護老人ホーム,大阪市東住吉区今川7-9-7,大阪市東住吉区,06-6769-1155,社会福祉法人めぐむ福祉会,2770800247,510,×,
104,特別養護老人ホ－ム せんぽ東住吉,特別養護老人ホーム,大阪市東住吉区住道矢田4丁目7番2号,大阪市東住吉区,06-4302-6100,社会福祉法人千歩会,2770806376,510,×,
105,特別養護老人ホーム あっとほうむ,特別養護老人ホーム,大阪市東住吉区杭全１丁目４番２０号,大阪市東住吉区,06-6719-8880,社会福祉法人慶陽,2770800395,510,×,
106,特別養護老人ホームしらさぎ苑,特別養護老人ホーム,大阪市東住吉区今川六丁目6番6号,大阪市東住吉区,06-6702-2050,社会福祉法人はるかぜ福祉会,2770807267,510,×,
107,特別養護老人ホーム くつろぎ,特別養護老人ホーム,大阪市東住吉区公園南矢田1-4-17,大阪市東住吉区,06-6695-1740,社会福祉法人亮愛会,2770802771,510,×,
108,特別養護老人ホーム 城南ホーム,特別養護老人ホーム,大阪市東住吉区住道矢田４－２０－１７,大阪市東住吉区,06-6760-6539,社会福祉法人城南福祉会,2770800601,510,×,
109,特別養護老人ホーム 城南ホームサテライト,特別養護老人ホーム,大阪市東住吉区住道矢田４－２０－１９,大阪市東住吉区,06-6760-6539,社会福祉法人城南福祉会,,540,○,
110,特別養護老人ホームしらさぎ苑,特別養護老人ホーム,大阪市東住吉区今川６丁目６番６号,大阪市東住吉区,06-6702-2050,社会福祉法人はるかぜ福祉会,,540,○,
111,社会福祉法人 枚方療育園 特別養護老人ホーム 山愛,特別養護老人ホーム,大阪市西成区南津守1丁目4番7号,大阪市西成区,06-6656-7001,社会福祉法人 枚方療育園,,510,×,
112,特別養護老人ホームローズ,特別養護老人ホーム,大阪市西成区天下茶屋北２丁目４番７号,大阪市西成区,06-6647-7300,社会福祉法人一会,,510,×,
113,特別養護老人ホーム 白寿苑,特別養護老人ホーム,大阪市西成区南津守７丁目１２番３２号,大阪市西成区,06-6651-2210,社会福祉法人白寿会,,510,×,
114,特別養護老人ホームにちげつの光,特別養護老人ホーム,大阪市西成区萩之茶屋１－２－５,大阪市西成区,06-6633-1680,社会福祉法人功徳会,,510,×,
115,特別養護老人ホーム ライフカーサ,特別養護老人ホーム,大阪市西成区松３－１２－３５特別養護老人ホーム ライフカーサ,大阪市西成区,06-6661-0999,社会福祉法人ほしの会,,510,×,
116,まちかどホーム すずらん,特別養護老人ホーム,大阪市西成区出城2丁目４番10号,大阪市西成区,06-6563-6563,社会福祉法人ヒューマンライツ福祉協会,,510,×,
117,特別養護老人ホームかがやき,特別養護老人ホーム,大阪市西成区聖天下二丁目８番５号,大阪市西成区,06-6627-9295,社会福祉法人双洋会,,510,×,
118,まちかどホームやまゆり,特別養護老人ホーム,大阪市西成区鶴見橋2-12-21,大阪市西成区,06-6567-4500,社会福祉法人ヒューマンライツ福祉協会,,540,○,
119,特別養護老人ホームにちげつの光津守,特別養護老人ホーム,大阪市西成区南津守五丁目１番８号,大阪市西成区,06-6659-5111,社会福祉法人功徳会,,510,×,
120,特別養護老人ホーム愛孝野中苑,特別養護老人ホーム,大阪市淀川区野中南２丁目８番２７号,大阪市淀川区,06-6885-1606,社会福祉法人愛孝福祉会,,510,×,
121,特別養護老人ホ－ムコティコ－ト北大阪,特別養護老人ホーム,大阪市淀川区田川北3-4-3,大阪市淀川区,06-4805-7771,社会福祉法人育福会,,510,×,
122,特別養護老人ホーム 淀川暖気の苑,特別養護老人ホーム,大阪市淀川区木川西4-5-40淀川暖気の苑,大阪市淀川区,06-6885-7811,社会福祉法人関西中央福祉会,,510,×,
123,特別養護老人ホーム寿里苑ラピス,特別養護老人ホーム,大阪市淀川区木川東2-19-15,大阪市淀川区,06-6101-3939,社会福祉法人博光福祉会,,510,×,
124,特別養護老人ホーム 平成新高苑,特別養護老人ホーム,大阪市淀川区新高4-15-25,大阪市淀川区,06-6397-0710,社会福祉法人平成福祉会,,510,×,
125,特別養護老人ホーム加寿苑,特別養護老人ホーム,大阪市淀川区加島1丁目34番8号,大阪市淀川区,06-6305-0711,社会福祉法人加島友愛会,,510,×,
126,特別養護老人ホーム博愛の園,特別養護老人ホーム,大阪市淀川区十三元今里３丁目１－88,大阪市淀川区,06-6301-8901,社会福祉法人博愛社,,510,×,
127,博愛の園サテライト特養 清心館,特別養護老人ホーム,大阪市淀川区十三元今里3-1-72,大阪市淀川区,06-6889-0013,社会福祉法人博愛社,,540,○,
128,特別養護老人ホーム愛孝野中苑,特別養護老人ホーム,大阪市淀川区野中南2-8-27,大阪市淀川区,06-6885-1606,社会福祉法人愛孝福祉会,,540,○,
129,特別養護老人ホームコモンズ三国,特別養護老人ホーム,大阪市淀川区三国本町二丁目１４番２３号,大阪市淀川区,06-6396-8921,社会福祉法人妙光会,,510,×,
130,特別養護老人ホーム グリーンランドみずき,特別養護老人ホーム,大阪市鶴見区緑３丁目１６番２７号,大阪市鶴見区,06-6911-0012,社会福祉法人みずき会,,510,×,
131,特別養護老人ホーム リベルタヴィータ,特別養護老人ホーム,大阪市鶴見区今津南3丁目5番5号,大阪市鶴見区,06-6963-6360,社会福祉法人 春栄会,,510,×,
132,特別養護老人ホーム ファミリー,特別養護老人ホーム,大阪市鶴見区安田2丁目１番２７号,大阪市鶴見区,06-6915-1717,社会福祉法人 たらちね事業会,,510,×,
133,浜特別養護老人ホーム,特別養護老人ホーム,大阪市鶴見区浜５丁目６番１４号,大阪市鶴見区,06-4257-3660,社会福祉法人 和悦会,,510,×,
134,特別養護老人ホーム ウェルシーライフ,特別養護老人ホーム,大阪市鶴見区諸口1丁目１４－４３,大阪市鶴見区,06-6914-3331,社会福祉法人 宝寿福祉会,,510,×,
135,特別養護老人ホームくつろぎ・つるみ荘,特別養護老人ホーム,大阪市鶴見区中茶屋１丁目１番１０号特別養護老人ホームくつろぎ・つるみ荘,大阪市鶴見区,06-6914-3877,社会福祉法人正福会,,510,×,
136,特別養護老人ホームらんまん鶴見,特別養護老人ホーム,大阪市鶴見区鶴見5丁目2番10号,大阪市鶴見区,06-6933-8830,社会福祉法人まんてん,,510,×,
137,介護老人福祉施設ゆうわ,特別養護老人ホーム,大阪市鶴見区諸口6-1-17,大阪市鶴見区,06-6912-0707,社会福祉法人秀和福祉会,,540,○,
138,特別養護老人ホーム 健祥会エンリケ,特別養護老人ホーム,大阪市住之江区南港北二丁目7番48号,大阪市住之江区,06-6616-5555,社会福祉法人 健祥会,,510,×,
139,南港咲洲特別養護老人ホーム,特別養護老人ホーム,大阪市住之江区南港中２－１－３５,大阪市住之江区,06-4703-1700,社会福祉法人遺徳会,,510,×,
140,特別養護老人ホーム 浜木綿苑,特別養護老人ホーム,大阪市住之江区南港北１丁目４番地１号,大阪市住之江区,０６－６６１３－７０５３,社会福祉法人帝塚山福祉会,,510,×,
141,特別養護老人ホーム いわき園,特別養護老人ホーム,大阪市住之江区南加賀屋三丁目９番２号,大阪市住之江区,06-6683-6655,社会福祉法人 いわき学園,,510,×,
142,特別養護老人ホーム加賀屋の森,特別養護老人ホーム,大阪市住之江区北加賀屋5丁目4番23号,大阪市住之江区,06-6686-5301,社会福祉法人健成会,,510,×,
143,介護老人福祉施設 グルメ杵屋社会貢献の家,特別養護老人ホーム,大阪市住之江区浜口東2-5-14,大阪市住之江区,06-6671-2500,社会福祉法人 ジー・ケー社会貢献会,,510,×,
144,介護老人福祉施設カサブランカ,特別養護老人ホーム,大阪市住之江区新北島八丁目１番８０号,大阪市住之江区,06-6105-1777,社会福祉法人健正福祉会,,510,×,
145,特別養護老人ホーム四天王寺紅生園,特別養護老人ホーム,大阪市平野区喜連東五丁目13番30号,大阪市平野区,06-6760-7611,社会福祉法人四天王寺福祉事業団,,510,×,
146,特別養護老人ホームやぐるま苑,特別養護老人ホーム,大阪市瓜破南2丁目4番10号,大阪市平野区,06-6707-5502,社会福祉法人はるかぜ福祉会,2775806330,510,×,https://harukazefukushikai.com/
147,特別養護老人ホーム長吉,特別養護老人ホーム,大阪市平野区長吉川辺３－２０－１４,大阪市平野区,06-6790-0007,社会福祉法人 永寿福祉会,,510,×,
148,特別養護老人ホーム こうのとり,特別養護老人ホーム,大阪市平野区長吉川辺三丁目２番３号,大阪市平野区,06-6700-8000,社会福祉法人優心会,,510,×,
149,加美北特別養護老人ホーム,特別養護老人ホーム,大阪市平野区加美北7丁目1番2号加美北特別養護老人ホーム,大阪市平野区,06-4303-7700,社会福祉法人 和悦会,,510,×,
150,特別養護老人ホーム プラーナ,特別養護老人ホーム,大阪市平野区長吉川辺2-1-32,大阪市平野区,06-6700-3656,社会福祉法人弘友福祉会,,510,×,
151,特別養護老人ホーム 万寿苑,特別養護老人ホーム,大阪市平野区加美東4丁目18番23号,大阪市平野区,06-6796-5111,社会福祉法人共和福祉会,,510,×,
152,特別養護老人ホームオアシス寿安,特別養護老人ホーム,大阪市平野区長吉六反一丁目5番7号,大阪市平野区,06-6769-6200,社会福祉法人大和福寿会,,510,×,
153,特別養護老人ホーム 喜連,特別養護老人ホーム,大阪市平野区喜連２丁目２番４０号,大阪市平野区,06-6790-6666,社会福祉法人 永寿福祉会,,510,×,
154,特別養護老人ホームせんぽ瓜破東,特別養護老人ホーム,大阪市平野区瓜破東8丁目8番6号,大阪市平野区,06-6700-5000,社会福祉法人千歩会,,510,×,
155,特別養護老人ホーム 愛和,特別養護老人ホーム,大阪市平野区長吉六反２－１－６,大阪市平野区,TEL:06-6790-1,社会福祉法人愛和福祉会,,510,×,
156,特別養護老人ホーム 桜苑,特別養護老人ホーム,大阪市平野区平野東3-7-16,大阪市平野区,06-4305-7898,社会福祉法人愛樹会,,510,×,
157,喜連の杜,特別養護老人ホーム,大阪市平野区喜連4-6-19,大阪市平野区,06-4303-5671,社会福祉法人 永寿福祉会,,540,○,
158,特別養護老人ホーム平野愛和,特別養護老人ホーム,大阪市平野区平野東２丁目１番３０号,大阪市平野区,06-6795-2402,社会福祉法人 愛和福祉会,,540,○,
159,永寿特別養護老人ホーム,特別養護老人ホーム,大阪市平野区瓜破南１－２－１１,大阪市平野区,06-6760-5070,社会福祉法人永寿福祉会,,540,○,
160,地域密着型特別養護老人ホームせんぽ瓜破東,特別養護老人ホーム,大阪市平野区瓜破東8丁目8番6号,大阪市平野区,06-6700-5000,社会福祉法人千歩会,,540,○,
161,地域密着型特別養護老人ホームオアシス寿安,特別養護老人ホーム,大阪市平野区長吉六反一丁目5番7号,大阪市平野区,06-6769-6200,社会福祉法人大和福寿会,,540,○,
162,中津特別養護老人ホーム喜久寿苑,特別養護老人ホーム,大阪市北区大淀南2丁目2番51号,大阪市北区,06-6458-1070,社会福祉法人恩賜財団済生会,,510,×,
163,特別養護老人ホーム 平成曽根崎苑,特別養護老人ホーム,大阪市北区曽根崎1-1-20,大阪市北区,06-7501-8690,社会福祉法人 平成福祉会,,510,×,
164,特別養護老人ホーム 藤ミレニアム,特別養護老人ホーム,大阪市北区本庄西2-6-15藤ミレニアム,大阪市北区,06-6371-6233,社会福祉法人 幸聖福祉会,,510,×,
165,特別養護老人ホーム 淳風おおさか,特別養護老人ホーム,大阪市北区大淀南二丁目５番２０号,大阪市北区,06-6450-1088,社会福祉法人淳風会,,510,×,
166,特別養護老人ホーム 北野よろこび苑,特別養護老人ホーム,大阪市北区神山町１５－１２,大阪市北区,06-6311-4652,社会福祉法人北慶会,,510,×,
167,特別養護老人ホーム鶴満寺聚楽院,特別養護老人ホーム,大阪市北区長柄東1-3-12,大阪市北区,06-6351-7301,社会福祉法人鶴満寺慈光園,,510,×,
168,特別養護老人ホーム さくら,特別養護老人ホーム,大阪市中央区農人橋一丁目４番２０号,大阪市中央区,06-6947-5215,社会福祉法人健勝会,,510,×,
169,特別養護老人ホームベルライブ,特別養護老人ホーム,堺市堺区南安井町３丁１番１号,堺市堺区,072-221-7002,社会福祉法人悠人会,2770106199,510,×,
170,特別養護老人ホーム ハートピア堺,特別養護老人ホーム,堺市堺区海山町３－１５０－１,堺市堺区,072-222-8080,社会福祉法人堺福祉会,2770101109,510,×,
171,特別養護老人ホーム大仙もずの音,特別養護老人ホーム,堺市堺区大仙町1-2,堺市堺区,072（238）0088,社会福祉法人みささぎ会,,510,×,
172,特別養護老人ホーム グレース堺,特別養護老人ホーム,堺市堺区京町通1-21,堺市堺区,072-232-0007,社会福祉法人宏和会,2770102826,510,×,
173,松屋茶論,特別養護老人ホーム,堺市堺区松屋大和川通1丁13番1松屋茶論,堺市堺区,072-227-8220,社会福祉法人三篠会,,510,×,
174,特別養護老人ホームかーさ・びあんか,特別養護老人ホーム,堺市堺区今池町４丁４番８号,堺市堺区,072-229-6266,社会福祉法人浅香山記念会,2770102677,510,×,
175,特別養護老人ホームアル・ソーレ,特別養護老人ホーム,堺市堺区甲斐町西２丁１－１５,堺市堺区,072-222-2262,社会福祉法人南の風,2770104814,510,×,
176,特別養護老人ホーム愛らいふ,特別養護老人ホーム,堺市堺区協和町３丁１２８－１１,堺市堺区,072-245-3711,社会福祉法人堺中央共生会,2770101547,510,×,
177,かーさ・びあんか 三国ヶ丘,特別養護老人ホーム,堺市堺区北三国ヶ丘町2丁4番1号,堺市堺区,072-229-6266,社会福祉法人浅香山記念会,2770102677,540,○,
178,特別養護老人ホーム ベルファミリア,特別養護老人ホーム,堺市中区東山841番地1,堺市中区,072-234-2005,社会福祉法人悠人会,2770101794,510,×,
179,特別養護老人ホーム嘉齢荘,特別養護老人ホーム,堺市中区伏尾１９６番地,堺市中区,072-278-0205,社会福祉法人福生会,2770101901,510,×,
180,特別養護老人ホーム あいする久世,特別養護老人ホーム,堺市中区平井６７５番地1,堺市中区,072-268-5111,社会福祉法人宝生会,,510,×,
181,特別養護老人ホームふれ愛の家,特別養護老人ホーム,堺市中区土塔町2028番地,堺市中区,072-237-1979,社会福祉法人東光学園,2770101240,510,×,
182,特別養護老人ホームやすらぎの園,特別養護老人ホーム,堺市中区深井畑山町2528番地の1,堺市中区,072-270-7000,社会福祉法人稲穂会,2770102644,510,×,
183,特別養護老人ホームゆーとりあ,特別養護老人ホーム,堺市中区見野山164番地,堺市中区,072-236-8779,社会福祉法人五常会,,510,×,
184,特別養護老人ホーム クレーネ堺,特別養護老人ホーム,堺市中区福田339-2,堺市中区,072-230-5288,社会福祉法人エージングライフ福祉会,2770104236,510,×,
185,特別養護老人ホーム マーヤの里 鈴の宮,特別養護老人ホーム,堺市中区毛穴町294-1,堺市中区,072-349-8166,社会福祉法人マーヤ,,510,×,
186,特別養護老人ホーム遊陶里,特別養護老人ホーム,堺市中区福田541-1,堺市中区,072-230-5000,社会福祉法人幸雪会,,540,○,
187,特別養護老人ホーム マーヤの里 鈴の宮,特別養護老人ホーム,堺市中区毛穴町294-1,堺市中区,072-349-8166,社会福祉法人マーヤ,,540,○,
188,特別養護老人ホーム つるぎ荘,特別養護老人ホーム,堺市東区日置荘田中町143-1,堺市東区,072-286-2828,社会福祉法人そうび会,2770101703,510,×,
189,特別養護老人ホームくみのき苑しらさぎ,特別養護老人ホーム,堺市東区白鷺町3丁18番17号,堺市東区,072-287-7222,社会福祉法人ラポール会,,510,×,
190,特別養護老人ホーム くみのき苑ゆらら,特別養護老人ホーム,堺市東区南野田454‐2,堺市東区,０７２－２８９－１１００,社会福祉法人ラポール会,,510,×,
191,特別養護老人ホーム ソルメゾン,特別養護老人ホーム,堺市東区菩提町２丁６２番地の１,堺市東区,072-288-2008,社会福祉法人頌徳福祉会,2770108427,510,×,
192,特別養護老人ホーム ハーモニー,特別養護老人ホーム,堺市東区南野田33番地,堺市東区,072-239-0011,社会福祉法人野田福祉会,2770101653,510,×,
193,特別養護老人ホーム・おおみの,特別養護老人ホーム,堺市東区西野42番地,堺市東区,072-230-0700,社会福祉法人いずみ会,2770102800,510,×,
194,特別養護老人ホーム・おおみの,特別養護老人ホーム,堺市東区西野42番地,堺市東区,072-230-0700,社会福祉法人いずみ会,2770102800,540,○,
195,特別養護老人ホーム マーヤの里 上野芝,特別養護老人ホーム,堺市西区上野芝町5-9-20,堺市西区,072-275-5188,社会福祉法人マーヤ,,510,×,
196,特別養護老人ホーム アリオン,特別養護老人ホーム,堺市西区浜寺石津町西1-2-7,堺市西区,072-245-9640,社会福祉法人風の馬,,510,×,
197,特別養護老人ホーム ベルアルプ,特別養護老人ホーム,堺市西区菱木1丁2343番16,堺市西区,072-349-6710,社会福祉法人 悠人会,,510,×,
198,特別養護老人ホーム ハートピア泉北,特別養護老人ホーム,堺市西区太平寺331-1,堺市西区,072-297-9598,社会福祉法人堺福祉会,2770101893,510,×,
199,特別養護老人ホーム 朗友館,特別養護老人ホーム,堺市西区鳳東町6丁659番地１,堺市西区,072-275-1555,社会福祉法人おおとり福祉会,2770101745,510,×,
200,特別養護老人ホームパルハウスくさべ,特別養護老人ホーム,堺市西区草部1417,堺市西区,072-275-0111,社会福祉法人和風会,,510,×,
201,特別養護老人ホーム 朗友サロン,特別養護老人ホーム,堺市西区草部743番地,堺市西区,072-271-7611,社会福祉法人おおとり福祉会,2770103147,510,×,
202,ウェルフォンテひのき,特別養護老人ホーム,堺市西区草部５３１番地,堺市西区,072-271-0048,社会福祉法人あすなろ会,,540,○,
203,地域密着型介護老人福祉施設ハートピア泉北,特別養護老人ホーム,堺市西区太平寺331-1,堺市西区,072-297-9598,社会福祉法人堺福祉会,2770101893,540,○,
204,特別養護老人ホーム 朗友サロン,特別養護老人ホーム,堺市西区草部743番地,堺市西区,072-271-7611,社会福祉法人おおとり福祉会,2770103147,540,○,
205,特別養護老人ホーム 美樹の園,特別養護老人ホーム,堺市南区美木多上１２７７番地１,堺市南区,072-296-1222,社会福祉法人美木多園,2770102198,510,×,
206,特別養護老人ホーム 年輪,特別養護老人ホーム,堺市南区御池台５－２－２,堺市南区,072-293-4800,社会福祉法人朋和会,2770102313,510,×,
207,特別養護老人ホーム故郷の家,特別養護老人ホーム,堺市南区檜尾３３６０－１２,堺市南区,072-271-0881,社会福祉法人こころの家族,2770101299,510,×,
208,特別養護老人ホーム槇塚荘,特別養護老人ホーム,堺市南区逆瀬川１０３８－２,堺市南区,072-291-0920,社会福祉法人上神谷福祉会,2770101166,510,×,
209,特別養護老人ホーム 泉北園百寿荘,特別養護老人ホーム,堺市南区茶山台３－２３－２,堺市南区,072-296-3535,社会福祉法人よしみ会,2770102453,510,×,
210,グランドオーク百寿,特別養護老人ホーム,堺市南区茶山台３丁２２番１１,堺市南区,072-291-0222,社会福祉法人よしみ会,,540,○,
211,特別養護老人ホーム アステリスク,特別養護老人ホーム,堺市南区檜尾147-1アステリスク,堺市南区,072-292-0080,社会福祉法人 啓真会,,540,○,
212,ハピネス金岡,特別養護老人ホーム,堺市北区金岡町2725番,堺市北区,072-251-0222,社会福祉法人大阪福祉会,2770102669,510,×,
213,特別養護老人ホーム 梢，よろこび園,特別養護老人ホーム,堺市北区中村町３６７番地３,堺市北区,072-246-3987,社会福祉法人歓喜会,,510,×,
214,特別養護老人ホーム 朱雀,特別養護老人ホーム,堺市北区中長尾町1-2-12,堺市北区,072-250-1115,社会福祉法人南の風,,510,×,
215,特別養護老人ホーム グリーンハウス,特別養護老人ホーム,堺市北区百舌鳥本町三丁430番地2,堺市北区,072-255-1658,社会福祉法人桜会,2770107619,510,×,
216,特別養護老人ホーム あけぼの苑,特別養護老人ホーム,堺市北区野遠町３４４－１,堺市北区,072-257-2277,社会福祉法人堺暁福祉会,2770102529,510,×,
217,特別養護老人ホーム 陵東館,特別養護老人ホーム,堺市北区長曽根町１２１０番地の１,堺市北区,072-252-6000,社会福祉法人関西福祉会,2770102628,510,×,
218,特別養護老人ホーム寿里苑やすらぎの郷,特別養護老人ホーム,堺市北区常磐町3丁13番5号,堺市北区,072-258-6130,社会福祉法人博光福祉会,,540,○,
219,地域密着型特別養護老人ホーム ブレス南花田,特別養護老人ホーム,堺市北区南花田町531番地,堺市北区,072-256-2802,社会福祉法人宝生会,,540,○,
220,特別養護老人ホーム美原荘,特別養護老人ホーム,堺市美原区平尾595番1号,堺市美原区,072-362-3491,社会福祉法人大阪府社会福祉事業団,2770107304,510,×,
221,特別養護老人ホーム 平尾荘,特別養護老人ホーム,堺市美原区平尾1938-1,堺市美原区,072-363-1555,社会福祉法人天寿会,2770107205,510,×,
222,特別養護老人ホーム美原荘「すごうの郷」,特別養護老人ホーム,堺市美原区菅生1番地1,堺市美原区,072-361-7877,社会福祉法人大阪府社会福祉事業団,,540,○,
223,特別養護老人ホーム 萬寿園,特別養護老人ホーム,岸和田市尾生町808番地,岸和田市,072-445-0749,社会福祉法人寺田萬寿会,2771100126,510,×,
224,特別養護老人ホーム いなば荘,特別養護老人ホーム,岸和田市稲葉町1066番地,岸和田市,072-479-2900,社会福祉法人嘉舟会,2771100696,510,×,
225,岸和田特別養護老人ホーム,特別養護老人ホーム,岸和田市藤井町２丁目１３番１３号,岸和田市,072-436-5100,社会福祉法人和秀会,2771100308,510,×,
226,特別養護老人ホーム 神於山園,特別養護老人ホーム,岸和田市尾生町３１９２番２,岸和田市,072-427-1165,社会福祉法人慈生会,2771100290,510,×,
227,特別養護老人ホーム 千亀利荘,特別養護老人ホーム,岸和田市積川町３５８番地,岸和田市,072-479-1885,社会福祉法人正豊会,2771100217,510,×,
228,第二岸和田特別養護老人ホーム,特別養護老人ホーム,岸和田市藤井町2-13-19,岸和田市,072-433-4800,社会福祉法人和秀会,2771106313,510,×,
229,特別養護老人ホームCiao神於山園,特別養護老人ホーム,岸和田市尾生町3192番1,岸和田市,072-427-1165,社会福祉法人慈生会,2771107022,510,×,
230,岸和田北特別養護老人ホーム,特別養護老人ホーム,岸和田市磯上町3-3-13岸和田北特別養護老人ホーム,岸和田市,072-430-3555,社会福祉法人和秀会,,540,○,
231,社会福祉法人和成会・ひまわりの郷,特別養護老人ホーム,岸和田市小松里町938番2,岸和田市,072-444-3334,社会福祉法人和成会,,540,○,
232,特別養護老人ホーム岸和田天神山荘,特別養護老人ホーム,岸和田市流木町３３７番地の７,岸和田市,072-427-7000,社会福祉法人レーベンダンク,,540,○,
233,特別養護老人ホーム清豊苑,特別養護老人ホーム,豊中市走井2-8-5,豊中市,06-6845-2525,社会福祉法人ウエル清光会,,510,×,
234,特別養護老人ホーム 豊泉家 北緑丘,特別養護老人ホーム,豊中市北緑丘2丁目9番5号,豊中市,06-6152-1233,社会福祉法人福祥福祉会,,510,×,
235,特別養護老人ホーム 豊中グリーンヒル,特別養護老人ホーム,豊中市緑丘３－３３０－２,豊中市,06-6845-6667,社会福祉法人 昌壽会,,510,×,
236,特別養護老人ホーム 豊中千寿園,特別養護老人ホーム,豊中市東豊中町六丁目１０番４７号,豊中市,06-6857-0886,社会福祉法人諭心会,,510,×,
237,特別養護老人ホーム ふるる,特別養護老人ホーム,豊中市小曽根4丁目5-1,豊中市,06-6336-8850,社会福祉法人 幸和会,,510,×,
238,特別養護老人ホーム ロココ豊中,特別養護老人ホーム,豊中市宝山町7番8号,豊中市,06-6858-1060,社会福祉法人甲有会,,510,×,
239,特別養護老人ホーム 豊中あいわ苑,特別養護老人ホーム,豊中市寺内1丁目1番10号,豊中市,06-6866-2941,社会福祉法人愛和会,,510,×,
240,特別養護老人ホームほづみ,特別養護老人ホーム,豊中市穂積一丁目9番1号,豊中市,06-6866-1125,社会福祉法人 昌壽会,,510,×,
241,特別養護老人ホームユーフォリア豊中,特別養護老人ホーム,豊中市勝部1-12-21ユーフォリア豊中,豊中市,06-6844-3550,社会福祉法人柳生会,,510,×,
242,特別養護老人ホーム アリス千里,特別養護老人ホーム,豊中市新千里北町1-18-2,豊中市,06-6155-0050,社会福祉法人豊中ファミリー,,510,×,
243,特別養護老人ホームきらぼし,特別養護老人ホーム,豊中市上新田２丁目１７番１号,豊中市,06-6835-6677,社会福祉法人瑞兆会,,510,×,
244,特別養護老人ホーム淳風とよなか,特別養護老人ホーム,豊中市二葉町2-4-5,豊中市,06-6335-0785,社会福祉法人淳風会,,510,×,
245,特別養護老人ホーム豊寿荘,特別養護老人ホーム,豊中市新千里西町二丁目7番2号,豊中市,06-6831-7225,社会福祉法人 大阪府社会福祉事業団,,510,×,
246,特別養護老人ホーム美豊苑,特別養護老人ホーム,豊中市箕輪2-13-12,豊中市,06-6840-7077,社会福祉法人ウエル清光会,,510,×,
247,地域密着型特別養護老人ホーム 刀根山美豊苑,特別養護老人ホーム,豊中市刀根山６丁目７－１２番,豊中市,０６－６２１０－６５２５,社会福祉法人 ウエル清光会,,540,○,
248,特別養護老人ホーム利倉清豊苑,特別養護老人ホーム,豊中市利倉3-4-19,豊中市,06-6210-6585,社会福祉法人 ウエル清光会,,540,○,
249,特別養護老人ホーム清浄苑,特別養護老人ホーム,豊中市豊南町東2-10-1,豊中市,06-6335-0291,社会福祉法人慶生会,,540,○,
250,特別養護老人ホーム清揚苑,特別養護老人ホーム,豊中市庄内宝町1-4-5,豊中市,06-4866-5951,社会福祉法人慶生会,,540,○,
251,地域密着型特別養護老人ホームふるる,特別養護老人ホーム,豊中市浜3-8-4ふるる2号館,豊中市,06-6336-8865,社会福祉法人幸和会,,540,○,
252,特別養護老人ホーム宙（すばる）豊中,特別養護老人ホーム,豊中市永楽荘４丁目１番３号,豊中市,06-6846-2111,社会福祉法人香聖会,,540,○,
253,特別養護老人ホーム永寿園とよなか,特別養護老人ホーム,豊中市新千里南町三丁目2番地122,豊中市,06-6840-2211,社会福祉法人大阪府社会福祉事業団,,540,○,
254,地域密着型特別養護老人ホーム 淳風とよなか,特別養護老人ホーム,豊中市二葉町2丁目4番5号,豊中市,06-6335-0785,社会福祉法人淳風会,,540,○,
255,特別養護老人ホーム アイテラス利倉,特別養護老人ホーム,豊中市利倉西1-1-11,豊中市,06-6865-1777,社会福祉法人優愛福祉会,,540,○,
256,特別養護老人ホームみずほおおぞら,特別養護老人ホーム,豊中市走井三丁目5番35号,豊中市,06-6848-3644,社会福祉法人大阪府社会福祉事業団,,540,○,
257,特別養護老人ホーム 古江台ホール,特別養護老人ホーム,池田市古江町18番地の2,池田市,072-754-6541,社会福祉法人のぞみ,2772500258,510,×,
258,特別養護老人ホームポプラ,特別養護老人ホーム,池田市東山町555-1,池田市,072-754-0705,社会福祉法人池田さつき会,2772501017,510,×,
259,特別養護老人ホーム ハートフルふしお,特別養護老人ホーム,池田市伏尾町１２番地1,池田市,072-754-2901,社会福祉法人大協会,2772500209,510,×,
260,ほほえみの園,特別養護老人ホーム,池田市建石町８番１０号,池田市,072-751-9494,社会福祉法人起生会,2772500357,510,×,
261,特別養護老人ホームオレンジ池田,特別養護老人ホーム,池田市井口堂２丁目４番６号特別養護老人ホームオレンジ池田,池田市,072-760-0003,社会福祉法人惠愛会,2772502023,510,×,
262,特別養護老人ホーム ハートフルこうだ,特別養護老人ホーム,池田市神田2-6-7,池田市,072-750-0810,社会福祉法人大協会,,540,○,
263,ハートフルふしお紅葉館,特別養護老人ホーム,池田市伏尾町１２番地の１,池田市,072-754-2901,社会福祉法人大協会,2772500209,540,○,
264,特別養護老人ホームみなと弘済園,特別養護老人ホーム,吹田市古江台6-2-1,吹田市,06-6871-8018,社会福祉法人みなと寮,2771607682,510,×,
265,特別養護老人ホーム あす～る吹田,特別養護老人ホーム,吹田市岸部中２丁目７番１２号,吹田市,06-6385-7070,社会福祉法人秀明会,2771603095,510,×,
266,特別養護老人ホーム メルヴェイユ吹田,特別養護老人ホーム,吹田市岸部南1-4-24,吹田市,06-6318-4165,社会福祉法人恩徳福祉会,2771602816,510,×,
267,特別養護老人ホームみらい,特別養護老人ホーム,吹田市山田北５番１３号特別養護老人ホームみらい,吹田市,06-6878-2233,社会福祉法人みらい福祉会,2771603426,510,×,
268,介護老人福祉施設 ちくりんの里,特別養護老人ホーム,吹田市春日 ２丁目２５番地１０号,吹田市,06-6386-7881,社会福祉法人春風会,2771602527,510,×,
269,特別養護老人ホーム吹田千寿園,特別養護老人ホーム,吹田市南吹田4-13-36,吹田市,06-6310-9070,社会福祉法人諭心会,2771606312,510,×,
270,特別養護老人ホームいのこの里,特別養護老人ホーム,吹田市山田西1-26-27,吹田市,06-6877-7020,社会福祉法人こばと会,2771601115,510,×,
271,特別養護老人ホームハピネスさんあい,特別養護老人ホーム,吹田市幸町22-5,吹田市,06-4860-8220,社会福祉法人燦愛会,2771600992,510,×,
272,吹田特別養護老人ホーム松風園,特別養護老人ホーム,吹田市川園町１番１号,吹田市,06-6382-7201,社会福祉法人恩賜財団済生会支部大阪府済生,2771600232,510,×,
273,社会福祉法人恩賜財団済生会支部大阪府済生会吹田特別養護老人ホーム高寿園,特別養護老人ホーム,吹田市山手町１－１－１,吹田市,06-6389-2751,社会福祉法人恩賜財団済生会支部大阪府済生,2771600240,510,×,
274,特別養護老人ホーム エバーグリーン,特別養護老人ホーム,吹田市江坂町４－２０－１,吹田市,06-6368-6001,社会福祉法人松柏会,2771600380,510,×,
275,大阪市立弘済院第２特別養護老人ホーム,特別養護老人ホーム,吹田市古江台６－２－１,吹田市,06-6871-8020,大阪市,2771600588,510,×,
276,特別養護老人ホーム 緑風会イサベル,特別養護老人ホーム,吹田市岸部北５丁目４３番１０号,吹田市,06-6816-7881,社会福祉法人緑風会,2771602931,510,×,
277,介護老人福祉施設吹田竜ヶ池ホーム,特別養護老人ホーム,吹田市原町３丁目２１番２５号,吹田市,06-6310-7353,社会福祉法人成光苑,2771603418,510,×,
278,特別養護老人ホーム 青藍荘,特別養護老人ホーム,吹田市佐竹台２丁目３番１号,吹田市,06-6871-2671,社会福祉法人藍野福祉会,2771600356,510,×,
279,特別養護老人ホーム 寿楽荘,特別養護老人ホーム,吹田市岸部北４丁目９番３号,吹田市,06-6337-8400,社会福祉法人寿楽福祉会,2771600554,510,×,
280,地域密着型特別養護老人ホーム アリス佐竹台,特別養護老人ホーム,吹田市佐竹台5-3-20,吹田市,06-6318-5761,社会福祉法人豊中ファミリー,,540,○,
281,特別養護老人ホーム 陽翠苑,特別養護老人ホーム,吹田市南吹田1－1－22,吹田市,06-6318-1630,社会福祉法人 慶生会,,540,○,
282,特別養護老人ホーム ハピネスさんあいNext,特別養護老人ホーム,吹田市幸町25番1号,吹田市,06-4860-8220,社会福祉法人燦愛会,2771600992,540,○,
283,地域密着型特別養護老人ホーム 憩～北千里～,特別養護老人ホーム,吹田市古江台3丁目9番2号,吹田市,06-6378-3151,社会福祉法人 西谷会,,540,○,
284,地域密着型特別養護老人ホーム憩～江坂～,特別養護老人ホーム,吹田市江坂町2-14-22,吹田市,06-6385-1511,社会福祉法人 西谷会,,540,○,
285,地域密着型特別養護老人ホーム 縁,特別養護老人ホーム,吹田市千里山竹園1-50-18離宮千里山,吹田市,06-6384-1818,社会福祉法人六心会,,540,○,
286,特別養護老人ホーム スローライフ千里,特別養護老人ホーム,吹田市千里万博公園6-8,吹田市,06-6816-1100,社会福祉法人和貴会,,540,○,
287,地域密着型特別養護老人ホーム メヌホット千里丘,特別養護老人ホーム,吹田市千里丘北1番3-2号メヌホット千里丘,吹田市,06-6816-1235,社会福祉法人恵泉福祉会,,540,○,
288,地域密着型特別養護老人ホーム はるる,特別養護老人ホーム,吹田市藤白台１丁目１番１号,吹田市,06-6836-0133,社会福祉法人 愛燦燦,,540,○,
289,特別養護老人ホーム寿楽荘春日,特別養護老人ホーム,吹田市春日３丁目１７－１,吹田市,06-6192-1551,社会福祉法人寿楽福祉会,,510,×,
290,特別養護老人ホームローズガーデン条南苑,特別養護老人ホーム,泉大津市東豊中町2丁目4番26号,泉大津市,0725-40-5800,社会福祉法人豊中福祉会,2770600597,510,×,
291,特別養護老人ホーム オズ,特別養護老人ホーム,泉大津市菅原町１０－３３,泉大津市,0725-33-6001,社会福祉法人サポートハウス,2770600076,510,×,
292,特別養護老人ホーム 覚寿園,特別養護老人ホーム,泉大津市曽根町2丁目2番38号,泉大津市,0725-33-1000,社会福祉法人覚寿園,2770600100,510,×,
293,特別養護老人ホーム百楽園,特別養護老人ホーム,泉大津市板原町一丁目９番１８号,泉大津市,0725-21-1250,社会福祉法人百楽福祉会,2770600084,510,×,
294,特別養護老人ホーム 美休,特別養護老人ホーム,泉大津市河原町11番6号特別養護老人ホーム 美休,泉大津市,0725-22-3622,社会福祉法人まほろば,2770601843,510,×,
295,特別養護老人ホームオズだいすき倶楽部,特別養護老人ホーム,泉大津市池浦町三丁目10番16号,泉大津市,0725-32-8330,社会福祉法人サポートハウス,,540,○,
296,高槻黄金の里特別養護老人ホーム,特別養護老人ホーム,高槻市黄金の里1丁目14番8号,高槻市,072-687-3681,社会福祉法人松輪会,2770900633,510,×,
297,特別養護老人ホーム 和朗園,特別養護老人ホーム,高槻市井尻二丁目37-8,高槻市,072-660-3600,社会福祉法人恭生会,2770901326,510,×,
298,特別養護老人ホームぐんげ今城の丘,特別養護老人ホーム,高槻市郡家本町１３番２３号,高槻市,072-681-1500,社会福祉法人春樹会,2770903868,510,×,
299,介護老人福祉施設 高槻けやきの郷,特別養護老人ホーム,高槻市番田１丁目６０番１号,高槻市,072-662-5888,社会福祉法人成光苑,2770901813,510,×,
300,特別養護老人ホーム高槻荘,特別養護老人ホーム,高槻市郡家新町４８番７号,高槻市,072-682-6652,社会福祉法人大阪府社会福祉事業団,2770901227,510,×,
301,特別養護老人ホーム 樫田の里,特別養護老人ホーム,高槻市大字田能小字畑子谷１５番地１,高槻市,072-680-0001,社会福祉法人緑風会,2770902266,510,×,
302,特別養護老人ホームリヴェスタ ひろの,特別養護老人ホーム,高槻市唐崎南３丁目３０番５号,高槻市,072-679-2200,社会福祉法人博乃会,2770903256,510,×,
303,特別養護老人ホームエイペックスひろの,特別養護老人ホーム,高槻市前島1丁目36番1号,高槻市,072-669-5701,社会福祉法人博乃会,2770900831,510,×,
304,特別養護老人ホーム出丸苑,特別養護老人ホーム,高槻市出丸町４番６２号,高槻市,072-676-2830,社会福祉法人高城会,2770902597,510,×,
305,特別養護老人ホームひばり苑,特別養護老人ホーム,高槻市三箇牧二丁目20番3号,高槻市,072-679-1105,社会福祉法人多邦会,2770901953,510,×,
306,特別養護老人ホーム 高槻ともしび苑,特別養護老人ホーム,高槻市安岡寺町6丁目6番1号,高槻市,072-689-2772,社会福祉法人ともしび福祉会,2770900393,510,×,
307,特別養護老人ホーム れんげ荘,特別養護老人ホーム,高槻市三島江４丁目３８番７号,高槻市,072-677-5888,社会福祉法人高志会,2770900849,510,×,
308,グリーン特別養護老人ホーム,特別養護老人ホーム,高槻市奈佐原4-7-15,高槻市,072-690-3331,社会福祉法人みどりヶ丘会,2770901359,510,×,
309,特別養護老人ホームミス・ブール記念ホーム,特別養護老人ホーム,高槻市松ヶ丘１－２１－９,高槻市,072-688-5138,社会福祉法人聖ヨハネ学園,2770900674,510,×,
310,地域密着型特別養護老人ホームひなた,特別養護老人ホーム,高槻市郡家新町74-1,高槻市,072-681-5566,社会福祉法人ほのぼの荘,,540,○,
311,れんげ荘プラネットホーム,特別養護老人ホーム,高槻市三島江4丁目14番26号,高槻市,072-678-5635,社会福祉法人高志会,,540,○,
312,小規模特養ホーム西之川原の郷,特別養護老人ホーム,高槻市西之川原1丁目17番1号,高槻市,726981020,社会福祉法人春樹会,,540,○,
313,小規模特養ホームぐんげ今城の丘,特別養護老人ホーム,高槻市郡家本町8番1号,高槻市,072-681-1666,社会福祉法人春樹会,,540,○,
314,小規模特養ホームぐんげ今城の杜,特別養護老人ホーム,高槻市郡家本町8番5号,高槻市,072-686-0350,社会福祉法人春樹会,,540,○,
315,小規模特養ホーム はむろの庄,特別養護老人ホーム,高槻市土室町32番1号,高槻市,072-697-5222,社会福祉法人春樹会,,540,○,
316,特別養護老人ホーム 上牧の郷,特別養護老人ホーム,高槻市東上牧２丁目３７番８号,高槻市,072-669-3338,社会福祉法人 真昌会,,540,○,
317,ミス・ブール記念ホーム小規模特養,特別養護老人ホーム,高槻市松が丘１－２１－８,高槻市,072-688-5138,社会福祉法人聖ヨハネ学園,2770900674,540,○,
318,複合型介護施設大冠カーム,特別養護老人ホーム,高槻市須賀町65番10号,高槻市,072-671-0055,社会福祉法人大潤会,,540,○,
319,地域密着型特別養護老人ホームゆにわ,特別養護老人ホーム,高槻市津之江北町1番15号,高槻市,072-676-2120,社会福祉法人博乃会,,540,○,
320,地域密着型特養ひなた柱本,特別養護老人ホーム,高槻市柱本6丁目32-1,高槻市,072-669-8505,社会福祉法人ほのぼの荘,,540,○,
321,特別養護老人ホーム 水間ヶ丘,特別養護老人ホーム,貝塚市水間１３７番１,貝塚市,072-446-5530,社会福祉法人建仁会,2771300122,510,×,
322,特別養護老人ホーム貝塚誠心園,特別養護老人ホーム,貝塚市森1103-2,貝塚市,072-446-8022,社会福祉法人貝塚誠心園,2771300114,510,×,
323,地域密着型特別養護老人ホーム水間ヶ丘,特別養護老人ホーム,貝塚市加神一丁目２４番３６号,貝塚市,072-430-2777,社会福祉法人 建仁会,,540,○,
324,特別養護老人ホームきしまの里,特別養護老人ホーム,貝塚市三ツ松８６９－１,貝塚市,072-446-8200,社会福祉法人貝塚誠心園,,540,○,
325,特別養護老人ホーム鶴見緑地苑,特別養護老人ホーム,守口市菊水通3丁目16番2号,守口市,06-6995-5005,社会福祉法人 清水福祉会,,510,×,
326,特別養護老人ホームすずしろ園,特別養護老人ホーム,守口市南寺方東通１－１３－１６,守口市,06-6992-7722,社会福祉法人柏清会,,510,×,
327,特別養護老人ホーム梅香苑,特別養護老人ホーム,守口市佐太中町６丁目４１番１９号,守口市,06-6900-5054,社会福祉法人佐太善友会,,510,×,
328,特別養護老人ホーム なずな園,特別養護老人ホーム,守口市八雲北町2丁目26番1号,守口市,06-6997-7270,社会福祉法人柏清会,,510,×,
329,特別養護老人ホーム フローラル,特別養護老人ホーム,守口市大日町1-11-11,守口市,06-6907-1371,社会福祉法人優喜会,,510,×,
330,特別養護老人ホーム守口荘,特別養護老人ホーム,守口市八雲中町三丁目13番17号,守口市,06-6906-0554,社会福祉法人しらゆり園,,510,×,
331,特別養護老人ホームたかせ若葉苑,特別養護老人ホーム,守口市高瀬町５－８－１６,守口市,06-6994-7560,社会福祉法人瑞穂会,,510,×,
332,地域密着型特別養護老人ホームすずな園,特別養護老人ホーム,守口市大宮通1-13-14,守口市,06-6995-0038,社会福祉法人柏清会,,540,○,
333,守口金田地域密着型特別養護老人ホームラガール,特別養護老人ホーム,守口市金田町4丁目5番16号守口金田ケアセンターラガール,守口市,06-6905-7070,社会福祉法人弘道福祉会,,540,○,
334,ひらかた聖徳園,特別養護老人ホーム,枚方市香里ヶ丘3丁目15-1,枚方市,072-854-5826,社会福祉法人聖徳園,2772400889,510,×,
335,特別養護老人ホーム美郷,特別養護老人ホーム,枚方市西招提町1253番地,枚方市,072-866-7007,社会福祉法人美郷会,2772402166,510,×,
336,特別養護老人ホーム 津田荘,特別養護老人ホーム,枚方市津田東町２丁目１番１号,枚方市,072-858-1755,社会福祉法人枚方療育園,2772400319,510,×,
337,アイリス,特別養護老人ホーム,枚方市春日東町2丁目12番10号,枚方市,072-858-1300,社会福祉法人秀美福祉会,2772400665,510,×,
338,特別養護老人ホーム御殿山カーム,特別養護老人ホーム,枚方市渚西２丁目７番３０号,枚方市,072-890-0600,社会福祉法人大潤会,2772402653,510,×,
339,社会福祉法人希望会 特別養護老人ホームのぞみの杜,特別養護老人ホーム,枚方市東中振２丁目１７番１３号,枚方市,072-835-3337,社会福祉法人希望会,,510,×,
340,特別養護老人ホーム里仁館,特別養護老人ホーム,枚方市田口山2丁目5番1号,枚方市,072-856-6565,社会福祉法人徳風会,2772400905,510,×,
341,特別養護老人ホームしらかばホール,特別養護老人ホーム,枚方市出屋敷西町２丁目１番１号,枚方市,072-849-1146,社会福祉法人みすず福祉会,2772402208,510,×,
342,特別養護老人ホーム サール・ナート,特別養護老人ホーム,枚方市高田２丁目４０－１,枚方市,072-860-1117,社会福祉法人バルツァ事業会,2772402844,510,×,
343,特別養護老人ホーム香里美来,特別養護老人ホーム,枚方市東香里1丁目18-12,枚方市,072-853-1881,社会福祉法人美郷会,2772410128,510,×,
344,特別養護老人ホーム 夢心,特別養護老人ホーム,枚方市長尾北町１丁目１７８５番２,枚方市,072-866-3939,社会福祉法人清松福祉会,2772403511,510,×,
345,特別養護老人ホーム うぐいすの里,特別養護老人ホーム,枚方市南中振3-8-20,枚方市,072-833-6000,社会福祉法人福友会,2772404246,510,×,
346,特別養護老人ホーム いこいの里,特別養護老人ホーム,枚方市交北二丁目10-1,枚方市,072-898-2197,社会福祉法人松樹会,2772403735,510,×,
347,介護老人福祉施設 安心苑,特別養護老人ホーム,枚方市招提北町2-25-1,枚方市,072-866-2217,社会福祉法人清松福祉会,,510,×,
348,ピープルハウス枚方,特別養護老人ホーム,枚方市尊延寺１丁目４番１号,枚方市,072-859-6800,社会福祉法人光生会大阪,2772400798,510,×,
349,枚方市立特別養護老人ホーム,特別養護老人ホーム,枚方市交北３丁目１－５２,枚方市,072-851-9200,社会福祉法人大阪府母子寡婦福祉連合会,2772400590,510,×,
350,いこいの里,特別養護老人ホーム,枚方市交北二丁目10番1号,枚方市,072-898-2197,社会福祉法人松樹会,2772409468,510,×,
351,特別養護老人ホーム 悠々の苑,特別養護老人ホーム,枚方市交北３－１－５０,枚方市,072-850-0038,社会福祉法人大阪府母子寡婦福祉連合会,2772400947,510,×,
352,小規模特別養護老人ホームのぞみ,特別養護老人ホーム,枚方市堂山1丁目39番1号,枚方市,072-807-3171,社会福祉法人希望会,,540,○,
353,地域密着型特養 いこいの里長尾,特別養護老人ホーム,枚方市長尾荒阪1-2804-14,枚方市,072-868-1893,社会福祉法人 松樹会,,540,○,
354,いこいの里藤阪,特別養護老人ホーム,枚方市藤阪南町２丁目３０－１,枚方市,072-868-2192,社会福祉法人松樹会,,540,○,
355,サテライトいこいの里,特別養護老人ホーム,枚方市中宮東之町8-15,枚方市,072-849-2210,社会福祉法人松樹会,,540,○,
356,地域密着型特別養護老人ホームなぎさカーム,特別養護老人ホーム,枚方市渚西一丁目24番１号,枚方市,072－890－0111,社会福祉法人大潤会,,540,○,
357,特別養護老人ホーム ひら中振長寿の里,特別養護老人ホーム,枚方市北中振四丁目１８番２０号ひら中振長寿の里,枚方市,072-832-2001,社会福祉法人毅正会,,540,○,
358,小規模特別養護老人ホームくずは美郷,特別養護老人ホーム,枚方市南楠葉1丁目65番25号,枚方市,072-864-5422,社会福祉法人美郷会,,540,○,
359,小規模特別養護老人ホームくずは西美郷,特別養護老人ホーム,枚方市西船橋2丁目58-3,枚方市,072-867-8075,社会福祉法人美郷会,,540,○,
360,特別養護老人ホームむらの美来,特別養護老人ホーム,枚方市村野本町24番69号,枚方市,072-800-4072,社会福祉法人美郷会,,540,○,
361,香里いちょう園,特別養護老人ホーム,枚方市東香里1丁目18番12号,枚方市,,社会福祉法人東香会,,510,×,
362,特別養護老人ホーム春日丘荘,特別養護老人ホーム,茨木市南春日丘7丁目11番22号,茨木市,072-625-6377,社会福祉法人 大阪府社会福祉事業団,,510,×,
363,茨木特別養護老人ホームラガール,特別養護老人ホーム,茨木市大字安威12番地,茨木市,072-648-1500,社会福祉法人弘道福祉会,,510,×,
364,特別養護老人ホーム 茨木荘,特別養護老人ホーム,茨木市丑寅2-1-5,茨木市,072-631-3388,社会福祉法人 天王福祉会,,510,×,
365,特別養護老人ホームコムシェいばらき,特別養護老人ホーム,茨木市玉島1丁目28番1号,茨木市,072-632-3355,社会福祉法人佳翔会,,510,×,
366,特別養護老人ホーム豊川の郷,特別養護老人ホーム,茨木市豊川４丁目３５番３１号,茨木市,072-643-0333,社会福祉法人十和会,,510,×,
367,特別養護老人ホーム 春風,特別養護老人ホーム,茨木市南安威2丁目10番5号,茨木市,072-640-2626,社会福祉法人信仁会,,510,×,
368,特別養護老人ホーム 庄栄エルダーセンター,特別養護老人ホーム,茨木市庄2丁目7番38号,茨木市,072-631-5151,社会福祉法人秀幸福祉会,,510,×,
369,特別養護老人ホーム 聖和荘,特別養護老人ホーム,茨木市畑田町11番25号,茨木市,072-626-0010,社会福祉法人茨木厚生会,,510,×,
370,特別養護老人ホーム 常清の里,特別養護老人ホーム,茨木市清水一丁目２８番２２号,茨木市,072-641-3151,社会福祉法人 慶徳会,,510,×,
371,特別養護老人ホーム春菊苑,特別養護老人ホーム,茨木市見付山1-10-25,茨木市,072-624-6500,社会福祉法人慶徳会,,510,×,
372,特別養護老人ホーム春日丘荘「彩の家」,特別養護老人ホーム,茨木市南春日丘7丁目11番48号,茨木市,072-625-6366,社会福祉法人大阪府社会福祉事業団,,540,○,
373,茨木太田地域密着型特別養護老人ホームラガール,特別養護老人ホーム,茨木市太田東芝町２-９,茨木市,072-627-1500,社会福祉法人弘道福祉会,,540,○,
374,地域密着型介護老人福祉施設みやけの里,特別養護老人ホーム,茨木市丑寅二丁目1番8号,茨木市,072-631-3890,社会福祉法人 天王福祉会,,540,○,
375,コティコート茨木東,特別養護老人ホーム,茨木市鮎川1-12-7,茨木市,072-632-0530,社会福祉法人育福会,,540,○,
376,地域密着型介護老人福祉施設ほくしん苑,特別養護老人ホーム,茨木市泉原37-6,茨木市,072-649-4000,社会福祉法人天王福祉会,,540,○,
377,地域密着型特別養護老人ホームコムシェいばらき佳のか,特別養護老人ホーム,茨木市新堂二丁目２番５号,茨木市,072-633-8800,社会福祉法人佳翔会,,540,○,
378,茨木地域密着型特別養護老人ホームやすらぎ,特別養護老人ホーム,茨木市上穂積1-2-27,茨木市,072-646-5520,社会福祉法人 恩賜財団 済生会,,540,○,
379,特別養護老人ホーム 吉兆苑,特別養護老人ホーム,八尾市幸町六丁目33番地2,八尾市,072-999-1500,社会福祉法人吉兆会,,510,×,
380,特別養護老人ホーム 萱振苑,特別養護老人ホーム,八尾市萱振町5丁目10番地,八尾市,072-999-2077,社会福祉法人つくし会,,510,×,
381,特別養護老人ホーム 信貴の里,特別養護老人ホーム,八尾市服部川5丁目7番地2,八尾市,072-941-9981,社会福祉法人高安福祉会,,510,×,
382,特別養護老人ホーム四天王寺大畑山苑,特別養護老人ホーム,八尾市大字恩智1092-2,八尾市,072-941-0252,社会福祉法人四天王寺福祉事業団,,510,×,
383,特別養護老人ホーム 高秀苑,特別養護老人ホーム,八尾市桂町５丁目１１－６特別養護老人ホーム 高秀苑,八尾市,072-922-5355,社会福祉法人 久義会,,510,×,
384,特別養護老人ホーム ピュア,特別養護老人ホーム,八尾市郡川2丁目33番地１,八尾市,072-941-5755,社会福祉法人 香久山会,,510,×,
385,特別養護老人ホーム寿光園,特別養護老人ホーム,八尾市楽音寺2-125,八尾市,072-941-2130,社会福祉法人 寿光会,,510,×,
386,特別養護老人ホーム ホーム太子堂,特別養護老人ホーム,八尾市太子堂４－１－３２,八尾市,072-996-0026,社会福祉法人竜華福祉会,,510,×,
387,特別養護老人ホーム成法苑,特別養護老人ホーム,八尾市南本町3-4-5,八尾市,072-994-8001,社会福祉法人八尾隣保館,,510,×,
388,特別養護老人ホーム長生園,特別養護老人ホーム,八尾市光南町１丁目４番８号,八尾市,072-991-5837,社会福祉法人 養珠会,,510,×,
389,特別養護老人ホーム久宝寺愛の郷,特別養護老人ホーム,八尾市久宝寺三丁目15-38,八尾市,072-924-5660,社会福祉法人大阪愛心会,,510,×,
390,特別養護老人ホーム 高安の郷,特別養護老人ホーム,八尾市服部川４丁目７７番地１,八尾市,072-941-0067,社会福祉法人明和会,,510,×,
391,特別養護老人ホームあすか八尾,特別養護老人ホーム,八尾市太子堂四丁目２番３３号,八尾市,072-925-7501,社会福祉法人朋寿会,,510,×,
392,特別養護老人ホーム 幸寿,特別養護老人ホーム,八尾市太田３丁目１９２番地２特別養護老人ホーム 幸寿,八尾市,072-949-0170,社会福祉法人幸寿会,,510,×,
393,特別養護老人ホーム しあわせの郷,特別養護老人ホーム,八尾市郡川三丁目80番地1,八尾市,072-941-1102,社会福祉法人幸福会,,510,×,
394,特別養護老人ホーム楽寿,特別養護老人ホーム,八尾市神宮寺1丁目154番地特別養護老人ホーム 楽寿,八尾市,072-943-3603,社会福祉法人寿光会,,540,○,
395,特別養護老人ホーム第二成法苑つむぎ,特別養護老人ホーム,八尾市南本町3丁目5番37号lifeつむぎ,八尾市,072-922-3001,社会福祉法人八尾隣保館,,540,○,
396,特別養護老人ホーム 第二長生園 永祥庵,特別養護老人ホーム,八尾市高美町１丁目３番５７号,八尾市,072-995-0115,社会福祉法人養珠会,,540,○,
397,ことほぎ,特別養護老人ホーム,八尾市太田３丁目１９８番地２,八尾市,072-949-0102,社会福祉法人幸寿会,,540,○,
398,地域密着型特別養護老人ホームしあわせの郷和卯,特別養護老人ホーム,八尾市郡川三丁目82番地,八尾市,072-941-0335,社会福祉法人幸福会,,540,○,
399,地域密着型特別養護老人ホームノーブル高砂,特別養護老人ホーム,八尾市幸町3-108-1地域密着型特別養護老人ホームノーブル高砂,八尾市,072-990-1210,社会福祉法人ノーブル会,,540,○,
400,特別養護老人ホーム はくとう春日,特別養護老人ホーム,八尾市春日町4-5-3,八尾市,072-998-8733,社会福祉法人 明寿会,,540,○,
401,地域密着型特別養護老人ホーム寿光園,特別養護老人ホーム,八尾市楽音寺2-125,八尾市,072-941-2130,社会福祉法人 寿光会,,540,○,
402,特別養護老人ホーム 犬鳴山荘,特別養護老人ホーム,泉佐野市土丸３８８番地,泉佐野市,072-468-0661,社会福祉法人 犬鳴山,,510,×,
403,特別養護老人ホーム 泉ヶ丘園,特別養護老人ホーム,泉佐野市土丸531,泉佐野市,072-467-2160,社会福祉法人泉ヶ丘福祉会,,510,×,
404,特別養護老人ホーム 泉ヶ丘園りんくう,特別養護老人ホーム,泉佐野市りんくう往来南５－１７,泉佐野市,072-458-2100,社会福祉法人泉ヶ丘福祉会,,510,×,
405,特別養護老人ホーム ホライズン,特別養護老人ホーム,泉佐野市鶴原1071－1,泉佐野市,072-460-0880,社会福祉法人 水平会,,510,×,
406,地域密着型介護老人福祉施設 エルダーケア,特別養護老人ホーム,泉佐野市中庄1305番地3,泉佐野市,072-458-7117,社会福祉法人和泉の国,,540,○,
407,特別養護老人ホーム 錦織荘,特別養護老人ホーム,富田林市錦織東三丁目４番１８号,富田林市,0721-26-1187,社会福祉法人富美和会,,510,×,
408,特別養護老人ホーム 喜志菊水苑,特別養護老人ホーム,富田林市喜志町３丁目１番３３号,富田林市,0721-26-0056,社会福祉法人 成和会,,510,×,
409,富田林特別養護老人ホーム富美ヶ丘荘,特別養護老人ホーム,富田林市向陽台一丁目3番22号,富田林市,0721-29-1161,社会福祉法人恩賜財団済生会,,510,×,
410,かんなびのさと,特別養護老人ホーム,富田林市大字甘南備216番地,富田林市,0721-34-2206,社会福祉法人大阪府障害者福祉事業団,,510,×,
411,特別養護老人ホーム オレンジ荘,特別養護老人ホーム,富田林市大字龍泉８７７－７８,富田林市,0721-33-0911,社会福祉法人オレンジの会,,510,×,
412,地域密着型介護老人福祉施設 さえずり,特別養護老人ホーム,富田林市五軒家1-25-10,富田林市,072-365-5200,社会福祉法人 天寿会,,540,○,
413,特別養護老人ホーム 寿里苑夢の杜,特別養護老人ホーム,富田林市高辺台2-8-12,富田林市,0721-40-0666,社会福祉法人 博光福祉会,,540,○,
414,特別養護老人ホーム 寝屋川石津園,特別養護老人ホーム,寝屋川市石津中町35番8号,寝屋川市,072-839-8080,社会福祉法人たちばな会,2770300727,510,×,
415,特別養護老人ホーム いちょう園,特別養護老人ホーム,寝屋川市打上南町１４番１号,寝屋川市,072-820-2200,社会福祉法人東香会,2770300636,510,×,
416,特別養護老人ホーム寝屋川苑,特別養護老人ホーム,寝屋川市宇谷町１番３６号,寝屋川市,072-824-0345,社会福祉法人東和福祉会,2770300701,510,×,
417,特別養護老人ホームさくら園,特別養護老人ホーム,寝屋川市打上南町14番1-2号,寝屋川市,072-820-2234,社会福祉法人東香会,2770305601,510,×,
418,特別養護老人ホーム和の里,特別養護老人ホーム,寝屋川市高柳一丁目１番１５号,寝屋川市,072-828-0888,社会福祉法人いわき会,2770302657,510,×,
419,特別養護老人ホーム東神田の里,特別養護老人ホーム,寝屋川市東神田町19番1号,寝屋川市,072-839-8000,社会福祉法人いわき会,2770304562,510,×,
420,特別養護老人ホーム幸楽の里ねや川,特別養護老人ホーム,寝屋川市葛原二丁目4番31号特別養護老人ホーム幸楽の里ねや川,寝屋川市,072-826-4165,社会福祉法人敬英福祉会,2770304638,510,×,
421,特別養護老人ホーム合掌荘,特別養護老人ホーム,寝屋川市成田東が丘28番7号,寝屋川市,072-833-0008,社会福祉法人百丈山合掌会,2770300495,510,×,
422,特別養護老人ホーム 香西園,特別養護老人ホーム,寝屋川市香里西之町１４番２４号,寝屋川市,072-833-2610,社会福祉法人香西会,2770300693,510,×,
423,特別養護老人ホーム 寝屋川十字の園,特別養護老人ホーム,寝屋川市池田3丁目1番33号,寝屋川市,072-828-1765,社会福祉法人栄光会,2770300396,510,×,
424,特別養護老人ホーム 香里寿苑,特別養護老人ホーム,寝屋川市寿町32番20号,寝屋川市,072-832-5567,社会福祉法人広成福祉会,2770302244,510,×,
425,特別養護老人ホームロイヤルライフ天寿苑,特別養護老人ホーム,寝屋川市御幸東町９番２号,寝屋川市,072-827-1333,社会福祉法人真清福祉会,2770302772,510,×,
426,特別養護老人ホーム かわきた園,特別養護老人ホーム,寝屋川市河北東町18-1,寝屋川市,072-823-5100,社会福祉法人忠恕福祉会,2770300305,510,×,
427,特別養護老人ホーム香西会テレサ,特別養護老人ホーム,寝屋川市讃良西町７番４５号,寝屋川市,072-823-1711,社会福祉法人香西会,,540,○,
428,香西会スバル,特別養護老人ホーム,寝屋川市秦町3番12号,寝屋川市,072-811-5333,社会福祉法人香西会,,540,○,
429,特別養護老人ホーム弘房園,特別養護老人ホーム,寝屋川市日新町17番43号,寝屋川市,072-803-6730,社会福祉法人弘房福祉会,,540,○,
430,特別養護老人ホーム神田の里,特別養護老人ホーム,寝屋川市上神田一丁目31番1号,寝屋川市,072-826-2800,社会福祉法人いわき会,,540,○,
431,特別養護老人ホーム寝屋池田長寿の里,特別養護老人ホーム,寝屋川市池田3-4-32,寝屋川市,072-827-8808,社会福祉法人毅正会,,540,○,
432,特別養護老人ホーム ペガサス,特別養護老人ホーム,寝屋南二丁目１４番５号,寝屋川市,072-813-0300,社会福祉法人星光会,,540,○,
433,特別養護老人ホーム 寿里苑,特別養護老人ホーム,河内長野市小山田町448番地の2,河内長野市,0721-52-3888,社会福祉法人博光福祉会,2770700207,510,×,
434,特別養護老人ホーム スリーハートの丘,特別養護老人ホーム,河内長野市上原町５５４番地,河内長野市,0721-56-2391,社会福祉法人長野社会福祉事業財団,2770700355,510,×,
435,特別養護老人ホーム ラ・フォート河内長野,特別養護老人ホーム,河内長野市木戸1丁目31番25号,河内長野市,0721-55-6677,社会福祉法人やすらぎ会,2770703094,510,×,
436,特別養護老人ホーム あかしあ,特別養護老人ホーム,河内長野市あかしあ台2丁目6番15号,河内長野市,0721-52-0333,社会福祉法人恩徳福祉会,2770700538,510,×,
437,特別養護老人ホーム生登福祉ケアセンター,特別養護老人ホーム,河内長野市高向２７４番１,河内長野市,0721-50-0101,社会福祉法人生登福祉会,2770700652,510,×,
438,美加の台生登福祉ケアセンター,特別養護老人ホーム,河内長野市石仏300番地,河内長野市,0721-60-0707,社会福祉法人生登福祉会,,540,○,
439,特別養護老人ホーム 寿里苑フルール,特別養護老人ホーム,河内長野市南青葉台6-15,河内長野市,0721-60-0600,社会福祉法人博光福祉会,,540,○,
440,地域密着型介護老人福祉施設 クローバーの丘,特別養護老人ホーム,河内長野市小塩町４３１番地３,河内長野市,0721-60-1100,社会福祉法人長野社会福祉事業財団,,540,○,
441,生登福祉介護サービスセンター,特別養護老人ホーム,河内長野市原町5丁目6-12,河内長野市,0721-50-0808,社会福祉法人生登福祉会,,540,○,
442,特別養護老人ホーム泰昌園,特別養護老人ホーム,河内長野市寺元928番地,河内長野市,0721-63-0171,社会福祉法人楠黄福祉会,2770700298,510,×,
443,慈恵園希望の丘,特別養護老人ホーム,河内長野市あかしあ台2丁目6番15号,河内長野市,,社会福祉法人慈恵園福祉会,,510,×,
444,大阪老人ホーム,特別養護老人ホーム,松原市阿保3－14－22,松原市,072-331-4164,社会福祉法人聖徳会,,510,×,
445,大阪老人ホームうえだ,特別養護老人ホーム,松原市上田８－１１－１１,松原市,072-339-1661,社会福祉法人聖徳会,,510,×,
446,特別養護老人ホーム寿里苑サラ,特別養護老人ホーム,松原市丹南4丁目172,松原市,072-337-7555,社会福祉法人博光福祉会,,510,×,
447,特別養護老人ホーム 遊づる,特別養護老人ホーム,松原市岡１丁目１８４－１,松原市,072-335-0110,社会福祉法人 堺暁福祉会,,510,×,
448,大阪老人ホームゆずり葉,特別養護老人ホーム,松原市阿保３丁目１５番５号,松原市,072-338-1230,社会福祉法人聖徳会,,540,○,
449,地域密着型特別養護老人ホームきらきら,特別養護老人ホーム,松原市南新町2-4-28,松原市,072-330-6501,社会福祉法人松風福祉会,,540,○,
450,特別養護老人ホーム みどりの里,特別養護老人ホーム,大東市北条６丁目２２３０番地の２,大東市,072-803-2941,社会福祉法人みどりの里,2771900392,510,×,
451,特別養護老人ホーム 和光苑,特別養護老人ホーム,大東市野崎3丁目12番1号,大東市,072-877-8800,社会福祉法人慶生会,2771900244,510,×,
452,特別養護老人ホーム 南郷の里,特別養護老人ホーム,大東市氷野二丁目１番１３号,大東市,072-873-0031,社会福祉法人蒼生福祉会,2771900822,510,×,
453,特別養護老人ホームあいの里竜間,特別養護老人ホーム,大東市大字龍間６７３番地３,大東市,072-869-0788,社会福祉法人敬信福祉会,2771900319,510,×,
454,特別養護老人ホーム 生駒園,特別養護老人ホーム,大東市龍間1304番地の4,大東市,072-869-0300,社会福祉法人秀英会,2771900061,510,×,
455,特別養護老人ホーム百楽荘寺川館,特別養護老人ホーム,大東市寺川4丁目3番30,大東市,072-800-3315,社会福祉法人ことぶき友愛会,,540,○,
456,特別養護老人ホーム百楽荘,特別養護老人ホーム,大東市栄和町９－２０,大東市,072-889-5051,社会福祉法人ことぶき友愛会,,540,○,
457,地域密着型特別養護老人ホーム サンサリテ大東,特別養護老人ホーム,大東市深野2-6-1サンサリテ大東,大東市,072-875-0007,社会福祉法人健輪会,,540,○,
458,地域密着型 介護老人福祉施設 諸福苑,特別養護老人ホーム,大東市諸福7丁目4番45号,大東市,072-874-5252,社会福祉法人 いずみの会,,540,○,
459,特別養護老人ホームサテライト諸福苑Ⅱ,特別養護老人ホーム,大東市諸福7丁目４番４５号特別養護老人ホームサテライト諸福苑Ⅱ,大東市,072-869-2501,社会福祉法人 いずみの会,,540,○,
460,特別養護老人ホーム光明荘,特別養護老人ホーム,和泉市伏屋町３丁目８番１号,和泉市,0725-56-1882,社会福祉法人大阪府社会福祉事業団,2770500706,510,×,
461,特別養護老人ホーム ビオラ和泉,特別養護老人ホーム,和泉市和気町３丁目５－１９,和泉市,0725-46-0460,社会福祉法人芳春会,2770500243,510,×,
462,和泉北信太特別養護老人ホーム,特別養護老人ホーム,和泉市上町４０３番地の１,和泉市,0725-46-1211,社会福祉法人遺徳会,2770500920,510,×,
463,特別養護老人ホーム 唐国園,特別養護老人ホーム,和泉市唐国町四丁目１５－５６,和泉市,0725-53-1126,社会福祉法人帝塚山福祉会,2770500250,510,×,
464,特別養護老人ホームひかりの園,特別養護老人ホーム,和泉市 下宮町141番地1,和泉市,0725-92-1225,社会福祉法人和泉福祉会,2770500383,510,×,
465,ピープルハウス和泉,特別養護老人ホーム,和泉市和気町２丁目１３番３５号,和泉市,0725-47-3353,社会福祉法人光生会,2770500755,510,×,
466,特別養護老人ホーム ＦＬＯＲＡ,特別養護老人ホーム,和泉市内田町三丁目９番３８号,和泉市,0725-51-1133,社会福祉法人和泉会,2770504658,510,×,
467,地域密着型介護老人福祉施設エクウスプリオル,特別養護老人ホーム,和泉市上町89番地,和泉市,0725-58-7172,社会福祉法人風の馬,,540,○,
468,地域密着型介護老人福祉施設ビオラ和泉,特別養護老人ホーム,和泉市和気町３－４－２４,和泉市,0725-46-0460,社会福祉法人芳春会,2770500243,540,○,
469,ファミーユ地域密着型介護福祉施設,特別養護老人ホーム,和泉市いぶき野五丁目5番1号,和泉市,0725-56-2222,社会福祉法人和泉福祉会,,540,○,
470,地域密着型特別養護老人ホームサニーヴィラ,特別養護老人ホーム,和泉市府中町5丁目4番2号,和泉市,0725-46-2020,社会福祉法人清水会,,540,○,
471,特別養護老人ホーム友の里,特別養護老人ホーム,和泉市下宮町３５７番地,和泉市,0725-92-2088,社会福祉法人しもみや,,540,○,
472,特別養護老人ホーム紅葉の郷,特別養護老人ホーム,箕面市稲6-11-20,箕面市,072-726-7700,社会福祉法人ひじり福祉会,2771400195,510,×,
473,特別養護老人ホーム白島荘,特別養護老人ホーム,箕面市白島三丁目５番５０号,箕面市,072-724-5511,社会福祉法人大阪府社会福祉事業団,2771400500,510,×,
474,あかつき特別養護老人ホーム,特別養護老人ホーム,箕面市白島3-16-1,箕面市,072-722-3438,社会福祉法人暁光会,2771400302,510,×,
475,特別養護老人ホーム照葉の里,特別養護老人ホーム,箕面市下止々呂美561番地,箕面市,072-739-1186,社会福祉法人翠明社,2771400203,510,×,
476,特別養護老人ホーム箕面の郷,特別養護老人ホーム,箕面市石丸1丁目14番1号,箕面市,072-749-2277,社会福祉法人三養福祉会,2771400781,510,×,
477,特別養護老人ホームゆずの郷,特別養護老人ホーム,箕面市稲６丁目１４番３６号,箕面市,072-726-7701,社会福祉法人ひじり福祉会,,540,○,
478,特別養護老人ホーム 第二好意の庭,特別養護老人ホーム,柏原市国分市場1-9-45特別養護老人ホーム第二好意の庭,柏原市,072-976-0091,社会福祉法人 日本コイノニア福祉会,,510,×,
479,特別養護老人ホームはくとう,特別養護老人ホーム,柏原市大字青谷2104番地の1,柏原市,072-979-0260,社会福祉法人 明寿会,,510,×,
480,特別養護老人ホーム 大阪「好意の庭」,特別養護老人ホーム,柏原市旭ヶ丘3丁目13番45号,柏原市,072-976-0090,社会福祉法人 日本コイノニア福祉会,,510,×,
481,特別養護老人ホーム柏寿,特別養護老人ホーム,柏原市大字高井田650番1,柏原市,072-977-5533,社会福祉法人寿光会,,510,×,
482,特別養護老人ホーム 太寿,特別養護老人ホーム,柏原市太平寺1丁目4番30号,柏原市,072-970-6010,社会福祉法人 寿光会,,540,○,
483,特別養護老人ホーム河原城苑,特別養護老人ホーム,羽曳野市河原城９２７番地,羽曳野市,072-938-3999,社会福祉法人 恵和会,,510,×,
484,四天王寺悲田院特別養護老人ホーム,特別養護老人ホーム,羽曳野市学園前6-1-1,羽曳野市,072-957-7512,社会福祉法人 四天王寺福祉事業団,,510,×,
485,羽曳野特別養護老人ホーム,特別養護老人ホーム,羽曳野市古市2271番地114,羽曳野市,072-958-9951,社会福祉法人 和悦会,,510,×,
486,特別養護老人ホームあすくの里,特別養護老人ホーム,羽曳野市飛鳥１１番,羽曳野市,072-957-1764,社会福祉法人大阪聴覚障害者福祉会,,510,×,
487,特別養護老人ホーム アンジュ,特別養護老人ホーム,羽曳野市野371番地,羽曳野市,072-936-1212,社会福祉法人庄清会,,510,×,
488,特別養護老人ホーム スマイル,特別養護老人ホーム,羽曳野市尺度３８２番地の5,羽曳野市,072-956-4165,社会福祉法人 スマイル,,510,×,
489,特別養護老人ホームたんぴ野,特別養護老人ホーム,羽曳野市野６６番２,羽曳野市,072-952-1332,社会福祉法人三松会,,540,○,
490,特別養護老人ホームコーリン,特別養護老人ホーム,羽曳野市南古市３－５０,羽曳野市,072-958-2202,社会福祉法人光輪会,,540,○,
491,ナーシングホーム智鳥,特別養護老人ホーム,門真市北島町12番20号,門真市,072-881-8201,社会福祉法人晋栄福祉会,2772600223,510,×,
492,ケアホームちどり,特別養護老人ホーム,門真市柳田町15番23号,門真市,06-6991-8361,社会福祉法人晋栄福祉会,2772603649,510,×,
493,特別養護老人ホーム 門真千寿園,特別養護老人ホーム,門真市野口822,門真市,072-884-7677,社会福祉法人諭心会,2772600926,510,×,
494,特別養護老人ホーム三養苑,特別養護老人ホーム,門真市桑才町19番25号特別養護老人ホーム三養苑,門真市,072-882-3333,社会福祉法人三養福祉会,2772600314,510,×,
495,特別養護老人ホーム門真荘,特別養護老人ホーム,門真市堂山町２５－２０,門真市,06-6901-8111,社会福祉法人ロータス福祉会,2772600363,510,×,
496,特別養護老人ホーム はるかの郷,特別養護老人ホーム,門真市柳田町27番21号,門真市,06-6906-6900,社会福祉法人イースト・ロード福祉会,2772600470,510,×,
497,地域密着型介護老人福祉施設はすゆめ,特別養護老人ホーム,門真市堂山町２５－１５,門真市,06-6905-0611,社会福祉法人ロータス福祉会,,540,○,
498,地域密着型特別養護老人ホーム四宮三養苑,特別養護老人ホーム,門真市四宮5丁目4番22号,門真市,072-882-2233,社会福祉法人三養福祉会,,540,○,
499,特別養護老人ホームつくしの里,特別養護老人ホーム,門真市大橋町１２番８号,門真市,072-800-0130,社会福祉法人スリーヴィレッジ,2772600736,510,×,
500,特別養護老人ホームとりかい白鷺園,特別養護老人ホーム,摂津市鳥飼中１丁目19番8号,摂津市,072-654-5094,社会福祉法人桃林会,,510,×,
501,介護老人福祉施設 「摂津特養ひかり」,特別養護老人ホーム,摂津市鳥飼八防2-7-12,摂津市,072-650-1300,社会福祉法人成晃会,,510,×,
502,特別養護老人ホームせっつ桜苑,特別養護老人ホーム,摂津市桜町1丁目1番11号せっつ桜苑,摂津市,072-632-0400,社会福祉法人成光苑,,510,×,
503,特別養護老人ホーム摂津いやし園,特別養護老人ホーム,摂津市鳥飼下１－１３－７,摂津市,072-650-3301,社会福祉法人気づき福祉会,,510,×,
504,小規模特養摂津いやし園,特別養護老人ホーム,摂津市鳥飼下一丁目13番15号,摂津市,072ー654ー2841,社会福祉法人気づき福祉会,,540,○,
505,高石特別養護老人ホーム,特別養護老人ホーム,高石市取石５丁目８番１５号,高石市,072-275-1031,社会福祉法人 遺徳会,,510,×,
506,特別養護老人ホーム アウェイク東羽衣,特別養護老人ホーム,高石市東羽衣2-14-18,高石市,072-266-4350,社会福祉法人亨文会,,510,×,
507,藤井寺特別養護老人ホーム,特別養護老人ホーム,藤井寺市藤井寺4-11-7,藤井寺市,072-952-0008,社会福祉法人みささぎ会,,510,×,
508,特別養護老人ホーム つどうホール,特別養護老人ホーム,藤井寺市小山３丁目１５１番地の1,藤井寺市,072-953-0248,社会福祉法人みささぎ会,,510,×,
509,大阪老人ホーム惣社,特別養護老人ホーム,藤井寺市惣社2丁目5番15号,藤井寺市,072-952-3788,社会福祉法人聖徳会,,510,×,
510,地域密着型特別養護老人ホーム 松が苑,特別養護老人ホーム,藤井寺市古室1-1-15,藤井寺市,072-936-8123,社会福祉法人恵和会,,540,○,
511,特別養護老人ホーム どうみょうじ高殿苑,特別養護老人ホーム,藤井寺市道明寺３－２－２,藤井寺市,072-936-3515,社会福祉法人邦寿会,,540,○,
512,第2ひかり,特別養護老人ホーム,藤井寺市惣社2丁目6番17号,藤井寺市,,社会福祉法人好老会,,510,×,
513,ひかり,特別養護老人ホーム,藤井寺市惣社2丁目5番15号,藤井寺市,,社会福祉法人好老会,,510,×,
514,特別養護老人ホーム イースタンビラ,特別養護老人ホーム,東大阪市寿町1‐9‐39,東大阪市,06-6729-5033,社会福祉法人 東寿会,,510,×,
515,特別養護老人ホーム みのわの里,特別養護老人ホーム,東大阪市古箕輪１－３－２８,東大阪市,072-964-0308,社会福祉法人川福会,,510,×,
516,特別養護老人ホーム 六万寺園,特別養護老人ホーム,東大阪市六万寺町1-21-7,東大阪市,072-987-8090,社会福祉法人秀英会,,510,×,
517,特別養護老人ホーム ヴェルディ八戸ノ里,特別養護老人ホーム,東大阪市下小阪四丁目7番36号,東大阪市,06-6727-0030,社会福祉法人天心会,,510,×,
518,特別養護老人ホーム八戸ノ里向日葵,特別養護老人ホーム,東大阪市若江西新町3-1-9,東大阪市,06-6730-7181,社会福祉法人玉美福祉会,,510,×,
519,特別養護老人ホームアーバンケア八戸ノ里,特別養護老人ホーム,東大阪市御厨中２－３－３２,東大阪市,06-6782-1016,社会福祉法人 由寿会,,510,×,
520,特別養護老人ホーム たちばなの里別館永楽,特別養護老人ホーム,東大阪市寺前町1丁目４番２１号,東大阪市,06-6720-1801,社会福祉法人 光風会,,510,×,
521,特別養護老人ホーム アーバンケア稲田,特別養護老人ホーム,東大阪市稲田新町１丁目１０番１号,東大阪市,06-6748-8008,社会福祉法人由寿会,,510,×,
522,特別養護老人ホーム たちばなの里,特別養護老人ホーム,東大阪市岸田堂北町6番1号,東大阪市,06-6224-5111,社会福祉法人 光風会,,510,×,
523,特別養護老人ホーム 恵の里,特別養護老人ホーム,東大阪市東鴻池町２丁目３番２５号,東大阪市,072-960-3001,社会福祉法人 サンタマリア会,,510,×,
524,特別養護老人ホーム布市福寿苑,特別養護老人ホーム,東大阪市布市町２－１２－２,東大阪市,072-983-2255,社会福祉法人 川福会,,510,×,
525,特別養護老人ホーム向日葵,特別養護老人ホーム,東大阪市玉串町東1丁目10番20号,東大阪市,072-966-7756,社会福祉法人玉美福祉会,,510,×,
526,特別養護老人ホーム ラプラージュ,特別養護老人ホーム,東大阪市池島町８－２－１０,東大阪市,072-980-8055,社会福祉法人 ほほえみ福祉会,,510,×,
527,特別養護老人ホーム きずり逢花苑,特別養護老人ホーム,東大阪市衣摺６－１２－３,東大阪市,06-6723-4165,社会福祉法人恩徳福祉会,,510,×,
528,特別養護老人ホーム アーバンケア島之内,特別養護老人ホーム,東大阪市吉田本町１丁目１０番１３号,東大阪市,072-960-6070,社会福祉法人由寿会,,510,×,
529,特別養護老人ホーム 千寿園,特別養護老人ホーム,東大阪市南荘町１３番３８号,東大阪市,072-983-7700,社会福祉法人 諭心会,,510,×,
530,特別養護老人ホームアンパス東大阪,特別養護老人ホーム,東大阪市若江南町3丁目7番7号,東大阪市,06-4307-0333,社会福祉法人あゆみ会,,510,×,
531,特別養護老人ホームかわち野里ながせ,特別養護老人ホーム,東大阪市長瀬町１－５－１３,東大阪市,０６－６７２６－０１３１,社会福祉法人かわち野福祉会,,510,×,
532,特別養護老人ホーム なるかわ苑,特別養護老人ホーム,東大阪市上六万寺町１３番４０号,東大阪市,072-986-3680,社会福祉法人弘友福祉会,,510,×,
533,特別養護老人ホーム レーベンズポルト,特別養護老人ホーム,東大阪市長栄寺21番24号,東大阪市,06-6783-0100,社会福祉法人 寿栄会,,510,×,
534,特別養護老人ホーム 春光園,特別養護老人ホーム,東大阪市横枕８番３４号,東大阪市,072-960-8555,社会福祉法人春光園,,510,×,
535,特別養護老人ホーム 福寿苑,特別養護老人ホーム,東大阪市出雲井本町3番25号,東大阪市,072-985-7771,社会福祉法人川福会,,510,×,
536,特別養護老人ホーム サンホーム,特別養護老人ホーム,東大阪市御厨南3-1-18,東大阪市,06-6787-3733,社会福祉法人大阪YMCA,,510,×,
537,特別養護老人ホームアーバンケア御厨,特別養護老人ホーム,東大阪市御厨東１丁目９番１６号,東大阪市,06-6784-7010,社会福祉法人由寿会,,510,×,
538,特別養護老人ホーム ビオスの丘,特別養護老人ホーム,東大阪市善根寺町１丁目５番３１号,東大阪市,072-986-0003,社会福祉法人仁風会,,510,×,
539,サテライト型特別養護老人ホーム向日葵,特別養護老人ホーム,東大阪市玉串元町2丁目12-20,東大阪市,072-961-2137,社会福祉法人玉美福祉会,,540,○,
540,特別養護老人ホームくつろぎ・友井荘,特別養護老人ホーム,東大阪市友井四丁目8番5号,東大阪市,06-6722-2550,社会福祉法人正福会,,540,○,
541,ながた尚老苑,特別養護老人ホーム,東大阪市長田1丁目2番11号ながた尚老苑,東大阪市,06-4307-6533,社会福祉法人天気会,,540,○,
542,特別養護老人ホーム なんかみホーム,特別養護老人ホーム,東大阪市南上小阪６番３６号,東大阪市,06-6730-7605,社会福祉法人アルカイック,,540,○,
543,特別養護老人ホーム フォレストガーデン,特別養護老人ホーム,東大阪市池之端町5番43号,東大阪市,072-983-6601,社会福祉法人柏樹会,,540,○,
544,地域密着型特別養護老人ホーム ビオスの丘Ⅱ,特別養護老人ホーム,東大阪市善根寺町１－５－３１,東大阪市,072-986-0003,社会福祉法人仁風会,,540,○,
545,特別養護老人ホームメルテルホーム,特別養護老人ホーム,東大阪市西岩田四丁目４番８２号,東大阪市,06-6618-1320,社会福祉法人緑の村の会,,510,×,
546,泉南特別養護老人ホームなでしこりんくう,特別養護老人ホーム,泉南市りんくう南浜3番7,泉南市,072-480-5120,社会福祉法人恩賜財団済生会支部大阪府済生会,,510,×,
547,特別養護老人ホームせんわ,特別養護老人ホーム,泉南市信達金熊寺530-1,泉南市,072-483-2022,社会福祉法人せんわ,,510,×,
548,特別養護養護老人ホーム 六尾の郷,特別養護老人ホーム,泉南市信達金熊寺130番地,泉南市,072-480-2850,社会福祉法人 長寿会,,510,×,
549,地域密着型特別養護老人ホーム ぶどうの木,特別養護老人ホーム,泉南市樽井7-23-3,泉南市,072-483-0876,社会福祉法人えのき福祉会,,540,○,
550,特別養護老人ホーム四條畷荘,特別養護老人ホーム,四條畷市北出町28番1号,四條畷市,072-878-2651,社会福祉法人大阪府社会福祉事業団,,510,×,
551,特別養護老人ホーム清滝らくらく苑,特別養護老人ホーム,四條畷市清滝中町1-3,四條畷市,072-876-3611,社会福祉法人山麓会,,510,×,
552,特別養護老人ホームるうてるホーム,特別養護老人ホーム,四條畷市岡山五丁目１９番２０号,四條畷市,072-878-9373,社会福祉法人るうてるホーム,,510,×,
553,特別養護老人ホーム 田原荘,特別養護老人ホーム,四條畷市上田原597番地,四條畷市,0743-79-2525,社会福祉法人 幸友会,,510,×,
554,南野らくらく苑,特別養護老人ホーム,四條畷市大字清瀧７７１－１,四條畷市,072-862-2007,社会福祉法人山麓会,,540,○,
555,雨塚らくらく苑,特別養護老人ホーム,四條畷市大字清瀧５１１－１,四條畷市,072-877-0833,社会福祉法人山麓会,,540,○,
556,特別養護老人ホーム美来,特別養護老人ホーム,交野市倉治四丁目４０番７号,交野市,072-810-8670,社会福祉法人美郷会,,510,×,
557,特別養護老人ホーム 天の川明星,特別養護老人ホーム,交野市藤が尾２－５－２２,交野市,072-894-3029,社会福祉法人豊年福祉会,,510,×,
558,特別養護老人ホーム明星,特別養護老人ホーム,交野市星田８丁目６番７号,交野市,072-891-2029,社会福祉法人豊年福祉会,,510,×,
559,きんもくせい特別養護老人ホーム,特別養護老人ホーム,交野市大字星田５１５６－８,交野市,072-892-5689,社会福祉法人もくせい会,,510,×,
560,地域密着型特別養護老人ホーム つかさ交野,特別養護老人ホーム,交野市星田北7丁目7-13,交野市,072-896-8200,社会福祉法人孝栄会,,540,○,
561,特別養護老人ホームかたの美来,特別養護老人ホーム,交野市東倉治5-8-8,交野市,072-891-0061,社会福祉法人美郷会,,540,○,
562,地域密着型介護老人福祉施設 サール・ナートかたの,特別養護老人ホーム,交野市私部南１丁目４９０番,交野市,072-892-7777,社会福祉法人バルツァ事業会,,540,○,
563,特別養護老人ホームあおやま,特別養護老人ホーム,交野市青山３丁目４３１番の１ 特別養護老人ホームあおやま,交野市,072-891-3400,社会福祉法人紫水会,,510,×,
564,特別養護老人ホームあおやま２号館,特別養護老人ホーム,交野市青山３丁目４３０番地の１,交野市,072-891-3400,社会福祉法人紫水会,,510,×,
565,特別養護老人ホームくみのき苑,特別養護老人ホーム,大阪狭山市東茱萸木四丁目1977番地,大阪狭山市,072-368-2772,社会福祉法人 ラポール会,,510,×,
566,特別養護老人ホーム ファヴォーレ,特別養護老人ホーム,大阪狭山市大野西５６６－２,大阪狭山市,072-367-2111,社会福祉法人 享佑会,,510,×,
567,特別養護老人ホーム 陽だまりの丘,特別養護老人ホーム,大阪狭山市大野台１丁目１４番２０号,大阪狭山市,072-367-2828,社会福祉法人 大阪狭山博悠会,,510,×,
568,地域密着型特別養護老人ホーム ファヴォーレ狭山,特別養護老人ホーム,大阪狭山市大野西566-1,大阪狭山市,072-360-0222,社会福祉法人 享佑会,,540,○,
569,特別養護老人ホーム寿里苑花舞の郷,特別養護老人ホーム,大阪狭山市東池尻4-1336-1,大阪狭山市,072-367-4187,社会福祉法人博光福祉会,,540,○,
570,特別養護老人ホーム 玉井泉陽園,特別養護老人ホーム,阪南市下出371番地の1,阪南市,072-473-0001,社会福祉法人 大泉会,,510,×,
571,特別養護老人ホーム玉田山荘,特別養護老人ホーム,阪南市石田738番地の4,阪南市,072-473-2222,社会福祉法人玉田山福祉会,,510,×,
572,特別養護老人ホーム ふれ愛四季の郷,特別養護老人ホーム,阪南市尾崎町５０４番１,阪南市,072-471-8500,社会福祉法人ブロードハーモニィー,,540,○,
573,特別養護老人ホーム第2ふれ愛四季の郷,特別養護老人ホーム,阪南市下出373番地,阪南市,072-471-8500,社会福祉法人ブロードハーモニィー,,540,○,
574,ピープルハウス阪南,特別養護老人ホーム,阪南市貝掛１７９番４,阪南市,072-472-6633,社会福祉法人光生会大阪,,510,×,
575,特別養護老人ホーム 弥栄の郷,特別養護老人ホーム,三島郡島本町山崎五丁目３番２５号,島本町,075-961-0171,社会福祉法人 大阪水上隣保館,,510,×,
576,地域密着型特別養護老人ホーム島本の郷,特別養護老人ホーム,三島郡島本町若山台1-3-8,島本町,075-366-6870,社会福祉法人博乃会,,540,○,
577,特別養護老人ホーム のせの里,特別養護老人ホーム,豊能郡豊能町木代３３５,豊能町,072-739-2240,社会福祉法人 信光園,,510,×,
578,特別養護老人ホーム祥雲館,特別養護老人ホーム,豊能郡豊能町吉川１８７－１,豊能町,072-733-2301,社会福祉法人豊悠福祉会,,510,×,
579,特別養護老人ホーム祥雲館,特別養護老人ホーム,豊能郡豊能町吉川187番地の１,豊能町,072-733-2356,社会福祉法人豊悠福祉会,,540,○,
580,特別養護老人ホーム祥雲館本館,特別養護老人ホーム,豊能郡豊能町吉川187番地の1,豊能町,072-733-2301（,社会福祉法人豊悠福祉会,,540,○,
581,特別養護老人ホーム 青山荘,特別養護老人ホーム,豊能郡能勢町平野142番地の1,能勢町,072-734-2388,社会福祉法人芙蓉福祉会,,510,×,
582,ピープルハウス忠岡,特別養護老人ホーム,泉北郡忠岡町高月北１－１１－３,忠岡町,0725-46-3333,社会福祉法人光生会,,510,×,
583,特別養護老人ホーム弥栄園,特別養護老人ホーム,泉南郡熊取町大久保南三丁目1380番地の1,熊取町,072-452-7025,社会福祉法人弥栄福祉会,2771200132,510,×,
584,特別養護老人ホーム第１永楽荘,特別養護老人ホーム,泉南郡熊取町野田三丁目1111番地2,熊取町,072-451-2789,社会福祉法人永楽福祉会,2771200165,510,×,
585,特別養護老人ホーム 第３永楽荘,特別養護老人ホーム,泉南郡熊取町野田３丁目２２８１番地１,熊取町,072-452-5167,社会福祉法人永楽福祉会,2771201221,510,×,
586,特別養護老人ホーム第２永楽荘,特別養護老人ホーム,泉南郡熊取町野田３丁目2070番１,熊取町,072-451-2788,社会福祉法人永楽福祉会,,540,○,
587,特別養護老人ホーム フィオーレ南海,特別養護老人ホーム,泉南郡田尻町吉見326-1,田尻町,072-465-3388,社会福祉法人南海福祉事業会,2771200074,510,×,
588,淡輪園（特別養護老人ホーム）,特別養護老人ホーム,泉南郡 岬町淡輪5635番地1,岬町,072-494-0900,社会福祉法人親光会,2771200058,510,×,
589,特別養護老人ホーム 美野の里,特別養護老人ホーム,南河内郡太子町山田２５５０,太子町,0721-98-4165,社会福祉法人長生会,,510,×,
590,社会福祉法人朱音会 地域密着型特別養護老人ホーム ふくの音,特別養護老人ホーム,南河内郡太子町大字山田3361番地,太子町,0721-80-3361,社会福祉法人朱音会,,540,○,
591,特別養護老人ホーム あんり,特別養護老人ホーム,南河内郡河南町大字寛弘寺１０１番地,河南町,0721-90-3200,社会福祉法人カナン,,510,×,
592,特別養護老人ホーム菊水苑,特別養護老人ホーム,南河内郡河南町大字加納元南１７番地,河南町,0721-93-4678,社会福祉法人成和会,,510,×,
593,地域密着型介護老人福祉施設 ゆうり,特別養護老人ホーム,南河内郡河南町大字神山２５９番１,河南町,0721-90-2270,社会福祉法人カナン,,540,○,
594,特別養護老人ホーム 千早赤阪春の家,特別養護老人ホーム,南河内郡千早赤阪村東阪122-1番地,千早赤阪村,0721-70-2525,社会福祉法人一会,,510,×,
595,社会医療法人明生会介護老人保健施設桜の宮苑,介護老人保健施設,大阪市都島区都島中通１－７－１,大阪市都島区,06-6923-5656,社会医療法人明生会,2755280019,520,×,
596,介護老人保健施設 東雄苑都島,介護老人保健施設,大阪市都島区中野町１丁目１３番１２号,大阪市都島区,06-6135-0505,医療法人桜希会,,520,×,
597,介護老人保健施設 庵みやこじま,介護老人保健施設,大阪市都島区都島本通５丁目１４－４,大阪市都島区,06-6180-7861,医療法人秋桜会,2755280043,520,×,
598,介護老人保健施設のだふじ,介護老人保健施設,大阪市福島区吉野４丁目２９番１８号,大阪市福島区,06-6463-1131,医療法人藤田会（財団）,2750280014,520,×,
599,介護老人保健施設桔梗苑,介護老人保健施設,大阪市此花区伝法4-3-14,大阪市此花区,06-6466-9190,医療法人医方会,,520,×,
600,介護老人保健施設 あかつき,介護老人保健施設,大阪市此花区西九条5－3－51,大阪市此花区,06-6466-8880,社会福祉法人大阪暁明館,2752880027,520,×,
601,介護老人保健施設 えきさい大阪,介護老人保健施設,大阪市西区本田２－１－１０,大阪市西区,06-6581-7655,公益社団法人日本海員掖済会,2751880028,520,×,
602,介護老人保健施設 健勝園九条,介護老人保健施設,大阪市西区九条南３丁目２０-６,大阪市西区,06-4393-2525,社会福祉法人健勝会,2751880010,520,×,
603,医療法人日新会日新苑,介護老人保健施設,大阪市西区新町4-4-8,大阪市西区,,医療法人日新会,,520,×,
604,介護老人保健施設 港さつき苑,介護老人保健施設,大阪市港区弁天４丁目１６番１８号,大阪市港区,06-6571-6675,医療法人英皐会介護老人保健施設港さつき苑,,520,×,
605,多根介護老人保健施設てんぽーざん,介護老人保健施設,大阪市港区築港3－4－25,大阪市港区,06-6599-1616,社会医療法人きつこう会,2750480010,520,×,
606,医療法人社団緑会介護老人保健施設エバーグリーン,介護老人保健施設,大阪市大正区泉尾２丁目２０－４,大阪市大正区,06-6553-0730,医療法人社団緑会,2752780011,520,×,
607,介護老人保健施設 つるまち,介護老人保健施設,大阪市大正区鶴町２丁目１５－１８,大阪市大正区,06-6553-6666,医療法人敬英会,2752780029,520,×,
608,介護老人保健施設愛の里,介護老人保健施設,大阪市大正区小林東2-6-14,大阪市大正区,06-6555-4165,医療法人愛信会,2752780037,520,×,
609,介護老人保健施設みずほ倶楽部,介護老人保健施設,大阪市天王寺区清水谷町５－２７,大阪市天王寺区,06-6767-2311,医療法人瑞穂会,2751780012,520,×,
610,医療法人歓喜会 介護老人保健施設 れいんぼう夕陽丘,介護老人保健施設,大阪市天王寺区生玉前町３番２４号,大阪市天王寺区,06-6770-2211,医療法人歓喜会,2751780020,520,×,
611,なにわ老人保健施設ラガール,介護老人保健施設,大阪市浪速区大国1丁目10番24号,大阪市浪速区,06-6632-8865,社会医療法人弘道会,2754380026,520,×,
612,介護老人保健施設 さくらがわ,介護老人保健施設,大阪市浪速区桜川４丁目１０－１３,大阪市浪速区,06-6567-4165,医療法人敬英会,2754380018,520,×,
613,介護老人保健施設なごみだいら,介護老人保健施設,大阪市西淀川区福町2丁目11-7,大阪市西淀川区,06-4808-2961,社会福祉法人芙蓉福祉会,2751080058,520,×,
614,社会医療法人愛仁会介護老人保健施設ユーアイ,介護老人保健施設,大阪市西淀川区佃２丁目２－５８,大阪市西淀川区,06-6471-5236,社会医療法人愛仁会,2751080025,520,×,
615,介護老人保健施設よどの里,介護老人保健施設,大阪市西淀川区姫島2丁目13番20号,大阪市西淀川区,06-6473-5152,公益財団法人淀川勤労者厚生協会,2751080041,520,×,
616,介護老人保健施設フェリス大和田,介護老人保健施設,大阪市西淀川区大和田６丁目１３番４８号,大阪市西淀川区,06-6474-6668,医療法人松仁会（社団）,2751080017,520,×,
617,介護老人保健施設セレーナなとり,介護老人保健施設,大阪市西淀川区大野２丁目１番３５号,大阪市西淀川区,06-6474-9732,医療法人博悠会,2751080033,520,×,
618,介護老人保健施設エスペラル東淀川,介護老人保健施設,大阪市東淀川区菅原1丁目1番21号,大阪市東淀川区,06-6325-1781,医療法人医誠会,2753080015,520,×,
619,介護老人保健施設エスペラル井高野,介護老人保健施設,大阪市東淀川区井高野4-6-37,大阪市東淀川区,06-6829-2200,医療法人医誠会,2753080031,520,×,
620,介護老人保健施設 菜乃花,介護老人保健施設,大阪市東淀川区上新庄1-2-5,大阪市東淀川区,06-6160-6541,社会福祉法人恩徳福祉会,2753080049,520,×,
621,淀川キリスト教病院老人保健施設,介護老人保健施設,大阪市東淀川区淡路２－１－４１,大阪市東淀川区,06-6815-8222,宗教法人在日本南プレスビテリアンミッショ,2753080023,520,×,
622,医療法人浩治会大今里ケアホーム,介護老人保健施設,大阪市東成区大今里西2-17-16,大阪市東成区,06-6975-3090,医療法人浩治会,2751580024,520,×,
623,介護老人保健施設 おとしよりすこやかセンター東部館,介護老人保健施設,大阪市東成区東中本２丁目５番３１号,大阪市東成区,06-6977-0010,医療法人公道会,2751580040,520,×,
624,福田診療所フィニート,介護老人保健施設,大阪市東成区東中本1丁目4番17号,大阪市東成区,,医療法人健生会,,520,×,
625,アネシス寺田町,介護老人保健施設,大阪市生野区林寺1丁目4-24,大阪市生野区,06-6712-5030,医療法人社団創生会,2752280061,520,×,
626,育和会介護老人保健施設ひまわり,介護老人保健施設,大阪市生野区巽西2丁目9番31号,大阪市生野区,06-6751-7290,医療法人育和会,2752280012,520,×,
627,ケアホームフォーシーズン,介護老人保健施設,大阪市生野区中川５－４－２,大阪市生野区,06-6755-1000,医療法人 貴和会,,520,×,
628,介護老人保健施設 ハーモニー共和,介護老人保健施設,大阪市生野区巽中１丁目２０番１４号,大阪市生野区,06-6755-0001,医療法人同友会,2752280020,520,×,
629,老人保健施設 すこやか生野,介護老人保健施設,大阪市生野区勝山北４丁目１番８号,大阪市生野区,06-6717-8002,医療法人アエバ会,2752280038,520,×,
630,介護老人保健施設 牧すこやかセンター,介護老人保健施設,大阪市旭区高殿6-14-41,大阪市旭区,06-6955-4865,社会医療法人ＯＮＥＦＬＡＧ,2753180054,520,×,
631,介護老人保健施設 フェリス生江,介護老人保健施設,大阪市旭区生江1-5-9,大阪市旭区,06-6928-3001,医療法人松仁会（社団）,,520,×,
632,医療法人清水会 介護老人保健施設おひさま園,介護老人保健施設,大阪市旭区清水２丁目1番21号,大阪市旭区,06-6952-0101,医療法人清水会,2753180021,520,×,
633,社会医療法人 ＯＮＥＦＬＡＧ 牧介護老人保健施設,介護老人保健施設,大阪市旭区生江２丁目15-14,大阪市旭区,06-6929-0300,社会医療法人ＯＮＥ ＦＬＡＧ,,520,×,
634,大阪市立おとしよりすこやかセンター北部館,介護老人保健施設,大阪市旭区高殿6-14-41,大阪市旭区,,医療法人清翠会,,520,×,
635,医療法人清翠会牧,介護老人保健施設,大阪市旭区生江2-15-14,大阪市旭区,,医療法人清翠会,,520,×,
636,医療法人 浩治会 大阪城ケアホーム,介護老人保健施設,大阪市城東区鴫野西２－５－２４,大阪市城東区,06-6961-1151,医療法人浩治会,2754480040,520,×,
637,介護老人保健施設グリーンライフ,介護老人保健施設,大阪市城東区東中浜9-3-9,大阪市城東区,06-6965-0666,社会医療法人大道会,2754480032,520,×,
638,介護老人保健施設 幸成園,介護老人保健施設,大阪市城東区今福西3-1-16,大阪市城東区,06-6939-1881,医療法人史隆会,2754480016,520,×,
639,医療法人晃和会 介護老人保健施設放出ふれあいセンター,介護老人保健施設,大阪市城東区放出西２丁目１８番４号,大阪市城東区,06-6962-0871,医療法人晃和会,2754480024,520,×,
640,介護老人保健施設ホームランドあべの,介護老人保健施設,大阪市阿倍野区王子町4-1-46,大阪市阿倍野区,06-6621-1123,医療法人河和会,2752380028,520,×,
641,社会医療法人山紀会 介護老人保健施設やまき・あべの苑,介護老人保健施設,大阪市阿倍野区阪南町1-45-8,大阪市阿倍野区,06-4399-8600,社会医療法人山紀会,2752380010,520,×,
642,医療法人恵登久会 介護老人保健施設美富士苑,介護老人保健施設,大阪市阿倍野区阪南町7-2-10,大阪市阿倍野区,06-6605-1215,医療法人 恵登久会,,520,×,
643,介護老人保健施設 錦秀苑,介護老人保健施設,大阪市住吉区南住吉一丁目２２番１７号,大阪市住吉区,06-6605-5221,医療法人錦秀会,2752080032,520,×,
644,介護老人保健施設 聖和苑,介護老人保健施設,大阪市住吉区帝塚山東2丁目1番35号,大阪市住吉区,06-4701-7011,社会福祉法人帝塚山福祉会,2752080024,520,×,
645,医療法人守田会 オりオノケアーセンター,介護老人保健施設,大阪市住吉区遠里小野1丁目2番21号,大阪市住吉区,06-6695-1811,医療法人守田会,2752080016,520,×,
646,介護老人保健施設ヴァンサンク,介護老人保健施設,大阪市東住吉区湯里２－１２－２６,大阪市東住吉区,06-6704-3511,医療法人嘉誠会,2750880037,520,×,
647,パークサイドなごみ,介護老人保健施設,大阪市東住吉区公園南矢田3-19-12,大阪市東住吉区,06-6606-2211,医療法人河和会,2750880052,520,×,
648,介護老人保健施設 たちばな,介護老人保健施設,大阪市東住吉区住道矢田９丁目11番11号,大阪市東住吉区,06-6769-0600,医療法人橘会,,520,×,
649,介護老人保健施設 東住吉すみれ苑,介護老人保健施設,大阪市東住吉区矢田1丁目23-6,大阪市東住吉区,06-6693-6999,医療法人社団菫会,,520,×,
650,西中介護老人保健施設 ヴィーブル ジョワ,介護老人保健施設,大阪市東住吉区公園南矢田四丁目19番29号,大阪市東住吉区,06-6698-9191,医療法人西中医学会,2750880045,520,×,
651,介護老人保健施設 桑の実,介護老人保健施設,大阪市東住吉区桑津４－４－５介護老人保健施設 桑の実,大阪市東住吉区,06-6710-7555,医療法人淀井病院,2750880029,520,×,
652,医療法人玄竜会 田辺駅前ケアセンター,介護老人保健施設,大阪市東住吉区北田辺６－１６－３０,大阪市東住吉区,06-6622-1165,医療法人玄竜会,2750880094,520,×,
653,医療法人 玄竜会 サナティオ湯里,介護老人保健施設,大阪市東住吉区湯里2-16-3,大阪市東住吉区,06-6703-4535,医療法人玄竜会,2750880086,520,×,
654,医療法人 ダイワ会 介護老人保健施設 南部花園館,介護老人保健施設,大阪市西成区梅南1丁目4番26号,大阪市西成区,06-6651-8700,医療法人 ダイワ会,,520,×,
655,介護老人保健施設レジデント梅南,介護老人保健施設,大阪市西成区梅南3―8―35,大阪市西成区,06-4398-9111,医療法人小池外科,2753380035,520,×,
656,社会医療法人山紀会 介護老人保健施設やまき苑,介護老人保健施設,大阪市西成区玉出西２-５-36,大阪市西成区,06-6659-2222,社会医療法人山紀会,2753380027,520,×,
657,社会医療法人 山紀会 介護老人保健施設 はるか,介護老人保健施設,大阪市西成区岸里二丁目6番9号,大阪市西成区,06-6659-0030,社会医療法人山紀会,2753380050,520,×,
658,社会医療法人協和会 淀川介護老人保健施設ハートフル,介護老人保健施設,大阪市淀川区十三東５丁目３番２９号,大阪市淀川区,06-6302-8686,社会医療法人協和会,2759180017,520,×,
659,淀川老人保健施設けあきのもり,介護老人保健施設,大阪市淀川区新高１－７－２０,大阪市淀川区,06-6350-8220,医療法人けあき会,2759180025,520,×,
660,鶴見老人保健施設ラガール,介護老人保健施設,大阪市鶴見区横堤４－３－３０,大阪市鶴見区,06-6915-8181,社会医療法人弘道会,2759280015,520,×,
661,介護老人保健施設 鶴見せいわ園,介護老人保健施設,大阪市鶴見区鶴見一丁目６番１１１号,大阪市鶴見区,06-4257-1250,社会医療法人盛和会,2759280031,520,×,
662,介護老人保健施設すいれん,介護老人保健施設,大阪市鶴見区諸口6-15-74介護老人保健施設すいれん,大阪市鶴見区,06-6115-9002,社会福祉法人川福会,2759280049,520,×,
663,医療法人 真和会 老人保健施設プリオール,介護老人保健施設,大阪市鶴見区中茶屋２丁目１－２２,大阪市鶴見区,06-6914-6660,医療法人真和会,2759280023,520,×,
664,介護老人保健施設雅秀苑,介護老人保健施設,大阪市住之江区南港北1-4-1,大阪市住之江区,06-6613-8501,社会福祉法人帝塚山福祉会,2755980089,520,×,
665,介護老人保健施設 カルチェ住吉川,介護老人保健施設,大阪市住之江区北加賀屋一丁目１１番２０号,大阪市住之江区,06-6686-2511,医療法人仁悠会,2755980063,520,×,
666,アロンティアクラブ,介護老人保健施設,大阪市住之江区北島2-7-32,大阪市住之江区,06-6682-6620,医療法人弘善会,2755980014,520,×,
667,医療法人健正会介護老人保健施設はまさき,介護老人保健施設,大阪市住之江区北島三丁目６番２７号,大阪市住之江区,06-6681-5660,医療法人健正会,2755980022,520,×,
668,医療法人健正会介護老人保健施設はまさき２,介護老人保健施設,大阪市住之江区御崎四丁目１１番１３号,大阪市住之江区,06-4702-5530,医療法人健正会,2755980048,520,×,
669,医療法人健正会介護老人保健施設はまさき３,介護老人保健施設,大阪市住之江区平林南二丁目４番７号,大阪市住之江区,06-4702-0880,医療法人健正会,2755980071,520,×,
670,医療法人健正会介護老人保健施設はまさき４,介護老人保健施設,大阪市住之江区北島二丁目１１番８号,大阪市住之江区,06-6686-2000,医療法人健正会,2755980105,520,×,
671,介護老人保健施設おとしよりすこやかセンター南部館,介護老人保健施設,大阪市平野区喜連西6丁目2番33号,大阪市平野区,06-6701-6700,医療法人仁悠会,2755880107,520,×,
672,医療法人隆星会 介護老人保健施設オアシス,介護老人保健施設,大阪市平野区平野南一丁目7番7号,大阪市平野区,06-6790-1760,医療法人隆星会,2755880040,520,×,
673,老人保健施設 永寿ケアセンター,介護老人保健施設,大阪市平野区瓜破南１丁目２番３０号,大阪市平野区,06-6760-0707,社会福祉法人永寿福祉会,2755880057,520,×,
674,社会福祉法人 恩徳福祉会 介護老人保健施設 ながよし苑,介護老人保健施設,大阪市平野区長吉川辺3丁目8番5号,大阪市平野区,06-6701-3115,社会福祉法人 恩徳福祉会,,520,×,
675,介護老人保健施設 フェリス加美,介護老人保健施設,大阪市平野区加美西2-3-1,大阪市平野区,06-6795-1178,医療法人松仁会（社団）,2755880073,520,×,
676,介護老人保健施設 平野新生苑,介護老人保健施設,大阪市平野区平野東１ー８ー２９,大阪市平野区,06-6791-1800,医療法人富寿会,2755880016,520,×,
677,介護療養型老人保健施設ナーシングホーム長吉,介護老人保健施設,大阪市平野区長吉長原1-2-34,大阪市平野区,06-6709-0301,医療法人寺西報恩会,2755880065,520,×,
678,社会福祉法人慈恵園福祉会ながよし苑,介護老人保健施設,大阪市平野区長吉川辺3丁目8番5号,大阪市平野区,,社会福祉法人慈恵園福祉会,,520,×,
679,介護老人保健施設 青美,介護老人保健施設,大阪市北区中崎西３－３－４０,大阪市北区,06-6485-2283,医療法人泰山会,2754180020,520,×,
680,老健そねざき,介護老人保健施設,大阪市北区曽根崎1丁目1番20号,大阪市北区,06-7501-8653,社会福祉法人平成福祉会,2754180046,520,×,
681,ライフケア中津,介護老人保健施設,大阪市北区芝田2丁目10番39号,大阪市北区,,社会福祉法人恩賜財団済生会支部大阪府済生会,,520,×,
682,介護老人保健施設おとしより健康センター,介護老人保健施設,大阪市中央区島之内2丁目12番28号,大阪市中央区,06-6212-3271,社会福祉法人宝寿福祉会,2759480029,520,×,
683,介護老人保健施設みあ・かーさ,介護老人保健施設,堺市堺区今池町4丁4番12号,堺市堺区,072-229-9118,公益財団法人浅香山病院,2750180024,520,×,
684,介護老人保健施設ベルアルト,介護老人保健施設,堺市堺区南安井町3丁1番1号,堺市堺区,072-221-7001,社会福祉法人悠人会,2750180131,520,×,
685,老人保健施設 堺ラ・メール,介護老人保健施設,堺市堺区柏木町3丁3番9号,堺市堺区,072-245-8866,社会福祉法人おおとり福祉会,2750180057,520,×,
686,小規模介護老人保健施設 かーさ・あもーれ,介護老人保健施設,堺市堺区今池町3丁3番16号,堺市堺区,072-229-4882,公益財団法人浅香山病院,2756080012,520,×,
687,介護老人保健施設 ベルアモール,介護老人保健施設,堺市中区深井畑山町211,堺市中区,072-277-7711,社会医療法人生長会,2750180040,520,×,
688,介護老人保健施設だいせん,介護老人保健施設,堺市中区土塔町155番1,堺市中区,072-230-0201,医療法人大泉会,2750180123,520,×,
689,介護老人保健施設 ソルヴィラージュ,介護老人保健施設,堺市東区北野田636番地,堺市東区,072-235-5800,社会医療法人頌徳会,2750180032,520,×,
690,介護老人保健施設 クローバー悠苑,介護老人保健施設,堺市東区西野229-1,堺市東区,072-230-2480,医療法人恒尚会,2750180065,520,×,
691,介護老人保健施設 愛和園,介護老人保健施設,堺市西区太平寺327-1,堺市西区,072-297-9598,社会福祉法人堺福祉会,2750180073,520,×,
692,社会医療法人ペガサス介護療養型老人保健施設ペルセウス,介護老人保健施設,堺市西区浜寺船尾町東３丁４４７番地,堺市西区,072-265-8866,社会医療法人ペガサス,2756380016,520,×,
693,医療法人大泉会介護老人保健施設うえのしば,介護老人保健施設,堺市西区上野芝向ヶ丘町4丁24番30号,堺市西区,072-276-3500,医療法人大泉会,2756380024,520,×,
694,介護老人保健施設みみはら,介護老人保健施設,堺市西区鳳南町五丁594番地1,堺市西区,072-272-8050,社会医療法人同仁会,2750180081,520,×,
695,一般社団法人堺市医師会 介護老人保健施設いずみの郷,介護老人保健施設,堺市南区竹城台1-8-2,堺市南区,072-290-2277,一般社団法人堺市医師会,2750180115,520,×,
696,老人保健施設 美樹の園,介護老人保健施設,堺市南区美木多上1359番地2,堺市南区,072-296-1333,社会福祉法人美木多園,2750180107,520,×,
697,社会福祉法人貞省会 介護老人保健施設カロス,介護老人保健施設,堺市南区美木多上2308番地1,堺市南区,072-297-1102,社会福祉法人貞省会,2750180099,520,×,
698,介護老人保健施設 真秀ら,介護老人保健施設,堺市北区東三国ヶ丘町4-1-1,堺市北区,072-259-0803,医療法人仁悠会,2756580011,520,×,
699,介護老人保健施設アイリス堺正風,介護老人保健施設,堺市北区新金岡町五丁1番3号,堺市北区,072-253-2100,医療法人紀和会,2750180016,520,×,
700,介護老人保健施設ホットスプリング美原,介護老人保健施設,堺市美原区菅生９０３番地３,堺市美原区,072-363-2777,社会福祉法人天寿会,2750180156,520,×,
701,医療法人 好寿会 介護老人保健施設 かたおか,介護老人保健施設,堺市美原区今井381番地,堺市美原区,072-361-3301,医療法人好寿会,2750180149,520,×,
702,介護老人保健施設岸和田徳洲苑,介護老人保健施設,岸和田市三田町142番地,岸和田市,072-441-5501,医療法人徳洲会,2751180031,520,×,
703,介護老人保健施設 華,介護老人保健施設,岸和田市藤井町2丁目22-20,岸和田市,072-431-8791,医療法人良秀会,2751180023,520,×,
704,社会医療法人慈薫会 介護老人保健施設大阪緑ヶ丘,介護老人保健施設,岸和田市流木町668番地の1,岸和田市,072-428-0781,社会医療法人慈薫会,2751180015,520,×,
705,医療法人 若葉会 介護老人保健施設 わかば,介護老人保健施設,豊中市東泉丘3丁目1番1号,豊中市,06-6856-9770,医療法人若葉会,2754080097,520,×,
706,介護老人保健施設ロココリハ,介護老人保健施設,豊中市宝山町6-7,豊中市,06-6855-2525,医療法人社団創生会,2754080113,520,×,
707,介護老人保健施設かがやき,介護老人保健施設,豊中市刀根山元町5番60号介護老人保健施設かがやき,豊中市,06-6850-3400,社会福祉法人大阪府社会福祉事業団,2754080121,520,×,
708,介護老人保健施設 東雄苑豊南,介護老人保健施設,豊中市豊南町西３－１１－１５,豊中市,06-4867-2195,医療法人 桜希会,,520,×,
709,医療法人桜希会介護老人保健施設 東雄苑,介護老人保健施設,豊中市曽根南町2丁目11番28号,豊中市,06-6867-0866,医療法人桜希会,2754080055,520,×,
710,介護老人保健施設 やすらぎ,介護老人保健施設,豊中市 豊南町東 ２丁目６番４号,豊中市,06-6332-8000,医療法人豊済会,2754080014,520,×,
711,介護老人保健施設 すずらん,介護老人保健施設,豊中市 本町 ３－１－７,豊中市,06-6842-1165,医療法人豊成会,2754080030,520,×,
712,介護老人保健施設「二葉園」,介護老人保健施設,豊中市二葉町二丁目５番３号,豊中市,06-6335-2366,社会福祉法人日光会,2754080063,520,×,
713,介護老人保健施設 きんもくせい,介護老人保健施設,豊中市寺内1丁目1番10号,豊中市,06-6866-2941,社会福祉法人愛和会,2754080048,520,×,
714,医療法人 康生会 介護老人保健施設 ケアホーム豊中,介護老人保健施設,豊中市原田中一丁目１６番29号,豊中市,06-6841-3668,医療法人康生会,2754080105,520,×,
715,豊中市立かがやき,介護老人保健施設,豊中市刀根山元町5-60,豊中市,06-6850-3400,社会福祉法人大阪府社会福祉事業団,2754080121,520,×,
716,医療法人マックシール巽病院介護老人保健施設,介護老人保健施設,池田市天神1-5-22,池田市,072-762-1980,医療法人マックシール,2752580015,520,×,
717,介護老人保健施設 かいせい,介護老人保健施設,池田市建石町８番４７号,池田市,072-751-8003,医療法人互恵会,2752580023,520,×,
718,介護老人保健施設吹田徳洲苑,介護老人保健施設,吹田市千里丘西21番1号,吹田市,06-6878-9100,医療法人徳洲会,2751680097,520,×,
719,医療法人協和会介護老人保健施設ウエルハウス協和,介護老人保健施設,吹田市岸部北1丁目24番2号,吹田市,06-6339-0616,医療法人協和会,2751680022,520,×,
720,医療法人恒進會 介護老人保健施設たるみの里,介護老人保健施設,吹田市新芦屋下27-8,吹田市,06-6878-7270,医療法人恒進會,2751680063,520,×,
721,介護老人保健施設 フェリーチェ吹田,介護老人保健施設,吹田市岸部南１丁目２番９号,吹田市,06-6317-4165,社会福祉法人恩徳福祉会,2751680048,520,×,
722,吹田市介護老人保健施設,介護老人保健施設,吹田市片山町２丁目１３番２５号,吹田市,06-6330-5544,吹田市,2751680014,520,×,
723,介護老人保健施設千里,介護老人保健施設,吹田市山田北5-14,吹田市,06-4864-0880,医療法人泰山会,2751680055,520,×,
724,社会医療法人愛仁会 介護老人保健施設つくも,介護老人保健施設,吹田市津雲台4丁目7番2号,吹田市,06-6872-0270,社会医療法人愛仁会,2751680089,520,×,
725,医療法人蒼龍会つくも,介護老人保健施設,吹田市津雲台4-7-2,吹田市,06-6872-0270,社会医療法人愛仁会,2751680089,520,×,
726,医療法人穂仁会 介護老人保健施設 アザリア,介護老人保健施設,泉大津市下条町13-10,泉大津市,0725-20-5770,医療法人穂仁会,2750680015,520,×,
727,医療法人健和会介護老人保健施設ふれあい,介護老人保健施設,高槻市登町33番2号,高槻市,072-676-2011,医療法人健和会,2750980050,520,×,
728,医療法人社団 緑水会 介護老人保健施設 シルバーハウス高槻,介護老人保健施設,高槻市成合南の町３番１号,高槻市,072-688-7101,医療法人社団緑水会,2750980068,520,×,
729,社会医療法人 愛仁会 介護老人保健施設ケーアイ,介護老人保健施設,高槻市大字原112番地,高槻市,072-687-0103,社会医療法人愛仁会,2750980035,520,×,
730,介護老人保健施設サンガピア館,介護老人保健施設,高槻市大塚町5-20-3,高槻市,072-673-6500,社会医療法人東和会,2750980043,520,×,
731,みどりヶ丘介護老人保健施設,介護老人保健施設,高槻市奈佐原４丁目７番１号,高槻市,072-692-3111,社会医療法人祐生会,2750980027,520,×,
732,介護老人保健施設ローズマリー,介護老人保健施設,高槻市東和町５７－１,高槻市,072-671-0071,医療法人杏仁会,2750980019,520,×,
733,ラ・ポルトフィーナ高槻,介護老人保健施設,高槻市玉川1-5-2,高槻市,072-679-4165,医療法人　神明会,2750980092,520,×,
734,社会医療法人愛仁会 介護老人保健施設しんあい,介護老人保健施設,高槻市西之川原2丁目46番1号,高槻市,072-680-3000,社会医療法人 愛仁会,,520,×,
735,介護老人保健施設コスモス楽寿苑,介護老人保健施設,貝塚市森858番地,貝塚市,072-447-0007,医療法人桐葉会,2751380029,520,×,
736,介護老人保健施設 希望ヶ丘,介護老人保健施設,貝塚市水間５１０番地,貝塚市,072-446-7881,医療法人河﨑会,2751380011,520,×,
737,医療法人西浦会 介護老人保健施設長生苑,介護老人保健施設,守口市八雲中町３丁目１２番３号,守口市,06-6908-7770,医療法人西浦会（財団）,,520,×,
738,守口老人保健施設ラガール,介護老人保健施設,守口市大久保町３－３０－１５,守口市,06-6900-1900,社会医療法人弘道会,2753280011,520,×,
739,パナソニック健康保険組合 松下介護老人保健施設はーとぴあ,介護老人保健施設,守口市外島町5-55,守口市,06-6992-8131,パナソニック健康保険組合,2753280037,520,×,
740,寺方老人保健施設ラガール,介護老人保健施設,守口市寺方本通一丁目5番5号,守口市,06-6991-2020,社会医療法人弘道会,2753280045,520,×,
741,介護老人保健施設美杉,介護老人保健施設,枚方市西招提町２１６６番地,枚方市,072-866-7111,社会医療法人美杉会,2752480034,520,×,
742,介護老人保健施設 なごみの里,介護老人保健施設,枚方市長尾北町2-1845-1,枚方市,072-868-2072,医療法人みどり会,2752480067,520,×,
743,介護老人保健施設美樟苑,介護老人保健施設,枚方市養父東町18番30号,枚方市,072-867-0224,社会医療法人美杉会,2752480042,520,×,
744,医療法人大寿会介護老人保健施設ユートピア,介護老人保健施設,枚方市伊加賀西町４７－１,枚方市,072-841-2345,医療法人大寿会,2752480083,520,×,
745,枚方老人保健施設のぞみ,介護老人保健施設,枚方市田口山１丁目７番１号,枚方市,072-857-2525,社会福祉法人希望会,2752480117,520,×,
746,介護老人保健施設 勘右ェ門,介護老人保健施設,枚方市春日北町４丁目２１番１号,枚方市,072-808-5000,社会福祉法人永芳会,,520,×,
747,介護老人保健施設 カリタス東香里,介護老人保健施設,枚方市東香里１丁目２４番３6号,枚方市,072-853-0531,社会医療法人三上会,2752480059,520,×,
748,医療法人松徳会 介護老人保健施設老健ふじさか,介護老人保健施設,枚方市藤阪天神町1番60号,枚方市,072-897-0111,医療法人松徳会,2752480075,520,×,
749,介護老人保健施設 サテライトなごみの里,介護老人保健施設,枚方市長尾北町3丁目1番1号,枚方市,072-818-2071,医療法人みどり会,2752480109,520,×,
750,医療法人美盛会美樟苑,介護老人保健施設,枚方市養父東町18番30号,枚方市,072-867-0224,社会医療法人美杉会,2752480042,520,×,
751,医療法人恵仁会 介護老人保健施設たんぽぽ,介護老人保健施設,茨木市真砂三丁目21番27号,茨木市,072-636-8750,医療法人恵仁会,2754280044,520,×,
752,医療法人恵仁会 介護老人保健施設めぐみ,介護老人保健施設,茨木市南安威2丁目10-17,茨木市,072-641-8351,医療法人恵仁会,2754280051,520,×,
753,介護老人保健施設ひまわり,介護老人保健施設,茨木市南春日丘七丁目9番18号,茨木市,072-621-2691,社会医療法人愛仁会,,520,×,
754,老人保健施設 清渓苑,介護老人保健施設,茨木市泉原38番地の1,茨木市,072-649-0111,社会福祉法人天王福祉会,2754280010,520,×,
755,介護老人保健施設 あいの苑,介護老人保健施設,茨木市東太田4丁目5番20号,茨木市,072-645-6550,社会福祉法人藍野福祉会,2754280069,520,×,
756,介護老人保健施設ライフポート茨木,介護老人保健施設,茨木市見付山2丁目1番39号,茨木市,072-622-0062,社会福祉法人恩賜財団済生会支部大阪府済生,2754280036,520,×,
757,医療法人蒼龍会ひまわり,介護老人保健施設,茨木市南春日丘7-9-18,茨木市,072-621-2691,社会医療法人愛仁会,2754280077,520,×,
758,介護老人保健施設ノーブル楽音寺,介護老人保健施設,八尾市楽音寺３－５,八尾市,072-941-8005,医療法人貴島会,,520,×,
759,介護老人保健施設 八尾徳洲苑,介護老人保健施設,八尾市荘内町1丁目2-35,八尾市,072-991-2291,医療法人 徳洲会,,520,×,
760,介護老人保健施設 スローライフ八尾,介護老人保健施設,八尾市福栄町１丁目１２番地,八尾市,072-990-0100,社会福祉法人和貴会,2755580061,520,×,
761,介護老人保健施設あおぞら,介護老人保健施設,八尾市沼１丁目４１番地,八尾市,072-948-2545,社会医療法人医真会,2755580053,520,×,
762,介護老人保健施設 悠久苑,介護老人保健施設,八尾市大字山畑5番地1老人保健施設 悠久苑,八尾市,072-941-3222,医療法人阪本医院,2755580020,520,×,
763,介護老人保健施設 ホライズン,介護老人保健施設,泉佐野市下瓦屋２２１－１,泉佐野市,072-460-2020,社会福祉法人水平会,2754580021,520,×,
764,介護老人保健施設 エルダーケア,介護老人保健施設,泉佐野市中庄１３１０番地,泉佐野市,072-458-7111,社会福祉法人和泉の国,2754580039,520,×,
765,介護老人保健施設 栄公苑,介護老人保健施設,泉佐野市中町２丁目４番２８号,泉佐野市,072-464-3009,社会医療法人栄公会,2754580013,520,×,
766,介護老人保健施設きし,介護老人保健施設,富田林市中野町西２丁目273,富田林市,0721-23-0201,医療法人春秋会,2754980023,520,×,
767,富田林市介護老人保健施設,介護老人保健施設,富田林市向陽台一丁目４番３０号,富田林市,0721-28-8666,富田林市,2754980015,520,×,
768,介護老人保健施設 ハーモニィー,介護老人保健施設,寝屋川市寝屋２丁目１４番９号,寝屋川市,072-824-2090,医療法人一祐会,2750380020,520,×,
769,医療法人協仁会 介護老人保健施設 松柏苑,介護老人保健施設,寝屋川市川勝町１１－２７,寝屋川市,072-823-1721,医療法人協仁会,2750380012,520,×,
770,介護老人保健施設くすのき,介護老人保健施設,寝屋川市葛原1丁目29番13号,寝屋川市,072-830-5551,医療法人楠医院,2750380053,520,×,
771,医療法人 大雲会 介護老人保健施設 点野やすらぎの里,介護老人保健施設,寝屋川市点野1丁目1番26号,寝屋川市,072-801-5005,医療法人大雲会,2750380038,520,×,
772,医療法人生登会 かわちながの介護老人保健施設 てらもと総合福祉センター,介護老人保健施設,河内長野市 小山田町 1701番地の1,河内長野市,0721-52-7000,医療法人生登会,2750780013,520,×,
773,介護老人保健施設 寿里苑フェリス,介護老人保健施設,河内長野市加賀田885-2,河内長野市,0721-62-0700,社会福祉法人博光福祉会,2750780039,520,×,
774,介護老人保健施設あかしあ,介護老人保健施設,河内長野市あかしあ台２丁目６番１１号,河内長野市,0721-56-8500,社会福祉法人恩徳福祉会,2750780021,520,×,
775,介護老人保健施設 松原徳洲苑,介護老人保健施設,松原市天美東7丁目103番地,松原市,072-334-3402,医療法人徳洲会,,520,×,
776,介護老人保健施設 竜間之郷,介護老人保健施設,大東市大字龍間1595-7,大東市,072-869-0076,社会医療法人若弘会,2751980018,520,×,
777,介護老人保健施設阪奈苑,介護老人保健施設,大東市寺川１丁目１番１号,大東市,072-875-0001,医療法人仁泉会,2751980026,520,×,
778,介護老人保健施設 サンガーデン府中,介護老人保健施設,和泉市山荘町2-1-15,和泉市,0725-46-2001,社会福祉法人悠人会,2750580017,520,×,
779,介護老人保健施設 プリムラ和泉,介護老人保健施設,和泉市松尾寺町３３０番地,和泉市,0725-54-1912,医療法人博我会,2750580025,520,×,
780,介護老人保健施設 くろいし,介護老人保健施設,和泉市黒石町５６６番1,和泉市,0725-57-2266,医療法人大泉会,2750580041,520,×,
781,医療法人和泉会介護老人保健施設ザ・シーズン,介護老人保健施設,和泉市若樫町３０番１,和泉市,0725-53-1133,医療法人和泉会,2750580033,520,×,
782,社会医療法人ペガサス 介護療養型老人保健施設 エクウス,介護老人保健施設,和泉市上町81番地,和泉市,0725-43-2010,社会医療法人ペガサス,2750580058,520,×,
783,介護老人保健施設 ラ・アケソニア,介護老人保健施設,箕面市白島1丁目19-3,箕面市,072-727-6514,医療法人神明会,2751480043,520,×,
784,社会医療法人寿楽会 介護老人保健施設箕面グリーンビィラ,介護老人保健施設,箕面市粟生間谷東１－３３－２５,箕面市,072-727-3475,社会医療法人寿楽会,2751480027,520,×,
785,箕面市立介護老人保健施設,介護老人保健施設,箕面市萱野５丁目８番２号,箕面市,072-727-9530,箕面市,2751480019,520,×,
786,介護老人保健施設 ニューライフガラシア,介護老人保健施設,箕面市 粟生間谷西 ６－１４－１,箕面市,072-729-2346,医療法人ガラシア会,2751480035,520,×,
787,介護老人保健施設 知恵の和苑,介護老人保健施設,柏原市古町3-2-17,柏原市,072-973-4801,医療法人 仁悠会,,520,×,
788,介護老人保健施設ローズウッド国分,介護老人保健施設,柏原市旭ヶ丘4丁目672番地,柏原市,072-977-8980,医療法人養心会,2754680011,520,×,
789,介護老人保健施設 悠々亭,介護老人保健施設,羽曳野市樫山100番地の1,羽曳野市,072-953-1002,医療法人はぁとふる,2753880018,520,×,
790,介護老人保健施設まほろば,介護老人保健施設,羽曳野市誉田三丁目１５番６号,羽曳野市,072-958-6655,医療法人颯仁会,2753880026,520,×,
791,医療法人昌円会 老人保健施設あったか村,介護老人保健施設,羽曳野市恵我之荘3-2-4,羽曳野市,072-936-1551,医療法人昌円会,2753880034,520,×,
792,医療法人昌円会 介護老人保健施設宙,介護老人保健施設,羽曳野市恵我之荘3-1-3,羽曳野市,072-939-0011,医療法人昌円会,2753880042,520,×,
793,介護老人保健施設 摂南の郷,介護老人保健施設,門真市柳町3－33,門真市,06-6909-6100,医療法人孟仁会,2752680013,520,×,
794,門真老健ひかり,介護老人保健施設,門真市北岸和田1丁目14-23,門真市,072-887-6780,医療法人柏友会,,520,×,
795,介護老人保健施設 蒼の里,介護老人保健施設,門真市島頭3-1-15,門真市,072-885-0080,社会医療法人蒼生会,2752680039,520,×,
796,老人保健施設 老健ひかり,介護老人保健施設,摂津市東別府五丁目2番45号,摂津市,06-6340-1155,社会福祉法人成晃会,2753780028,520,×,
797,医療法人医誠会介護老人保健施設エスペラル摂津,介護老人保健施設,摂津市南千里丘1番24号介護老人保健施設エスペラル摂津,摂津市,06-6319-0228,医療法人医誠会,2753780010,520,×,
798,高石市立老人保健施設,介護老人保健施設,高石市羽衣４丁目４番２６号,高石市,072-267-1215,高石市,2755380025,520,×,
799,介護老人保健施設 サンシャイン高石,介護老人保健施設,高石市取石５丁目８番３８号,高石市,072-275-1061,社会福祉法人遺徳会,2755380017,520,×,
800,高石市立,介護老人保健施設,高石市羽衣4丁目4番26号,高石市,072-267-1215,高石市,2755380025,520,×,
801,介護老人保健施設ふじいでら,介護老人保健施設,藤井寺市野中1丁目103番１,藤井寺市,072-939-5330,社会福祉法人恩徳福祉会,2753480025,520,×,
802,介護老人保健施設ベルフラワー,介護老人保健施設,東大阪市東鴻池町２－３－２２,東大阪市,072-967-1122,医療法人朋愛会,2755080054,520,×,
803,介護老人保健施設 玉串すみれ苑,介護老人保健施設,東大阪市玉串町西３丁目２番３号,東大阪市,072-966-2000,医療法人越宗会（財団）,2755080104,520,×,
804,介護老人保健施設 五十忠,介護老人保健施設,東大阪市御幸町3-34,東大阪市,072-980-6700,社会福祉法人ほほえみ福祉会,2755080120,520,×,
805,介護老人保健施設 プレシオ,介護老人保健施設,東大阪市長堂3丁目2-11,東大阪市,06-4308-0050,医療法人真和会,,520,×,
806,介護老人保健施設長田の里,介護老人保健施設,東大阪市長田東1丁目3番5号,東大阪市,06-6788-8192,社会福祉法人川福会,2755080088,520,×,
807,介護老人保健施設 アーバンケア,介護老人保健施設,東大阪市御厨東１丁目９番５５号,東大阪市,06-6784-7077,社会福祉法人由寿会,2755080096,520,×,
808,介護老人保健施設プレジャーライフ,介護老人保健施設,東大阪市宝持３丁目1-11,東大阪市,06-6722-1228,社会福祉法人美正福祉会,2755080112,520,×,
809,医療法人 興世会 介護老人保健施設 石きり,介護老人保健施設,東大阪市東石切町1丁目7番27号,東大阪市,072-981-0122,医療法人興世会,,520,×,
810,介護老人保健施設 南荘の郷,介護老人保健施設,東大阪市南荘町１３－４０,東大阪市,072-980-7300,医療法人孟仁会,2755080062,520,×,
811,介護老人保健施設 枚岡の里,介護老人保健施設,東大阪市出雲井本町３－２５,東大阪市,072-985-2511,社会福祉法人川福会,2755080013,520,×,
812,介護老人保健施設 ヴァンベール,介護老人保健施設,東大阪市岩田町４丁目２番１号,東大阪市,072-961-7875,医療法人寿山会,,520,×,
813,医療法人康生会弥刀,介護老人保健施設,東大阪市友井3丁目3-37,東大阪市,,医療法人康生会,,520,×,
814,介護老人保健施設ライフポート泉南,介護老人保健施設,泉南市りんくう南浜３番7,泉南市,072-480-5611,社会福祉法人恩賜財団済生会支部大阪府済生,2755680028,520,×,
815,介護老人保健施設ケアセンター虹,介護老人保健施設,泉南市中小路2丁目1860番地の1,泉南市,072-484-3377,医療法人 功徳会泉南,,520,×,
816,社会医療法人信愛会 介護老人保健施設 畷生会 遊々館,介護老人保健施設,四條畷市江瀬美町26番7号,四條畷市,072-863-7770,社会医療法人信愛会,2755780026,520,×,
817,医療法人和幸会介護老人保健施設パークヒルズ田原苑,介護老人保健施設,四條畷市上田原６１３番地,四條畷市,0743-78-9499,医療法人和幸会,2755780018,520,×,
818,介護老人保健施設 逢々館かたの,介護老人保健施設,交野市私部二丁目１１番３８号,交野市,072-895-1771,社会医療法人信愛会,2753680012,520,×,
819,介護老人保健施設青山,介護老人保健施設,交野市青山三丁目４３２番,交野市,072-893-0328,社会福祉法人紫水会,2753680020,520,×,
820,介護老人保健施設 さやまの里,介護老人保健施設,大阪狭山市岩室２丁目１８５－１１,大阪狭山市,072-365-5878,医療法人 六三会,,520,×,
821,医療法人藤田好生会・介護老人保健施設ふれ,介護老人保健施設,大阪狭山市東野東一丁目３００番地の１,大阪狭山市,072-366-1735,医療法人藤田好生会,2759380021,520,×,
822,介護老人保健施設 メデケアタマイ,介護老人保健施設,阪南市箱作2047-3,阪南市,072-476-1111,社会福祉法人大泉会,2759580018,520,×,
823,介護老人保健施設若山荘,介護老人保健施設,三島郡島本町大字広瀬１１２１番地,島本町,075-961-6789,医療法人清仁会,2753980016,520,×,
824,介護老人保健施設アルカディア,介護老人保健施設,泉南郡熊取町七山２－２－１,熊取町,072-452-2430,医療法人爽神堂,2751280021,520,×,
825,介護老人保健施設 ライフケアながやま,介護老人保健施設,泉南郡熊取町大久保中２丁目１番２６号,熊取町,072-453-1580,社会医療法人三和会,2751280039,520,×,
826,みさき,介護老人保健施設,泉南郡岬町淡輪1790番地,岬町,072-494-0100,社会福祉法人親光会,2751280013,520,×,
827,医療法人 誠人会 与田病院併設 介護老人保健施設 花水木,介護老人保健施設,泉南郡岬町多奈川谷川1847番地の19,岬町,072-495-0810,医療法人誠人会,2751280054,520,×,
828,介護老人保健施設 すずの音,介護老人保健施設,南河内郡太子町大字春日９７９番地の５９,太子町,0721-98-6868,社会福祉法人朱音会,2753580030,520,×,
829,フジタ病院介護医療院,介護医療院,大阪市福島区吉野2-10-11,大阪市福島区,06-6441-1181,医療法人藤田会（財団）,,550,×,
830,医療法人日新会 日新会介護医療院,介護医療院,大阪市西区4丁目4番8号,大阪市西区,06-6531-3038,医療法人日新会,,550,×,
831,医療法人仁生会 介護医療院,介護医療院,大阪市西区九条1丁目15番23号,大阪市西区,06-6581-0085,医療法人仁生会,,550,×,
832,介護医療院 港さつき苑,介護医療院,大阪市港区弁天４丁目１６番１８号,大阪市港区,06-6571-6675,医療法人英皐会,,550,×,
833,医療法人正啓会 西下胃腸病院介護医療院,介護医療院,大阪市天王寺区北河堀町4番15号,大阪市天王寺区,06-6771-2450,医療法人正啓会,,550,×,
834,医療法人 西中医学会 西中病院介護医療院,介護医療院,大阪市東住吉区湯里5-9-6,大阪市東住吉区,06-6700-5200,医療法人西中医学会,,550,×,
835,医療法人以和貴会 北条病院 介護医療院,介護医療院,堺市北区百舌鳥陵南町1丁77番地1,堺市北区,072-277-1119,医療法人以和貴会,,550,×,
836,天の川病院介護医療院,介護医療院,岸和田市春木大国町8-4,岸和田市,072-436-2233,いりょうほうじん はんなんかい,,550,×,
837,高橋病院 介護医療院,介護医療院,貝塚市堀1丁目16-6,貝塚市,072-438-0261,医療法人積善会,,550,×,
838,東香里介護医療院,介護医療院,枚方市高田2-28-30,枚方市,072-853-0502,社会医療法人三上会,,550,×,
839,医療法人中屋覚志会 津田介護医療院,介護医療院,枚方市津田北町三丁目３０番１号,枚方市,072-858-8259,医療法人中屋覚志会,,550,×,
840,社会医療法人美杉会佐藤病院介護医療院,介護医療院,枚方市養父東町65-1,枚方市,072-800-1554,社会医療法人美杉会,,550,×,
841,医療法人 永光会 介護医療院 新井病院,介護医療院,八尾市美園町4-156-3,八尾市,072-999-5060,医療法人 永光会,,550,×,
842,貴島病院本院介護医療院,介護医療院,八尾市楽音寺3-33,八尾市,072-941-1499,医療法人貴島会,,550,×,
843,医療法人仙寿会 泉佐野介護医療院,介護医療院,泉佐野市大宮町４番１６号,泉佐野市,072-463-0500,医療法人仙寿会,,550,×,
844,松島病院介護医療院,介護医療院,寝屋川市八坂町23-21松島病院,寝屋川市,072-826-5021,—,,550,×,
845,明治橋病院 介護医療院,介護医療院,松原市三宅西1丁目358番地3,松原市,072-334-8558,社会医療法人垣谷会,,550,×,
846,医療法人聖和錦秀会 阪和いずみ病院 介護医療院,介護医療院,和泉市 あゆみ野 1-7-1,和泉市,0725-53-1555,医療法人聖和錦秀会,,550,×,
847,医療法人橘会 介護医療院 横山病院,介護医療院,和泉市仏並町２８７番地,和泉市,0725-92-0045,医療法人橘会,,550,×,
848,医療法人新仁会 新仁会病院介護医療院,介護医療院,和泉市寺田町二丁目７番３９号,和泉市,0725-45-5661,医療法人新仁会（社団）,,550,×,
849,社会医療法人 弘道会 門真介護医療院,介護医療院,門真市新橋町33番12号,門真市,06-6902-7272,社会医療法人弘道会,,550,×,
850,介護医療院 菜の花,介護医療院,高石市綾園2-15-18,高石市,072-263-6300,医療法人良秀会,,550,×,
851,社会福祉法人竹井病院 竹井医院介護医療院,介護医療院,東大阪市長堂一丁目２８番６号,東大阪市,06-6781-0603,社会福祉法人竹井病院,,550,×,
