no,id,facility,type,jigyosyo_cd,service_cd,official_url,master_csv_url,address,region,zip,tel
1,yk00001,フェリーチェ上野原,特養,,510,,https://www.mhlw.go.jp/content/12300000/jigyosho_510_all_20260709180754.csv,上野原市大椚611,上野原市,409-0134,0554-63-0294
2,yk00002,桜の里,特養,,540,,https://www.mhlw.go.jp/content/12300000/jigyosho_540_all_20260709180811.csv,上野原市大野2345,上野原市,409-0123,0554-66-5111
3,yk00003,紡木長屋,特養,,510,,https://www.mhlw.go.jp/content/12300000/jigyosho_510_all_20260709180754.csv,上野原市大野2367-1,上野原市,409-0123,0554-66-2351
4,yk00004,「らくえん」,特養,,510,,https://www.mhlw.go.jp/content/12300000/jigyosho_510_all_20260709180754.csv,中央市極楽寺748,中央市,409-3811,055-274-1294
5,yk00005,ふる里ホーム 玉穂げんき村,特養,,540,,https://www.mhlw.go.jp/content/12300000/jigyosho_540_all_20260709180811.csv,中央市乙黒235-1,中央市,409-3812,055-234-5700
6,yk00006,ふる里ホーム山之神,特養,,540,,https://www.mhlw.go.jp/content/12300000/jigyosho_540_all_20260709180811.csv,中央市山之神74番地,中央市,409-3845,055-267-5770
7,yk00007,らくえん倶楽部,特養,,540,,https://www.mhlw.go.jp/content/12300000/jigyosho_540_all_20260709180811.csv,中央市極楽寺745-1,中央市,409-3811,055-273-1294
8,yk00008,田富荘,特養,,510,,https://www.mhlw.go.jp/content/12300000/jigyosho_510_all_20260709180754.csv,中央市西花輪499,中央市,409-3843,055-274-5000
9,yk00009,みのる荘,特養,,510,,https://www.mhlw.go.jp/content/12300000/jigyosho_510_all_20260709180754.csv,北杜市高根町箕輪2270-1,北杜市,408-0012,0551-47-5400
10,yk00010,仁生園,特養,,510,,https://www.mhlw.go.jp/content/12300000/jigyosho_510_all_20260709180754.csv,北杜市長坂町小荒間1293,北杜市,408-0031,0551-32-3340
11,yk00011,個別ユニット型明山荘,特養,,510,,https://www.mhlw.go.jp/content/12300000/jigyosho_510_all_20260709180754.csv,北杜市明野町上手520,北杜市,407-0204,0551-25-2512
12,yk00012,明山荘,特養,,510,,https://www.mhlw.go.jp/content/12300000/jigyosho_510_all_20260709180754.csv,北杜市明野町上手520,北杜市,407-0204,0551-25-2512
13,yk00013,長寿荘,特養,,510,,https://www.mhlw.go.jp/content/12300000/jigyosho_510_all_20260709180754.csv,北杜市須玉町若神子2169,北杜市,408-0112,0551-30-7732
14,yk00014,ひまわりの家,特養,,540,,https://www.mhlw.go.jp/content/12300000/jigyosho_540_all_20260709180811.csv,南アルプス市小笠原1328-1,南アルプス市,400-0306,055-283-0055
15,yk00015,南岳荘,特養,,510,,https://www.mhlw.go.jp/content/12300000/jigyosho_510_all_20260709180754.csv,南アルプス市徳永436-1,南アルプス市,400-0203,055-280-5281
16,yk00016,櫛形荘,特養,,510,,https://www.mhlw.go.jp/content/12300000/jigyosho_510_all_20260709180754.csv,南アルプス市上宮地1408,南アルプス市,400-0312,055-284-0020
17,yk00017,白峰荘,特養,,540,,https://www.mhlw.go.jp/content/12300000/jigyosho_540_all_20260709180811.csv,南アルプス市飯野2820,南アルプス市,400-0222,055-288-7080
18,yk00018,白根聖明園,特養,,510,,https://www.mhlw.go.jp/content/12300000/jigyosho_510_all_20260709180754.csv,南アルプス市在家塚1305,南アルプス市,400-0221,055-284-2201
19,yk00019,花菱荘,特養,,510,,https://www.mhlw.go.jp/content/12300000/jigyosho_510_all_20260709180754.csv,南アルプス市田島1108,南アルプス市,400-0402,055-280-1300
20,yk00020,豊寿荘,特養,,540,,https://www.mhlw.go.jp/content/12300000/jigyosho_540_all_20260709180811.csv,南アルプス市十日市場727-1,南アルプス市,400-0336,055-282-0608
21,yk00021,ネオライフとみざわ,特養,,510,,https://www.mhlw.go.jp/content/12300000/jigyosho_510_all_20260709180754.csv,南巨摩郡南部町福士2688-3,南部町,409-2102,0556-66-3500
22,yk00022,慈生園,特養,,510,,https://www.mhlw.go.jp/content/12300000/jigyosho_510_all_20260709180754.csv,南巨摩郡南部町中野2847,南部町,409-2211,0556-64-2024
23,yk00023,サンコート大月,特養,,540,,https://www.mhlw.go.jp/content/12300000/jigyosho_540_all_20260709180811.csv,大月市賑岡町浅利1108-1,大月市,401-0005,0554-23-1165
24,yk00024,サンコート大月サテライト,特養,,540,,https://www.mhlw.go.jp/content/12300000/jigyosho_540_all_20260709180811.csv,大月市賑岡町浅利1108-6,大月市,401-0005,0554-23-1165
25,yk00025,大月富士見苑,特養,,510,,https://www.mhlw.go.jp/content/12300000/jigyosho_510_all_20260709180754.csv,大月市大月町真木4660,大月市,401-0016,0554-23-0294
26,yk00026,山美家,特養,,540,,https://www.mhlw.go.jp/content/12300000/jigyosho_540_all_20260709180811.csv,大月市初狩町中初狩3274-45,大月市,401-0022,0554-20-2550
27,yk00027,志仁也,特養,,510,,https://www.mhlw.go.jp/content/12300000/jigyosho_510_all_20260709180754.csv,大月市初狩町下初狩4146-10,大月市,401-0021,0554-20-2552
28,yk00028,おりひめ,特養,,540,,https://www.mhlw.go.jp/content/12300000/jigyosho_540_all_20260709180811.csv,富士吉田市上吉田5410-1,富士吉田市,403-0005,0555-73-8552
29,yk00029,しののめ,特養,,540,,https://www.mhlw.go.jp/content/12300000/jigyosho_540_all_20260709180811.csv,富士吉田市小明見1346番地,富士吉田市,403-0002,0555-30-4005
30,yk00030,寿荘,特養,,510,,https://www.mhlw.go.jp/content/12300000/jigyosho_510_all_20260709180754.csv,富士吉田市下吉田9丁目9-10,富士吉田市,403-0004,0555-20-1727
31,yk00031,慶和荘,特養,,510,,https://www.mhlw.go.jp/content/12300000/jigyosho_510_all_20260709180754.csv,富士吉田市上吉田熊穴4584,富士吉田市,403-0005,0555-23-3000
32,yk00032,慶和荘サテライト,特養,,540,,https://www.mhlw.go.jp/content/12300000/jigyosho_540_all_20260709180811.csv,富士吉田市上吉田字熊穴4587,富士吉田市,403-0005,0555-20-0385
33,yk00033,慶和荘シンビオシス,特養,,540,,https://www.mhlw.go.jp/content/12300000/jigyosho_540_all_20260709180811.csv,富士吉田市上吉田東4丁目8-4,富士吉田市,403-0032,0555-23-3033
34,yk00034,慶和荘レジデンス,特養,,540,,https://www.mhlw.go.jp/content/12300000/jigyosho_540_all_20260709180811.csv,富士吉田市上吉田字熊穴4555-1,富士吉田市,403-0005,0555-23-3000
35,yk00035,芙蓉荘,特養,,510,,https://www.mhlw.go.jp/content/12300000/jigyosho_510_all_20260709180754.csv,富士吉田市松山1613,富士吉田市,403-0016,0555-22-5524
36,yk00036,富士川荘,特養,,510,,https://www.mhlw.go.jp/content/12300000/jigyosho_510_all_20260709180754.csv,南巨摩郡富士川町鰍沢1807,富士川町,400-0601,0556-22-4466
37,yk00037,福寿荘,特養,,510,,https://www.mhlw.go.jp/content/12300000/jigyosho_510_all_20260709180754.csv,南巨摩郡富士川町小室1241,富士川町,400-0512,0556-22-5501
38,yk00038,福寿荘きらきら,特養,,510,,https://www.mhlw.go.jp/content/12300000/jigyosho_510_all_20260709180754.csv,南巨摩郡富士川町最勝寺1307-1,富士川町,400-0502,0556-22-7531
39,yk00039,なでしこ,特養,,540,,https://www.mhlw.go.jp/content/12300000/jigyosho_540_all_20260709180811.csv,南都留郡富士河口湖町船津2210,富士河口湖町,401-0301,0555-72-5601
40,yk00040,ユニット型地域密着型特別養護老人ホーム富士山荘まほろば,特養,,540,,https://www.mhlw.go.jp/content/12300000/jigyosho_540_all_20260709180811.csv,南都留郡富士河口湖町勝山字白木2963番1,富士河口湖町,401-0310,0555-85-2878
41,yk00041,カインドネスケア,特養,,540,,https://www.mhlw.go.jp/content/12300000/jigyosho_540_all_20260709180811.csv,山梨市三か所144-1,山梨市,405-0011,0553-34-9411
42,yk00042,サテライト桃源荘日川,特養,,540,,https://www.mhlw.go.jp/content/12300000/jigyosho_540_all_20260709180811.csv,山梨市一町田中197,山梨市,405-0025,0553-21-7120
43,yk00043,個室ユニット型桃源荘,特養,,510,,https://www.mhlw.go.jp/content/12300000/jigyosho_510_all_20260709180754.csv,山梨市一町田中155,山梨市,405-0025,0553-22-2361
44,yk00044,恵信サテライトロジェ山梨,特養,,540,,https://www.mhlw.go.jp/content/12300000/jigyosho_540_all_20260709180811.csv,山梨市落合464-1,山梨市,405-0033,0553-39-8380
45,yk00045,恵信ロジェ山梨,特養,,510,,https://www.mhlw.go.jp/content/12300000/jigyosho_510_all_20260709180754.csv,山梨市南1335,山梨市,405-0042,0553-20-1711
46,yk00046,桃源荘,特養,,510,,https://www.mhlw.go.jp/content/12300000/jigyosho_510_all_20260709180754.csv,山梨市一町田中155,山梨市,405-0025,0553-22-2361
47,yk00047,笛吹荘,特養,,510,,https://www.mhlw.go.jp/content/12300000/jigyosho_510_all_20260709180754.csv,山梨市牧丘町室伏2452,山梨市,404-0012,0553-35-5522
48,yk00048,うぐいすの森,特養,,540,,https://www.mhlw.go.jp/content/12300000/jigyosho_540_all_20260709180811.csv,西八代郡市川三郷町下大鳥居2132,市川三郷町,409-3606,055-272-0036
49,yk00049,りんどうの里,特養,,510,,https://www.mhlw.go.jp/content/12300000/jigyosho_510_all_20260709180754.csv,西八代郡市川三郷町高田3043,市川三郷町,409-3606,055-272-3355
50,yk00050,地域密着型介護老人福祉施設りんどうの里,特養,,540,,https://www.mhlw.go.jp/content/12300000/jigyosho_540_all_20260709180811.csv,西八代郡市川三郷町高田3043,市川三郷町,409-3606,055-272-3355
51,yk00051,清珠荘,特養,,510,,https://www.mhlw.go.jp/content/12300000/jigyosho_510_all_20260709180754.csv,西八代郡市川三郷町岩間5000,市川三郷町,409-3244,0556-32-3838
52,yk00052,いちいの木,特養,,510,,https://www.mhlw.go.jp/content/12300000/jigyosho_510_all_20260709180754.csv,南都留郡忍野村内野中賀背3572-1,忍野村,401-0512,0555-84-1215
53,yk00053,草塩おんせん,特養,,540,,https://www.mhlw.go.jp/content/12300000/jigyosho_540_all_20260709180811.csv,南巨摩郡早川町草塩79-1,早川町,409-2714,0556-20-5155
54,yk00054,ほたるの郷・翔和,特養,,540,,https://www.mhlw.go.jp/content/12300000/jigyosho_540_all_20260709180811.csv,中巨摩郡昭和町清水新居321,昭和町,409-3867,055-231-8001
55,yk00055,昭寿荘,特養,,510,,https://www.mhlw.go.jp/content/12300000/jigyosho_510_all_20260709180754.csv,中巨摩郡昭和町西条2605,昭和町,409-3866,055-275-5551
56,yk00056,ひかり屋形,特養,,540,,https://www.mhlw.go.jp/content/12300000/jigyosho_540_all_20260709180811.csv,甲州市塩山熊野774,甲州市,404-0036,0553-39-9000
57,yk00057,ぶどう畑,特養,,540,,https://www.mhlw.go.jp/content/12300000/jigyosho_540_all_20260709180811.csv,甲州市勝沼町休息1300-1,甲州市,409-1304,0553-44-6500
58,yk00058,サテライトぶどう畑,特養,,540,,https://www.mhlw.go.jp/content/12300000/jigyosho_540_all_20260709180811.csv,甲州市勝沼町綿塚663-1,甲州市,409-1305,0553-44-6500
59,yk00059,ヒルズ勝沼,特養,,510,,https://www.mhlw.go.jp/content/12300000/jigyosho_510_all_20260709180754.csv,甲州市勝沼町下岩崎2091,甲州市,409-1313,0553-44-5581
60,yk00060,光風園,特養,,510,,https://www.mhlw.go.jp/content/12300000/jigyosho_510_all_20260709180754.csv,甲州市塩山西野原603,甲州市,404-0035,0553-33-7511
61,yk00061,緑と風,特養,,540,,https://www.mhlw.go.jp/content/12300000/jigyosho_540_all_20260709180811.csv,甲州市塩山下於曽1257-1,甲州市,404-0043,0553-32-6541
62,yk00062,緑風苑,特養,,510,,https://www.mhlw.go.jp/content/12300000/jigyosho_510_all_20260709180754.csv,甲州市塩山下於曽1256,甲州市,404-0043,0553-32-4165
63,yk00063,サテライト万寿の杜,特養,1990100636,540,https://www.kaigokensaku.mhlw.go.jp/19/index.php?JigyosyoCd=1990100636-00&ServiceCd=540&action_kouhyou_detail_feature_index=true,https://www.mhlw.go.jp/content/12300000/jigyosho_540_all_20260709180811.csv,甲府市湯村3-8-1,甲府市,400-0073,055-288-0722
64,yk00064,サテライト特養尚古園,特養,1990100081,540,https://www.kaigokensaku.mhlw.go.jp/19/index.php?JigyosyoCd=1990100081-00&ServiceCd=540&action_kouhyou_detail_feature_index=true,https://www.mhlw.go.jp/content/12300000/jigyosho_540_all_20260709180811.csv,甲府市中央1-16-2,甲府市,400-0032,055-237-3650
65,yk00065,トリアス,特養,1970100200,510,https://www.kaigokensaku.mhlw.go.jp/19/index.php?JigyosyoCd=1970100200-00&ServiceCd=510&action_kouhyou_detail_feature_index=true,https://www.mhlw.go.jp/content/12300000/jigyosho_510_all_20260709180754.csv,甲府市国玉町951-1,甲府市,400-0815,055-223-3303
66,yk00066,介護老人福祉施設風林荘,特養,1970101901,510,https://www.kaigokensaku.mhlw.go.jp/19/index.php?JigyosyoCd=1970101901-00&ServiceCd=510&action_kouhyou_detail_feature_index=true,https://www.mhlw.go.jp/content/12300000/jigyosho_510_all_20260709180754.csv,甲府市宮原町1191,甲府市,400-0058,055-241-5656
67,yk00067,地域密着型介護老人福祉施設 フォーリーブス甲府,特養,,540,,https://www.mhlw.go.jp/content/12300000/jigyosho_540_all_20260709180811.csv,甲府市東下条町107,甲府市,400-0843,055-243-4800
68,yk00068,地域密着型介護老人福祉施設パティオ蓬沢,特養,1990100479,540,https://www.kaigokensaku.mhlw.go.jp/19/index.php?JigyosyoCd=1990100479-00&ServiceCd=540&action_kouhyou_detail_feature_index=true,https://www.mhlw.go.jp/content/12300000/jigyosho_540_all_20260709180811.csv,甲府市蓬沢1-7-35,甲府市,400-0827,055-287-7676
69,yk00069,奥湯村指定介護老人福祉施設,特養,1970100150,510,https://www.kaigokensaku.mhlw.go.jp/19/index.php?JigyosyoCd=1970100150-00&ServiceCd=510&action_kouhyou_detail_feature_index=true,https://www.mhlw.go.jp/content/12300000/jigyosho_510_all_20260709180754.csv,甲府市羽黒町1657-5,甲府市,400-0071,055-253-1165
70,yk00070,小瀬公園あかし,特養,,540,,https://www.mhlw.go.jp/content/12300000/jigyosho_540_all_20260709180811.csv,甲府市小瀬町612,甲府市,,055-242-7001
71,yk00071,快晴苑,特養,1970100184,510,https://www.kaigokensaku.mhlw.go.jp/19/index.php?JigyosyoCd=1970100184-00&ServiceCd=510&action_kouhyou_detail_feature_index=true,https://www.mhlw.go.jp/content/12300000/jigyosho_510_all_20260709180754.csv,甲府市大津町333,甲府市,400-0055,055-243-3939
72,yk00072,憩いホーム新平和,特養,1990101121,540,https://www.kaigokensaku.mhlw.go.jp/19/index.php?JigyosyoCd=1990101121-00&ServiceCd=540&action_kouhyou_detail_feature_index=true,https://www.mhlw.go.jp/content/12300000/jigyosho_540_all_20260709180811.csv,甲府市伊勢3-3-25,甲府市,,055-269-7331
73,yk00073,指定介護老人福祉施設コスモ,特養,1970500581,510,https://www.kaigokensaku.mhlw.go.jp/19/index.php?JigyosyoCd=1970500581-00&ServiceCd=510&action_kouhyou_detail_feature_index=true,https://www.mhlw.go.jp/content/12300000/jigyosho_510_all_20260709180754.csv,甲府市下向山町1280-1,甲府市,400-1507,055-266-8000
74,yk00074,指定地域密着型介護老人福祉施設コスモ,特養,1990100511,540,https://www.kaigokensaku.mhlw.go.jp/19/index.php?JigyosyoCd=1990100511-00&ServiceCd=540&action_kouhyou_detail_feature_index=true,https://www.mhlw.go.jp/content/12300000/jigyosho_540_all_20260709180811.csv,甲府市下向山町1280-1,甲府市,,055-266-8000
75,yk00075,指定地域密着型介護老人福祉施設入所者生活介護事業所コスモ・アンシア,特養,1990100362,540,https://www.kaigokensaku.mhlw.go.jp/19/index.php?JigyosyoCd=1990100362-00&ServiceCd=540&action_kouhyou_detail_feature_index=true,https://www.mhlw.go.jp/content/12300000/jigyosho_540_all_20260709180811.csv,甲府市相生3-3-14,甲府市,,055-221-8000
76,yk00076,特別養護老人ホーム いけだの里,特養,1990100610,540,https://www.kaigokensaku.mhlw.go.jp/19/index.php?JigyosyoCd=1990100610-00&ServiceCd=540&action_kouhyou_detail_feature_index=true,https://www.mhlw.go.jp/content/12300000/jigyosho_540_all_20260709180811.csv,甲府市下飯田1-2-17,甲府市,400-0064,055-236-3530
77,yk00077,特別養護老人ホーム みんなの家 青沼,特養,1990100560,540,https://www.kaigokensaku.mhlw.go.jp/19/index.php?JigyosyoCd=1990100560-00&ServiceCd=540&action_kouhyou_detail_feature_index=true,https://www.mhlw.go.jp/content/12300000/jigyosho_540_all_20260709180811.csv,甲府市青沼2-22-14,甲府市,400-0867,055-236-0037
78,yk00078,特別養護老人ホーム やすらぎの郷・舞鶴,特養,1990100875,540,https://www.kaigokensaku.mhlw.go.jp/19/index.php?JigyosyoCd=1990100875-00&ServiceCd=540&action_kouhyou_detail_feature_index=true,https://www.mhlw.go.jp/content/12300000/jigyosho_540_all_20260709180811.csv,甲府市宝2-18-3,甲府市,400-0034,055-268-2755
79,yk00079,特別養護老人ホーム オアゾSやましろ,特養,1990100438,540,https://www.kaigokensaku.mhlw.go.jp/19/index.php?JigyosyoCd=1990100438-00&ServiceCd=540&action_kouhyou_detail_feature_index=true,https://www.mhlw.go.jp/content/12300000/jigyosho_540_all_20260709180811.csv,甲府市上町916-2,甲府市,400-0831,055-225-5630
80,yk00080,特別養護老人ホーム 和楽 WARAKU,特養,1990100503,540,https://www.kaigokensaku.mhlw.go.jp/19/index.php?JigyosyoCd=1990100503-00&ServiceCd=540&action_kouhyou_detail_feature_index=true,https://www.mhlw.go.jp/content/12300000/jigyosho_540_all_20260709180811.csv,甲府市大和町3-6,甲府市,400-0072,055-252-2100
81,yk00081,特別養護老人ホーム 風林荘別館,特養,1990100628,540,https://www.kaigokensaku.mhlw.go.jp/19/index.php?JigyosyoCd=1990100628-00&ServiceCd=540&action_kouhyou_detail_feature_index=true,https://www.mhlw.go.jp/content/12300000/jigyosho_540_all_20260709180811.csv,甲府市宮原町1227-1,甲府市,400-0058,055-236-8115
82,yk00082,特別養護老人ホームらくえんリニア甲府,特養,1990100917,540,https://www.kaigokensaku.mhlw.go.jp/19/index.php?JigyosyoCd=1990100917-00&ServiceCd=540&action_kouhyou_detail_feature_index=true,https://www.mhlw.go.jp/content/12300000/jigyosho_540_all_20260709180811.csv,甲府市高室町573,甲府市,400-0057,055-288-1394
83,yk00083,特別養護老人ホームわかやなぎ,特養,1990100271,540,https://www.kaigokensaku.mhlw.go.jp/19/index.php?JigyosyoCd=1990100271-00&ServiceCd=540&action_kouhyou_detail_feature_index=true,https://www.mhlw.go.jp/content/12300000/jigyosho_540_all_20260709180811.csv,甲府市池田1-1-1,甲府市,,055-255-3311
84,yk00084,特別養護老人ホームソレイユ甲府,特養,1970104376,510,https://www.kaigokensaku.mhlw.go.jp/19/index.php?JigyosyoCd=1970104376-00&ServiceCd=510&action_kouhyou_detail_feature_index=true,https://www.mhlw.go.jp/content/12300000/jigyosho_510_all_20260709180754.csv,甲府市西高橋町277,甲府市,400-0826,055-236-2266
85,yk00085,特別養護老人ホームロイヤルあかし,特養,1970101166,510,https://www.kaigokensaku.mhlw.go.jp/19/index.php?JigyosyoCd=1970101166-00&ServiceCd=510&action_kouhyou_detail_feature_index=true,https://www.mhlw.go.jp/content/12300000/jigyosho_510_all_20260709180754.csv,甲府市上町2473,甲府市,400-0831,055-226-6580
86,yk00086,特別養護老人ホーム和久園,特養,1970100119,510,https://www.kaigokensaku.mhlw.go.jp/19/index.php?JigyosyoCd=1970100119-00&ServiceCd=510&action_kouhyou_detail_feature_index=true,https://www.mhlw.go.jp/content/12300000/jigyosho_510_all_20260709180754.csv,甲府市中村町11-18,甲府市,400-0069,055-228-2316
87,yk00087,特別養護老人ホーム尚古園,特養,1970100176,510,https://www.kaigokensaku.mhlw.go.jp/19/index.php?JigyosyoCd=1970100176-00&ServiceCd=510&action_kouhyou_detail_feature_index=true,https://www.mhlw.go.jp/content/12300000/jigyosho_510_all_20260709180754.csv,甲府市和田町2948-6,甲府市,400-0001,055-253-7231
88,yk00088,特別養護老人ホーム志麻の郷・湯村,特養,1990100198,540,https://www.kaigokensaku.mhlw.go.jp/19/index.php?JigyosyoCd=1990100198-00&ServiceCd=540&action_kouhyou_detail_feature_index=true,https://www.mhlw.go.jp/content/12300000/jigyosho_540_all_20260709180811.csv,甲府市湯村3-11-10,甲府市,400-0073,055-242-6300
89,yk00089,特別養護老人ホーム春光園,特養,1970100044,510,https://www.kaigokensaku.mhlw.go.jp/19/index.php?JigyosyoCd=1970100044-00&ServiceCd=510&action_kouhyou_detail_feature_index=true,https://www.mhlw.go.jp/content/12300000/jigyosho_510_all_20260709180754.csv,甲府市増坪町681,甲府市,400-0832,055-241-3111
90,yk00090,特別養護老人ホーム桜井寮,特養,1970100192,510,https://www.kaigokensaku.mhlw.go.jp/19/index.php?JigyosyoCd=1970100192-00&ServiceCd=510&action_kouhyou_detail_feature_index=true,https://www.mhlw.go.jp/content/12300000/jigyosho_510_all_20260709180754.csv,甲府市桜井町558,甲府市,400-0803,055-232-8261
91,yk00091,特別養護老人ホーム清栄なでしこ荘,特養,1970100994,510,https://www.kaigokensaku.mhlw.go.jp/19/index.php?JigyosyoCd=1970100994-00&ServiceCd=510&action_kouhyou_detail_feature_index=true,https://www.mhlw.go.jp/content/12300000/jigyosho_510_all_20260709180754.csv,甲府市横根町554,甲府市,400-0802,055-221-1200
92,yk00092,甲府城南ケアセンター,特養,1990100644,540,https://www.kaigokensaku.mhlw.go.jp/19/index.php?JigyosyoCd=1990100644-00&ServiceCd=540&action_kouhyou_detail_feature_index=true,https://www.mhlw.go.jp/content/12300000/jigyosho_540_all_20260709180811.csv,甲府市上曽根町185,甲府市,400-1501,055-240-1165
93,yk00093,あかさか,特養,,540,,https://www.mhlw.go.jp/content/12300000/jigyosho_540_all_20260709180811.csv,甲斐市竜王新町2188-1,甲斐市,400-0111,055-230-6777
94,yk00094,めぐみ双葉,特養,,540,,https://www.mhlw.go.jp/content/12300000/jigyosho_540_all_20260709180811.csv,甲斐市龍地5217番地1,甲斐市,400-0104,055-278-0881
95,yk00095,めぐみ荘,特養,,510,,https://www.mhlw.go.jp/content/12300000/jigyosho_510_all_20260709180754.csv,甲斐市竜王644-5,甲斐市,400-0118,055-278-0881
96,yk00096,ゆめみどり,特養,,510,,https://www.mhlw.go.jp/content/12300000/jigyosho_510_all_20260709180754.csv,甲斐市玉川1700-1,甲斐市,400-0116,055-278-2800
97,yk00097,フルリール甲斐,特養,,540,,https://www.mhlw.go.jp/content/12300000/jigyosho_540_all_20260709180811.csv,甲斐市篠原842-1,甲斐市,400-0115,055-260-6800
98,yk00098,敷島荘,特養,,510,,https://www.mhlw.go.jp/content/12300000/jigyosho_510_all_20260709180754.csv,甲斐市大久保1357,甲斐市,400-0128,055-277-8811
99,yk00099,桑の実の郷・ふたば,特養,,540,,https://www.mhlw.go.jp/content/12300000/jigyosho_540_all_20260709180811.csv,甲斐市宇津谷1066番地,甲斐市,400-0108,0551-30-4240
100,yk00100,エレガローザいちのみや,特養,,540,,https://www.mhlw.go.jp/content/12300000/jigyosho_540_all_20260709180811.csv,笛吹市一宮町下矢作300-3,笛吹市,405-0057,0553-34-8023
101,yk00101,エール二之宮,特養,,540,,https://www.mhlw.go.jp/content/12300000/jigyosho_540_all_20260709180811.csv,笛吹市御坂町二之宮1947-4,笛吹市,406-0807,055-261-8711
102,yk00102,エール境川,特養,,540,,https://www.mhlw.go.jp/content/12300000/jigyosho_540_all_20260709180811.csv,笛吹市境川町石橋1988-1,笛吹市,406-0842,055-220-5111
103,yk00103,サテライトエレガローザ,特養,,540,,https://www.mhlw.go.jp/content/12300000/jigyosho_540_all_20260709180811.csv,笛吹市石和町松本275-3,笛吹市,406-0021,055-225-5856
104,yk00104,壽ノ家,特養,,510,,https://www.mhlw.go.jp/content/12300000/jigyosho_510_all_20260709180754.csv,笛吹市石和町四日市場2031,笛吹市,406-0032,055-263-1232
105,yk00105,壽ノ家いさわ,特養,,540,,https://www.mhlw.go.jp/content/12300000/jigyosho_540_all_20260709180811.csv,笛吹市石和町四日市場2031,笛吹市,406-0032,055-263-1232
106,yk00106,壽ノ家いちのみや,特養,,540,,https://www.mhlw.go.jp/content/12300000/jigyosho_540_all_20260709180811.csv,笛吹市一宮町塩田741-1,笛吹市,405-0064,0553-47-6610
107,yk00107,小山荘,特養,,510,,https://www.mhlw.go.jp/content/12300000/jigyosho_510_all_20260709180754.csv,笛吹市八代町北760,笛吹市,406-0821,055-265-3377
108,yk00108,春日居荘,特養,,510,,https://www.mhlw.go.jp/content/12300000/jigyosho_510_all_20260709180754.csv,笛吹市春日居町国府436,笛吹市,406-0014,0553-26-2838
109,yk00109,しもべ荘,特養,,510,,https://www.mhlw.go.jp/content/12300000/jigyosho_510_all_20260709180754.csv,南巨摩郡身延町常葉7058-1,身延町,409-2936,0556-20-3111
110,yk00110,みのぶ荘,特養,,510,,https://www.mhlw.go.jp/content/12300000/jigyosho_510_all_20260709180754.csv,南巨摩郡身延町梅平2483-122,身延町,409-2531,0556-62-3131
111,yk00111,みのりの里いいとみ,特養,,540,,https://www.mhlw.go.jp/content/12300000/jigyosho_540_all_20260709180811.csv,南巨摩郡身延町飯富2300番地,身延町,409-3423,0556-48-8131
112,yk00112,みのりの里まるたき,特養,,540,,https://www.mhlw.go.jp/content/12300000/jigyosho_540_all_20260709180811.csv,南巨摩郡身延町丸滝585番地1,身延町,409-2411,0556-64-8041
113,yk00113,もりの郷,特養,,510,,https://www.mhlw.go.jp/content/12300000/jigyosho_510_all_20260709180754.csv,都留市与縄716-1,都留市,402-0012,0554-46-1165
114,yk00114,よこぶきの郷,特養,,540,,https://www.mhlw.go.jp/content/12300000/jigyosho_540_all_20260709180811.csv,都留市古川渡658-1,都留市,402-0004,0554-46-5565
115,yk00115,よこぶき荘,特養,,510,,https://www.mhlw.go.jp/content/12300000/jigyosho_510_all_20260709180754.csv,都留市川茂328,都留市,402-0003,0554-45-4165
116,yk00116,回生荘,特養,,510,,https://www.mhlw.go.jp/content/12300000/jigyosho_510_all_20260709180754.csv,都留市境36,都留市,402-0033,0554-45-5211
117,yk00117,真心の里,特養,,540,,https://www.mhlw.go.jp/content/12300000/jigyosho_540_all_20260709180811.csv,都留市中央1丁目1-16,都留市,402-0052,0554-56-8601
118,yk00118,フルリールにらさき,特養,,540,,https://www.mhlw.go.jp/content/12300000/jigyosho_540_all_20260709180811.csv,韮崎市富士見二丁目15-27,韮崎市,407-0014,0551-30-2211
119,yk00119,穴山の杜,特養,,510,,https://www.mhlw.go.jp/content/12300000/jigyosho_510_all_20260709180754.csv,韮崎市穴山町5390,韮崎市,407-0263,0551-25-6100
120,yk00120,富士山荘,特養,,510,,https://www.mhlw.go.jp/content/12300000/jigyosho_510_all_20260709180754.csv,南都留郡鳴沢村5061,鳴沢村,401-0300,0555-85-2878
121,yk00121,富士山荘ふるさと,特養,,540,,https://www.mhlw.go.jp/content/12300000/jigyosho_540_all_20260709180811.csv,南都留郡鳴沢村5061,鳴沢村,401-0300,0555-85-2878
122,yk00122,みのりの里 旭ヶ丘,老健,,520,,https://www.mhlw.go.jp/content/12300000/jigyosho_520_all_20260709180802.csv,上野原市上野原7806,上野原市,409-0112,0554-63-5800
123,yk00123,玉穂ケアセンター,老健,,520,,https://www.mhlw.go.jp/content/12300000/jigyosho_520_all_20260709180802.csv,中央市乙黒247-1,中央市,409-3812,055-273-7331
124,yk00124,しおかわ福寿の里,老健,,520,,https://www.mhlw.go.jp/content/12300000/jigyosho_520_all_20260709180802.csv,北杜市須玉町藤田787,北杜市,408-0114,0551-42-4604
125,yk00125,フルリールむかわ,老健,,520,,https://www.mhlw.go.jp/content/12300000/jigyosho_520_all_20260709180802.csv,北杜市武川町柳沢740-1,北杜市,408-0307,0551-26-0111
126,yk00126,峡北シルバーケア・ホーム,老健,,520,,https://www.mhlw.go.jp/content/12300000/jigyosho_520_all_20260709180802.csv,北杜市長坂町渋沢907,北杜市,408-0023,0551-32-6211
127,yk00127,ケアホーム花菱,老健,,520,,https://www.mhlw.go.jp/content/12300000/jigyosho_520_all_20260709180802.csv,南アルプス市田島1105,南アルプス市,400-0402,055-280-8700
128,yk00128,峡西老人保健センター,老健,,520,,https://www.mhlw.go.jp/content/12300000/jigyosho_520_all_20260709180802.csv,南アルプス市下宮地421,南アルプス市,400-0405,055-282-7000
129,yk00129,ももくら,老健,,520,,https://www.mhlw.go.jp/content/12300000/jigyosho_520_all_20260709180802.csv,大月市七保町下和田2132-1,大月市,409-0622,0554-20-1111
130,yk00130,白樺荘,老健,,520,,https://www.mhlw.go.jp/content/12300000/jigyosho_520_all_20260709180802.csv,富士吉田市新屋1552-3,富士吉田市,403-0006,0555-24-4211
131,yk00131,サンビューふじかわ,老健,,520,,https://www.mhlw.go.jp/content/12300000/jigyosho_520_all_20260709180802.csv,南巨摩郡富士川町鰍沢340-1,富士川町,400-0601,0556-22-7301
132,yk00132,はまなす,老健,,520,,https://www.mhlw.go.jp/content/12300000/jigyosho_520_all_20260709180802.csv,南都留郡富士河口湖町船津6901,富士河口湖町,401-0301,0555-83-3285
133,yk00133,山中湖あんずの森,老健,,520,,https://www.mhlw.go.jp/content/12300000/jigyosho_520_all_20260709180802.csv,南都留郡山中湖村山中1069-3,山中湖村,401-0501,0555-63-2333
134,yk00134,ケアセンターいちかわ,老健,,520,,https://www.mhlw.go.jp/content/12300000/jigyosho_520_all_20260709180802.csv,西八代郡市川三郷町市川大門416,市川三郷町,409-3601,055-272-5121
135,yk00135,ナーシングプラザ三珠,老健,,520,,https://www.mhlw.go.jp/content/12300000/jigyosho_520_all_20260709180802.csv,西八代郡市川三郷町上野2968,市川三郷町,409-3612,055-272-8611
136,yk00136,ひばり苑,老健,,520,,https://www.mhlw.go.jp/content/12300000/jigyosho_520_all_20260709180802.csv,中巨摩郡昭和町飯喰1277,昭和町,409-3852,055-275-9511
137,yk00137,ノイエス,老健,,520,,https://www.mhlw.go.jp/content/12300000/jigyosho_520_all_20260709180802.csv,中巨摩郡昭和町河東中島443,昭和町,409-3863,055-275-1165
138,yk00138,勝沼ナーシングセンター,老健,,520,,https://www.mhlw.go.jp/content/12300000/jigyosho_520_all_20260709180802.csv,甲州市勝沼町菱山中平4300,甲州市,409-1302,0553-44-5311
139,yk00139,恵信塩山ケアセンター,老健,,520,,https://www.mhlw.go.jp/content/12300000/jigyosho_520_all_20260709180802.csv,甲州市塩山上於曽1195,甲州市,404-0042,0553-33-3205
140,yk00140,NAC湯村,老健,1950180024,520,https://www.kaigokensaku.mhlw.go.jp/19/index.php?JigyosyoCd=1950180024-00&ServiceCd=520&action_kouhyou_detail_feature_index=true,https://www.mhlw.go.jp/content/12300000/jigyosho_520_all_20260709180802.csv,甲府市湯村3-15-13,甲府市,400-0073,055-253-2200
141,yk00141,フルリール甲府,老健,1950180040,520,https://www.kaigokensaku.mhlw.go.jp/19/index.php?JigyosyoCd=1950180040-00&ServiceCd=520&action_kouhyou_detail_feature_index=true,https://www.mhlw.go.jp/content/12300000/jigyosho_520_all_20260709180802.csv,甲府市大津町1509-1,甲府市,400-0055,055-244-0202
142,yk00142,甲府かわせみ苑,老健,1950180008,520,https://www.kaigokensaku.mhlw.go.jp/19/index.php?JigyosyoCd=1950180008-00&ServiceCd=520&action_kouhyou_detail_feature_index=true,https://www.mhlw.go.jp/content/12300000/jigyosho_520_all_20260709180802.csv,甲府市横根町554,甲府市,400-0802,055-222-2900
143,yk00143,甲府南ライフケアセンター,老健,1950180016,520,https://www.kaigokensaku.mhlw.go.jp/19/index.php?JigyosyoCd=1950180016-00&ServiceCd=520&action_kouhyou_detail_feature_index=true,https://www.mhlw.go.jp/content/12300000/jigyosho_520_all_20260709180802.csv,甲府市住吉5-24-14,甲府市,400-0851,055-241-3333
144,yk00144,甲府相川ケアセンター,老健,1950180032,520,https://www.kaigokensaku.mhlw.go.jp/19/index.php?JigyosyoCd=1950180032-00&ServiceCd=520&action_kouhyou_detail_feature_index=true,https://www.mhlw.go.jp/content/12300000/jigyosho_520_all_20260709180802.csv,甲府市塚原町359,甲府市,400-0003,055-252-1600
145,yk00145,山梨ライフケア・ホーム,老健,,520,,https://www.mhlw.go.jp/content/12300000/jigyosho_520_all_20260709180802.csv,甲斐市竜王新町2128,甲斐市,400-0111,055-279-4711
146,yk00146,いちのみやケアセンター,老健,,520,,https://www.mhlw.go.jp/content/12300000/jigyosho_520_all_20260709180802.csv,笛吹市一宮町竹原田1255-1,笛吹市,405-0076,0553-47-4811
147,yk00147,ふじ苑,老健,,520,,https://www.mhlw.go.jp/content/12300000/jigyosho_520_all_20260709180802.csv,笛吹市春日居町小松855-6,笛吹市,406-0004,0553-26-5001
148,yk00148,甲州ケア・ホーム,老健,,520,,https://www.mhlw.go.jp/content/12300000/jigyosho_520_all_20260709180802.csv,笛吹市石和町四日市場2031,笛吹市,406-0032,055-263-0242
149,yk00149,峡南ケアホームいいとみ,老健,,520,,https://www.mhlw.go.jp/content/12300000/jigyosho_520_all_20260709180802.csv,南巨摩郡身延町飯富1655,身延町,409-3423,0556-42-4314
150,yk00150,つる,老健,,520,,https://www.mhlw.go.jp/content/12300000/jigyosho_520_all_20260709180802.csv,都留市つる5-1-55,都留市,402-0056,0554-45-1813
151,yk00151,あさひホーム,老健,,520,,https://www.mhlw.go.jp/content/12300000/jigyosho_520_all_20260709180802.csv,韮崎市旭町上条中割473,韮崎市,407-0045,0551-23-3500
152,yk00152,医療法人慶友会 城東病院介護医療院,介護医療院,1970105142,550,https://www.kaigokensaku.mhlw.go.jp/19/index.php?JigyosyoCd=1970105142-00&ServiceCd=550&action_kouhyou_detail_feature_index=true,,甲府市城東4-13-15,甲府市,400-0861,055-233-6411
153,yk00153,箭本外科整形外科医院介護医療院,介護医療院,1910114675,550,https://www.kaigokensaku.mhlw.go.jp/19/index.php?JigyosyoCd=1910114675-00&ServiceCd=550&action_kouhyou_detail_feature_index=true,,甲府市北口3-1-1,甲府市,400-0024,055-253-3532
154,yk00154,ツル虎ノ門整形外科・リハビリテーション病院介護医療院,介護医療院,1911110474,550,https://www.kaigokensaku.mhlw.go.jp/19/index.php?JigyosyoCd=1911110474-00&ServiceCd=550&action_kouhyou_detail_feature_index=true,,都留市四日市場瀬中188,都留市,402-0005,0554-45-8810
