no,facility,type,jigyosyo_cd,service_cd,vacancy,capacity,waiting_count,vacancy_date,public_value,checked_at_jst,feature_http_status,detail_http_status,status,error,feature_url,detail_url
1,介護老人福祉施設ケアホーム三浦,特養,1472701083-00,510,,,,,,2026-10-06T19:53:39+09:00,,,error,feature:HTTP 403 | detail:HTTP 403,https://www.kaigokensaku.mhlw.go.jp/14/index.php?JigyosyoCd=1472701083-00&ServiceCd=510&action_kouhyou_detail_feature_index=true,https://www.kaigokensaku.mhlw.go.jp/14/index.php?JigyosyoCd=1472701083-00&ServiceCd=510&action_kouhyou_detail_024_kihon=true
2,地域密着型小規模特別養護老人ホーム たんぽぽ,特養,1492700040-00,540,,,,,,2026-10-06T19:53:46+09:00,,,error,feature:HTTP 403 | detail:HTTP 403,https://www.kaigokensaku.mhlw.go.jp/14/index.php?JigyosyoCd=1492700040-00&ServiceCd=540&action_kouhyou_detail_feature_index=true,https://www.kaigokensaku.mhlw.go.jp/14/index.php?JigyosyoCd=1492700040-00&ServiceCd=540&action_kouhyou_detail_026_kihon=true
3,特別養護老人ホーム はまゆう,特養,1472700119-00,510,,,,,,2026-10-06T19:53:53+09:00,,,error,feature:HTTP 403 | detail:HTTP 403,https://www.kaigokensaku.mhlw.go.jp/14/index.php?JigyosyoCd=1472700119-00&ServiceCd=510&action_kouhyou_detail_feature_index=true,https://www.kaigokensaku.mhlw.go.jp/14/index.php?JigyosyoCd=1472700119-00&ServiceCd=510&action_kouhyou_detail_024_kihon=true
4,特別養護老人ホーム遊楽の丘,特養,1472701091-00,510,,,,,,2026-10-06T19:53:59+09:00,,,error,feature:HTTP 403 | detail:HTTP 403,https://www.kaigokensaku.mhlw.go.jp/14/index.php?JigyosyoCd=1472701091-00&ServiceCd=510&action_kouhyou_detail_feature_index=true,https://www.kaigokensaku.mhlw.go.jp/14/index.php?JigyosyoCd=1472701091-00&ServiceCd=510&action_kouhyou_detail_024_kihon=true
5,美山特養ホーム,特養,1472700101 / 1472700945-00,510,,,,,,2026-10-06T19:54:05+09:00,,,error,feature:HTTP 403 | detail:HTTP 403,https://www.kaigokensaku.mhlw.go.jp/14/index.php?JigyosyoCd=1472700101 / 1472700945-00&ServiceCd=510&action_kouhyou_detail_feature_index=true,https://www.kaigokensaku.mhlw.go.jp/14/index.php?JigyosyoCd=1472700101 / 1472700945-00&ServiceCd=510&action_kouhyou_detail_024_kihon=true
6,介護老人福祉施設 中井富士白苑,特養,1471400315-00,510,,,,,,2026-10-06T19:54:11+09:00,,,error,feature:HTTP 403 | detail:HTTP 403,https://www.kaigokensaku.mhlw.go.jp/14/index.php?JigyosyoCd=1471400315-00&ServiceCd=510&action_kouhyou_detail_feature_index=true,https://www.kaigokensaku.mhlw.go.jp/14/index.php?JigyosyoCd=1471400315-00&ServiceCd=510&action_kouhyou_detail_024_kihon=true
7,メゾン・二宮,特養,1471300085-00,510,,,,,,2026-10-06T19:54:18+09:00,,,error,feature:HTTP 403 | detail:HTTP 403,https://www.kaigokensaku.mhlw.go.jp/14/index.php?JigyosyoCd=1471300085-00&ServiceCd=510&action_kouhyou_detail_feature_index=true,https://www.kaigokensaku.mhlw.go.jp/14/index.php?JigyosyoCd=1471300085-00&ServiceCd=510&action_kouhyou_detail_024_kihon=true
8,二宮喜楽園,特養,1491300081-00,540,,,,,,2026-10-06T19:54:24+09:00,,,error,feature:HTTP 403 | detail:HTTP 403,https://www.kaigokensaku.mhlw.go.jp/14/index.php?JigyosyoCd=1491300081-00&ServiceCd=540&action_kouhyou_detail_feature_index=true,https://www.kaigokensaku.mhlw.go.jp/14/index.php?JigyosyoCd=1491300081-00&ServiceCd=540&action_kouhyou_detail_026_kihon=true
9,介護老人福祉施設 らんの里,特養,1474000153-00,510,,,,,,2026-10-06T19:54:30+09:00,,,error,feature:HTTP 403 | detail:HTTP 403,https://www.kaigokensaku.mhlw.go.jp/14/index.php?JigyosyoCd=1474000153-00&ServiceCd=510&action_kouhyou_detail_feature_index=true,https://www.kaigokensaku.mhlw.go.jp/14/index.php?JigyosyoCd=1474000153-00&ServiceCd=510&action_kouhyou_detail_024_kihon=true
10,伊勢原ホーム,特養,1474000146 / 1474000997-00,510,,,,,,2026-10-06T19:54:36+09:00,,,error,feature:HTTP 403 | detail:HTTP 403,https://www.kaigokensaku.mhlw.go.jp/14/index.php?JigyosyoCd=1474000146 / 1474000997-00&ServiceCd=510&action_kouhyou_detail_feature_index=true,https://www.kaigokensaku.mhlw.go.jp/14/index.php?JigyosyoCd=1474000146 / 1474000997-00&ServiceCd=510&action_kouhyou_detail_024_kihon=true
11,特別養護老人ホーム 湘南けやきの郷,特養,1474000849-00,510,,,,,,2026-10-06T19:54:43+09:00,,,error,feature:HTTP 403 | detail:HTTP 403,https://www.kaigokensaku.mhlw.go.jp/14/index.php?JigyosyoCd=1474000849-00&ServiceCd=510&action_kouhyou_detail_feature_index=true,https://www.kaigokensaku.mhlw.go.jp/14/index.php?JigyosyoCd=1474000849-00&ServiceCd=510&action_kouhyou_detail_024_kihon=true
12,特別養護老人ホーム光響荘,特養,1474001599-00,510,,,,,,2026-10-06T19:54:49+09:00,,,error,feature:HTTP 403 | detail:HTTP 403,https://www.kaigokensaku.mhlw.go.jp/14/index.php?JigyosyoCd=1474001599-00&ServiceCd=510&action_kouhyou_detail_feature_index=true,https://www.kaigokensaku.mhlw.go.jp/14/index.php?JigyosyoCd=1474001599-00&ServiceCd=510&action_kouhyou_detail_024_kihon=true
13,高齢者総合支援センター泉心荘,特養,1474000039 / 1474001003-00,510,,,,,,2026-10-06T19:54:55+09:00,,,error,feature:HTTP 403 | detail:HTTP 403,https://www.kaigokensaku.mhlw.go.jp/14/index.php?JigyosyoCd=1474000039 / 1474001003-00&ServiceCd=510&action_kouhyou_detail_feature_index=true,https://www.kaigokensaku.mhlw.go.jp/14/index.php?JigyosyoCd=1474000039 / 1474001003-00&ServiceCd=510&action_kouhyou_detail_024_kihon=true
14,潤生園みんなの家南足柄,特養,1494300120-00,540,,,,,,2026-10-06T19:55:01+09:00,,,error,feature:HTTP 403 | detail:HTTP 403,https://www.kaigokensaku.mhlw.go.jp/14/index.php?JigyosyoCd=1494300120-00&ServiceCd=540&action_kouhyou_detail_feature_index=true,https://www.kaigokensaku.mhlw.go.jp/14/index.php?JigyosyoCd=1494300120-00&ServiceCd=540&action_kouhyou_detail_026_kihon=true
15,特別養護老人ホーム草の家,特養,1474300033 / 1474300363-00,510,,,,,,2026-10-06T19:55:07+09:00,,,error,feature:HTTP 403 | detail:HTTP 403,https://www.kaigokensaku.mhlw.go.jp/14/index.php?JigyosyoCd=1474300033 / 1474300363-00&ServiceCd=510&action_kouhyou_detail_feature_index=true,https://www.kaigokensaku.mhlw.go.jp/14/index.php?JigyosyoCd=1474300033 / 1474300363-00&ServiceCd=510&action_kouhyou_detail_024_kihon=true
16,特別養護老人ホーム草の家ひだまり,特養,1474300702-00,510,,,,,,2026-10-06T19:55:14+09:00,,,error,feature:HTTP 403 | detail:HTTP 403,https://www.kaigokensaku.mhlw.go.jp/14/index.php?JigyosyoCd=1474300702-00&ServiceCd=510&action_kouhyou_detail_feature_index=true,https://www.kaigokensaku.mhlw.go.jp/14/index.php?JigyosyoCd=1474300702-00&ServiceCd=510&action_kouhyou_detail_024_kihon=true
17,あつぎポポロ(従来型),特養,1492900426 / 1492900434-00,540,,,,,,2026-10-06T19:55:20+09:00,,,error,feature:HTTP 403 | detail:HTTP 403,https://www.kaigokensaku.mhlw.go.jp/14/index.php?JigyosyoCd=1492900426 / 1492900434-00&ServiceCd=540&action_kouhyou_detail_feature_index=true,https://www.kaigokensaku.mhlw.go.jp/14/index.php?JigyosyoCd=1492900426 / 1492900434-00&ServiceCd=540&action_kouhyou_detail_026_kihon=true
18,グランモールさくら及川,特養,1472902244-00,510,,,,,,2026-10-06T19:55:26+09:00,,,error,feature:HTTP 403 | detail:HTTP 403,https://www.kaigokensaku.mhlw.go.jp/14/index.php?JigyosyoCd=1472902244-00&ServiceCd=510&action_kouhyou_detail_feature_index=true,https://www.kaigokensaku.mhlw.go.jp/14/index.php?JigyosyoCd=1472902244-00&ServiceCd=510&action_kouhyou_detail_024_kihon=true
19,ムツアイホーム すこやか,特養,1472900990-00,510,,,,,,2026-10-06T19:55:32+09:00,,,error,feature:HTTP 403 | detail:HTTP 403,https://www.kaigokensaku.mhlw.go.jp/14/index.php?JigyosyoCd=1472900990-00&ServiceCd=510&action_kouhyou_detail_feature_index=true,https://www.kaigokensaku.mhlw.go.jp/14/index.php?JigyosyoCd=1472900990-00&ServiceCd=510&action_kouhyou_detail_024_kihon=true
20,ムツアイホーム やすらぎ,特養,1472900065-00,510,,,,,,2026-10-06T19:55:39+09:00,,,error,feature:HTTP 403 | detail:HTTP 403,https://www.kaigokensaku.mhlw.go.jp/14/index.php?JigyosyoCd=1472900065-00&ServiceCd=510&action_kouhyou_detail_feature_index=true,https://www.kaigokensaku.mhlw.go.jp/14/index.php?JigyosyoCd=1472900065-00&ServiceCd=510&action_kouhyou_detail_024_kihon=true
21,介護老人福祉施設 玉川グリーンホーム,特養,1472900206 / 1472901998-00,510,,,,,,2026-10-06T19:55:45+09:00,,,error,feature:HTTP 403 | detail:HTTP 403,https://www.kaigokensaku.mhlw.go.jp/14/index.php?JigyosyoCd=1472900206 / 1472901998-00&ServiceCd=510&action_kouhyou_detail_feature_index=true,https://www.kaigokensaku.mhlw.go.jp/14/index.php?JigyosyoCd=1472900206 / 1472901998-00&ServiceCd=510&action_kouhyou_detail_024_kihon=true
22,地域密着型特別養護老人ホームきみどり,特養,1492900277-00,540,,,,,,2026-10-06T19:55:51+09:00,,,error,feature:HTTP 403 | detail:HTTP 403,https://www.kaigokensaku.mhlw.go.jp/14/index.php?JigyosyoCd=1492900277-00&ServiceCd=540&action_kouhyou_detail_feature_index=true,https://www.kaigokensaku.mhlw.go.jp/14/index.php?JigyosyoCd=1492900277-00&ServiceCd=540&action_kouhyou_detail_026_kihon=true
23,特別養護老人ホーム はなの家とむろ,特養,1472901436-00,510,,,,,,2026-10-06T19:55:57+09:00,,,error,feature:HTTP 403 | detail:HTTP 403,https://www.kaigokensaku.mhlw.go.jp/14/index.php?JigyosyoCd=1472901436-00&ServiceCd=510&action_kouhyou_detail_feature_index=true,https://www.kaigokensaku.mhlw.go.jp/14/index.php?JigyosyoCd=1472901436-00&ServiceCd=510&action_kouhyou_detail_024_kihon=true
24,特別養護老人ホーム メイサムフレール,特養,1492900491-00,540,,,,,,2026-10-06T19:56:04+09:00,,,error,feature:HTTP 403 | detail:HTTP 403,https://www.kaigokensaku.mhlw.go.jp/14/index.php?JigyosyoCd=1492900491-00&ServiceCd=540&action_kouhyou_detail_feature_index=true,https://www.kaigokensaku.mhlw.go.jp/14/index.php?JigyosyoCd=1492900491-00&ServiceCd=540&action_kouhyou_detail_026_kihon=true
25,特別養護老人ホーム メイサムホール,特養,1472902871-00,510,,,,,,2026-10-06T19:56:10+09:00,,,error,feature:HTTP 403 | detail:HTTP 403,https://www.kaigokensaku.mhlw.go.jp/14/index.php?JigyosyoCd=1472902871-00&ServiceCd=510&action_kouhyou_detail_feature_index=true,https://www.kaigokensaku.mhlw.go.jp/14/index.php?JigyosyoCd=1472902871-00&ServiceCd=510&action_kouhyou_detail_024_kihon=true
26,特別養護老人ホーム ユニテ けいわ,特養,1492900186-00,540,,,,,,2026-10-06T19:56:16+09:00,,,error,feature:HTTP 403 | detail:HTTP 403,https://www.kaigokensaku.mhlw.go.jp/14/index.php?JigyosyoCd=1492900186-00&ServiceCd=540&action_kouhyou_detail_feature_index=true,https://www.kaigokensaku.mhlw.go.jp/14/index.php?JigyosyoCd=1492900186-00&ServiceCd=540&action_kouhyou_detail_026_kihon=true
27,特別養護老人ホーム 甘露苑,特養,1472900214-00,510,,,,,,2026-10-06T19:56:22+09:00,,,error,feature:HTTP 403 | detail:HTTP 403,https://www.kaigokensaku.mhlw.go.jp/14/index.php?JigyosyoCd=1472900214-00&ServiceCd=510&action_kouhyou_detail_feature_index=true,https://www.kaigokensaku.mhlw.go.jp/14/index.php?JigyosyoCd=1472900214-00&ServiceCd=510&action_kouhyou_detail_024_kihon=true
28,第二森の里,特養,1472900842-00,510,,,,,,2026-10-06T19:56:29+09:00,,,error,feature:HTTP 403 | detail:HTTP 403,https://www.kaigokensaku.mhlw.go.jp/14/index.php?JigyosyoCd=1472900842-00&ServiceCd=510&action_kouhyou_detail_feature_index=true,https://www.kaigokensaku.mhlw.go.jp/14/index.php?JigyosyoCd=1472900842-00&ServiceCd=510&action_kouhyou_detail_024_kihon=true
29,高齢者生活支援施設 けいわ荘,特養,1472900198-00,510,,,,,,2026-10-06T19:56:35+09:00,,,error,feature:HTTP 403 | detail:HTTP 403,https://www.kaigokensaku.mhlw.go.jp/14/index.php?JigyosyoCd=1472900198-00&ServiceCd=510&action_kouhyou_detail_feature_index=true,https://www.kaigokensaku.mhlw.go.jp/14/index.php?JigyosyoCd=1472900198-00&ServiceCd=510&action_kouhyou_detail_024_kihon=true
30,高齢者総合福祉サービスセンター 森の里,特養,1472900073-00,510,,,,,,2026-10-06T19:56:41+09:00,,,error,feature:HTTP 403 | detail:HTTP 403,https://www.kaigokensaku.mhlw.go.jp/14/index.php?JigyosyoCd=1472900073-00&ServiceCd=510&action_kouhyou_detail_feature_index=true,https://www.kaigokensaku.mhlw.go.jp/14/index.php?JigyosyoCd=1472900073-00&ServiceCd=510&action_kouhyou_detail_024_kihon=true
31,あしがら広域福祉センターひかりの里,特養,1471400943-00,510,,,,,,2026-10-06T19:56:47+09:00,,,error,feature:HTTP 403 | detail:HTTP 403,https://www.kaigokensaku.mhlw.go.jp/14/index.php?JigyosyoCd=1471400943-00&ServiceCd=510&action_kouhyou_detail_feature_index=true,https://www.kaigokensaku.mhlw.go.jp/14/index.php?JigyosyoCd=1471400943-00&ServiceCd=510&action_kouhyou_detail_024_kihon=true
32,地域密着型特別養護老人ホーム まほろばの家,特養,1491400188-00,540,,,,,,2026-10-06T19:56:54+09:00,,,error,feature:HTTP 403 | detail:HTTP 403,https://www.kaigokensaku.mhlw.go.jp/14/index.php?JigyosyoCd=1491400188-00&ServiceCd=540&action_kouhyou_detail_feature_index=true,https://www.kaigokensaku.mhlw.go.jp/14/index.php?JigyosyoCd=1491400188-00&ServiceCd=540&action_kouhyou_detail_026_kihon=true
33,ル・リアンふかみ,特養,1473001939-00,510,,,,,,2026-10-06T19:57:00+09:00,,,error,feature:HTTP 403 | detail:HTTP 403,https://www.kaigokensaku.mhlw.go.jp/14/index.php?JigyosyoCd=1473001939-00&ServiceCd=510&action_kouhyou_detail_feature_index=true,https://www.kaigokensaku.mhlw.go.jp/14/index.php?JigyosyoCd=1473001939-00&ServiceCd=510&action_kouhyou_detail_024_kihon=true
34,ロゼホームつきみ野,特養,1473000014-00,510,,,,,,2026-10-06T19:57:06+09:00,,,error,feature:HTTP 403 | detail:HTTP 403,https://www.kaigokensaku.mhlw.go.jp/14/index.php?JigyosyoCd=1473000014-00&ServiceCd=510&action_kouhyou_detail_feature_index=true,https://www.kaigokensaku.mhlw.go.jp/14/index.php?JigyosyoCd=1473000014-00&ServiceCd=510&action_kouhyou_detail_024_kihon=true
35,介護老人福祉施設スミール桜ヶ丘,特養,1473002614-00,510,,,,,,2026-10-06T19:57:12+09:00,,,error,feature:HTTP 403 | detail:HTTP 403,https://www.kaigokensaku.mhlw.go.jp/14/index.php?JigyosyoCd=1473002614-00&ServiceCd=510&action_kouhyou_detail_feature_index=true,https://www.kaigokensaku.mhlw.go.jp/14/index.php?JigyosyoCd=1473002614-00&ServiceCd=510&action_kouhyou_detail_024_kihon=true
36,特別養護老人ホーム ひまわりの郷,特養,1473001194-00,510,,,,,,2026-10-06T19:57:19+09:00,,,error,feature:HTTP 403 | detail:HTTP 403,https://www.kaigokensaku.mhlw.go.jp/14/index.php?JigyosyoCd=1473001194-00&ServiceCd=510&action_kouhyou_detail_feature_index=true,https://www.kaigokensaku.mhlw.go.jp/14/index.php?JigyosyoCd=1473001194-00&ServiceCd=510&action_kouhyou_detail_024_kihon=true
37,特別養護老人ホーム ほの里南林間,特養,1473003182 / 1473003190-00,510,,,,,,2026-10-06T19:57:25+09:00,,,error,feature:HTTP 403 | detail:HTTP 403,https://www.kaigokensaku.mhlw.go.jp/14/index.php?JigyosyoCd=1473003182 / 1473003190-00&ServiceCd=510&action_kouhyou_detail_feature_index=true,https://www.kaigokensaku.mhlw.go.jp/14/index.php?JigyosyoCd=1473003182 / 1473003190-00&ServiceCd=510&action_kouhyou_detail_024_kihon=true
38,特別養護老人ホーム 和喜園,特養,1473000261-00,510,,,,,,2026-10-06T19:57:31+09:00,,,error,feature:HTTP 403 | detail:HTTP 403,https://www.kaigokensaku.mhlw.go.jp/14/index.php?JigyosyoCd=1473000261-00&ServiceCd=510&action_kouhyou_detail_feature_index=true,https://www.kaigokensaku.mhlw.go.jp/14/index.php?JigyosyoCd=1473000261-00&ServiceCd=510&action_kouhyou_detail_024_kihon=true
39,特別養護老人ホーム 和喜園 田園,特養,1473002002-00,510,,,,,,2026-10-06T19:57:37+09:00,,,error,feature:HTTP 403 | detail:HTTP 403,https://www.kaigokensaku.mhlw.go.jp/14/index.php?JigyosyoCd=1473002002-00&ServiceCd=510&action_kouhyou_detail_feature_index=true,https://www.kaigokensaku.mhlw.go.jp/14/index.php?JigyosyoCd=1473002002-00&ServiceCd=510&action_kouhyou_detail_024_kihon=true
40,特別養護老人ホーム 敬愛の園,特養,1473000170-00,510,,,,,,2026-10-06T19:57:43+09:00,,,error,feature:HTTP 403 | detail:HTTP 403,https://www.kaigokensaku.mhlw.go.jp/14/index.php?JigyosyoCd=1473000170-00&ServiceCd=510&action_kouhyou_detail_feature_index=true,https://www.kaigokensaku.mhlw.go.jp/14/index.php?JigyosyoCd=1473000170-00&ServiceCd=510&action_kouhyou_detail_024_kihon=true
41,特別養護老人ホーム 晃風園,特養,1473000188-00,510,,,,,,2026-10-06T19:57:50+09:00,,,error,feature:HTTP 403 | detail:HTTP 403,https://www.kaigokensaku.mhlw.go.jp/14/index.php?JigyosyoCd=1473000188-00&ServiceCd=510&action_kouhyou_detail_feature_index=true,https://www.kaigokensaku.mhlw.go.jp/14/index.php?JigyosyoCd=1473000188-00&ServiceCd=510&action_kouhyou_detail_024_kihon=true
42,特別養護老人ホーム晃風園ぬくもり,特養,1493000150-00,540,,,,,,2026-10-06T19:57:56+09:00,,,error,feature:HTTP 403 | detail:HTTP 403,https://www.kaigokensaku.mhlw.go.jp/14/index.php?JigyosyoCd=1493000150-00&ServiceCd=540&action_kouhyou_detail_feature_index=true,https://www.kaigokensaku.mhlw.go.jp/14/index.php?JigyosyoCd=1493000150-00&ServiceCd=540&action_kouhyou_detail_026_kihon=true
43,社会福祉法人プレマ会 みなみ風,特養,1473001046-00,510,,,,,,2026-10-06T19:58:02+09:00,,,error,feature:HTTP 403 | detail:HTTP 403,https://www.kaigokensaku.mhlw.go.jp/14/index.php?JigyosyoCd=1473001046-00&ServiceCd=510&action_kouhyou_detail_feature_index=true,https://www.kaigokensaku.mhlw.go.jp/14/index.php?JigyosyoCd=1473001046-00&ServiceCd=510&action_kouhyou_detail_024_kihon=true
44,高齢者介護福祉施設 サンホーム鶴間,特養,1473000196-00,510,,,,,,2026-10-06T19:58:08+09:00,,,error,feature:HTTP 403 | detail:HTTP 403,https://www.kaigokensaku.mhlw.go.jp/14/index.php?JigyosyoCd=1473000196-00&ServiceCd=510&action_kouhyou_detail_feature_index=true,https://www.kaigokensaku.mhlw.go.jp/14/index.php?JigyosyoCd=1473000196-00&ServiceCd=510&action_kouhyou_detail_024_kihon=true
45,特別養護老人ホーム 大磯喜楽園,特養,1471300853-00,510,,,,,,2026-10-06T19:58:15+09:00,,,error,feature:HTTP 403 | detail:HTTP 403,https://www.kaigokensaku.mhlw.go.jp/14/index.php?JigyosyoCd=1471300853-00&ServiceCd=510&action_kouhyou_detail_feature_index=true,https://www.kaigokensaku.mhlw.go.jp/14/index.php?JigyosyoCd=1471300853-00&ServiceCd=510&action_kouhyou_detail_024_kihon=true
46,特別養護老人ホーム湘南喜楽園,特養,1471300861-00,510,,,,,,2026-10-06T19:58:21+09:00,,,error,feature:HTTP 403 | detail:HTTP 403,https://www.kaigokensaku.mhlw.go.jp/14/index.php?JigyosyoCd=1471300861-00&ServiceCd=510&action_kouhyou_detail_feature_index=true,https://www.kaigokensaku.mhlw.go.jp/14/index.php?JigyosyoCd=1471300861-00&ServiceCd=510&action_kouhyou_detail_024_kihon=true
47,介護老人福祉施設 寒川ホーム,特養,1471200038-00,510,,,,,,2026-10-06T19:58:27+09:00,,,error,feature:HTTP 403 | detail:HTTP 403,https://www.kaigokensaku.mhlw.go.jp/14/index.php?JigyosyoCd=1471200038-00&ServiceCd=510&action_kouhyou_detail_feature_index=true,https://www.kaigokensaku.mhlw.go.jp/14/index.php?JigyosyoCd=1471200038-00&ServiceCd=510&action_kouhyou_detail_024_kihon=true
48,特別養護老人ホーム きくの郷,特養,1471200087 / 1471200533-00,510,,,,,,2026-10-06T19:58:33+09:00,,,error,feature:HTTP 403 | detail:HTTP 403,https://www.kaigokensaku.mhlw.go.jp/14/index.php?JigyosyoCd=1471200087 / 1471200533-00&ServiceCd=510&action_kouhyou_detail_feature_index=true,https://www.kaigokensaku.mhlw.go.jp/14/index.php?JigyosyoCd=1471200087 / 1471200533-00&ServiceCd=510&action_kouhyou_detail_024_kihon=true
49,ルビーホーム,特養,1472300183-00,510,,,,,,2026-10-06T19:58:40+09:00,,,error,feature:HTTP 403 | detail:HTTP 403,https://www.kaigokensaku.mhlw.go.jp/14/index.php?JigyosyoCd=1472300183-00&ServiceCd=510&action_kouhyou_detail_feature_index=true,https://www.kaigokensaku.mhlw.go.jp/14/index.php?JigyosyoCd=1472300183-00&ServiceCd=510&action_kouhyou_detail_024_kihon=true
50,介護老人福祉施設 たちばなの里,特養,1472300191 / 1472302759-00,510,,,,,,2026-10-06T19:58:46+09:00,,,error,feature:HTTP 403 | detail:HTTP 403,https://www.kaigokensaku.mhlw.go.jp/14/index.php?JigyosyoCd=1472300191 / 1472302759-00&ServiceCd=510&action_kouhyou_detail_feature_index=true,https://www.kaigokensaku.mhlw.go.jp/14/index.php?JigyosyoCd=1472300191 / 1472302759-00&ServiceCd=510&action_kouhyou_detail_024_kihon=true
