classification,id,facility,type,region,vacancy,waiting_count,vacancy_date,vacancy_source_url
空床取得可能,sk00003,緑水苑与野,特養,さいたま市中央区,4,63,2026-09-28,https://www.pref.saitama.lg.jp/documents/8507/04saitama-tokuyo-0810.pdf
空床取得可能,sk00005,なごみの里,特養,さいたま市北区,15,11,2026-09-28,https://www.pref.saitama.lg.jp/documents/8507/04saitama-tokuyo-0810.pdf
空床取得可能,sk00009,フルール宮原ANNEX,特養,さいたま市北区,0,49,2026-09-28,https://www.pref.saitama.lg.jp/documents/8507/04saitama-tokuyo-0810.pdf
空床取得可能,sk00013,こもれびの丘,特養,さいたま市南区,0,40,2026-09-28,https://www.pref.saitama.lg.jp/documents/8507/04saitama-tokuyo-0810.pdf
空床取得可能,sk00015,埼玉さくらんぼII番館,特養,さいたま市南区,0,25,2026-09-28,https://www.pref.saitama.lg.jp/documents/8507/04saitama-tokuyo-0810.pdf
空床取得可能,sk00016,埼玉さくらんぼI番館,特養,さいたま市南区,0,25,2026-09-28,https://www.pref.saitama.lg.jp/documents/8507/04saitama-tokuyo-0810.pdf
空床取得可能,sk00017,はるぱてお,特養,さいたま市大宮区,0,55,2026-09-28,https://www.pref.saitama.lg.jp/documents/8507/04saitama-tokuyo-0810.pdf
空床取得可能,sk00019,大宮諏訪の苑,特養,さいたま市大宮区,0,65,2026-09-28,https://www.pref.saitama.lg.jp/documents/8507/04saitama-tokuyo-0810.pdf
空床取得可能,sk00029,ケアセンター岩槻名栗園,特養,さいたま市岩槻区,0,22,2026-09-28,https://www.pref.saitama.lg.jp/documents/8507/04saitama-tokuyo-0810.pdf
空床取得可能,sk00033,彩幸の杜,特養,さいたま市岩槻区,0,24,2026-09-28,https://www.pref.saitama.lg.jp/documents/8507/04saitama-tokuyo-0810.pdf
空床取得可能,sk00035,白鶴ホーム,特養,さいたま市岩槻区,1,42,2026-09-28,https://www.pref.saitama.lg.jp/documents/8507/04saitama-tokuyo-0810.pdf
空床取得可能,sk00036,さいたまロイヤルの園,特養,さいたま市桜区,7,25,2026-09-28,https://www.pref.saitama.lg.jp/documents/8507/04saitama-tokuyo-0810.pdf
空床取得可能,sk00038,夢眠さくら,特養,さいたま市桜区,5,15,2026-09-28,https://www.pref.saitama.lg.jp/documents/8507/04saitama-tokuyo-0810.pdf
空床取得可能,sk00041,フォレスト浦和,特養,さいたま市浦和区,1,10,2026-09-28,https://www.pref.saitama.lg.jp/documents/8507/04saitama-tokuyo-0810.pdf
空床取得可能,sk00050,浦和みやびの郷,特養,さいたま市緑区,8,0,2026-09-28,https://www.pref.saitama.lg.jp/documents/8507/04saitama-tokuyo-0810.pdf
空床取得可能,sk00053,フォルテーラ指扇,特養,さいたま市西区,0,7,2026-09-28,https://www.pref.saitama.lg.jp/documents/8507/04saitama-tokuyo-0810.pdf
空床取得可能,sk00054,フォレスト指扇,特養,さいたま市西区,0,3,2026-09-28,https://www.pref.saitama.lg.jp/documents/8507/04saitama-tokuyo-0810.pdf
空床取得可能,sk00055,三恵苑,特養,さいたま市西区,0,40,2026-09-28,https://www.pref.saitama.lg.jp/documents/8507/04saitama-tokuyo-0810.pdf
空床取得可能,sk00056,三橋の里,特養,さいたま市西区,1,8,2026-09-28,https://www.pref.saitama.lg.jp/documents/8507/04saitama-tokuyo-0810.pdf
空床取得可能,sk00058,扇の森,特養,さいたま市西区,0,52,2026-09-28,https://www.pref.saitama.lg.jp/documents/8507/04saitama-tokuyo-0810.pdf
空床取得可能,sk00061,春陽苑,特養,さいたま市西区,5,73,2026-09-28,https://www.pref.saitama.lg.jp/documents/8507/04saitama-tokuyo-0810.pdf
空床取得可能,sk00062,緑水苑指扇,特養,さいたま市西区,3,32,2026-09-28,https://www.pref.saitama.lg.jp/documents/8507/04saitama-tokuyo-0810.pdf
空床取得可能,sk00066,さいたまやすらぎの里,特養,さいたま市見沼区,5,42,2026-09-28,https://www.pref.saitama.lg.jp/documents/8507/04saitama-tokuyo-0810.pdf
空床取得可能,sk00068,タムスさくらの杜 見沼,特養,さいたま市見沼区,7,0,2026-09-28,https://www.pref.saitama.lg.jp/documents/8507/04saitama-tokuyo-0810.pdf
空床取得可能,sk00070,恵の里,特養,さいたま市見沼区,6,15,2026-09-28,https://www.pref.saitama.lg.jp/documents/8507/04saitama-tokuyo-0810.pdf
空床取得可能,sk00073,見沼緑水苑,特養,さいたま市見沼区,1,75,2026-09-28,https://www.pref.saitama.lg.jp/documents/8507/04saitama-tokuyo-0810.pdf
空床取得可能,sk00074,諏訪の苑,特養,さいたま市見沼区,0,105,2026-09-28,https://www.pref.saitama.lg.jp/documents/8507/04saitama-tokuyo-0810.pdf
空床取得可能,sk00082,秋桜の里かみふくおか,特養,ふじみ野市,2,11,2026-09-28,https://www.pref.saitama.lg.jp/documents/8507/02nanseibu-tokuyo-0810.pdf
空床取得可能,sk00090,みさとガーデン,特養,三郷市,1,14,2026-09-28,https://www.pref.saitama.lg.jp/documents/8507/03toubu-tokuyo-0810.pdf
空床取得可能,sk00092,タムスさくらの杜 三郷,特養,三郷市,0,29,2026-09-28,https://www.pref.saitama.lg.jp/documents/8507/03toubu-tokuyo-0810.pdf
空床取得可能,sk00093,三郷藤光苑,特養,三郷市,0,52,2026-09-28,https://www.pref.saitama.lg.jp/documents/8507/03toubu-tokuyo-0810.pdf
空床取得可能,sk00095,百年健康くらぶ彦成苑,特養,三郷市,4,5,2026-09-28,https://www.pref.saitama.lg.jp/documents/8507/03toubu-tokuyo-0810.pdf
空床取得可能,sk00096,あけぼの,特養,上尾市,1,38,2026-09-29,https://www.pref.saitama.lg.jp/documents/8507/05kenou-tokuyo-0810.pdf
空床取得可能,sk00100,パストーン浅間台,特養,上尾市,1,52,2026-09-29,https://www.pref.saitama.lg.jp/documents/8507/05kenou-tokuyo-0810.pdf
空床取得可能,sk00102,上尾ほほえみの杜,特養,上尾市,0,10,2026-09-29,https://www.pref.saitama.lg.jp/documents/8507/05kenou-tokuyo-0810.pdf
空床取得可能,sk00103,上尾ほほえみの杜新館,特養,上尾市,0,20,2026-09-29,https://www.pref.saitama.lg.jp/documents/8507/05kenou-tokuyo-0810.pdf
空床取得可能,sk00104,四季の郷 上尾,特養,上尾市,5,16,2026-09-29,https://www.pref.saitama.lg.jp/documents/8507/05kenou-tokuyo-0810.pdf
空床取得可能,sk00108,葺きの里,特養,上尾市,1,63,2026-09-29,https://www.pref.saitama.lg.jp/documents/8507/05kenou-tokuyo-0810.pdf
空床取得可能,sk00111,心の里,特養,上里町,2,1,2026-09-29,https://www.pref.saitama.lg.jp/documents/8507/09hokubu-tokuyo-0810.pdf
空床取得可能,sk00113,しょうぶの里,特養,久喜市,0,25,2026-09-29,https://www.pref.saitama.lg.jp/documents/8507/08tone-tokuyo-0810.pdf
空床取得可能,sk00115,ローレル高柳,特養,久喜市,1,11,2026-09-29,https://www.pref.saitama.lg.jp/documents/8507/08tone-tokuyo-0810.pdf
空床取得可能,sk00117,喜びの里鷲宮,特養,久喜市,1,9,2026-09-29,https://www.pref.saitama.lg.jp/documents/8507/08tone-tokuyo-0810.pdf
空床取得可能,sk00129,入間つつじの園,特養,入間市,0,30,2026-09-29,https://www.pref.saitama.lg.jp/documents/8507/07seibu-tokuyo-0810.pdf
空床取得可能,sk00130,入間老人ホーム,特養,入間市,1,90,2026-09-29,https://www.pref.saitama.lg.jp/documents/8507/07seibu-tokuyo-0810.pdf
空床取得可能,sk00134,聖愛園,特養,入間市,7,30,2026-09-29,https://www.pref.saitama.lg.jp/documents/8507/07seibu-tokuyo-0810.pdf
空床取得可能,sk00141,ふれ愛の郷,特養,加須市,1,55,2026-09-29,https://www.pref.saitama.lg.jp/documents/8507/08tone-tokuyo-0810.pdf
空床取得可能,sk00143,ライゼ清輝苑,特養,加須市,0,24,2026-09-29,https://www.pref.saitama.lg.jp/documents/8507/08tone-tokuyo-0810.pdf
空床取得可能,sk00144,万葉の郷,特養,加須市,1,15,2026-09-29,https://www.pref.saitama.lg.jp/documents/8507/08tone-tokuyo-0810.pdf
空床取得可能,sk00145,久下けやきハウス,特養,加須市,0,10,2026-09-29,https://www.pref.saitama.lg.jp/documents/8507/08tone-tokuyo-0810.pdf
空床取得可能,sk00148,多賀谷寿光園,特養,加須市,0,74,2026-09-29,https://www.pref.saitama.lg.jp/documents/8507/08tone-tokuyo-0810.pdf
空床取得可能,sk00150,特養騎西,特養,加須市,7,17,2026-09-29,https://www.pref.saitama.lg.jp/documents/8507/08tone-tokuyo-0810.pdf
空床取得可能,sk00151,きたもと寿苑,特養,北本市,0,10,2026-09-29,https://www.pref.saitama.lg.jp/documents/8507/05kenou-tokuyo-0810.pdf
空床取得可能,sk00152,けやきの杜,特養,北本市,8,8,2026-09-29,https://www.pref.saitama.lg.jp/documents/8507/05kenou-tokuyo-0810.pdf
空床取得可能,sk00153,さくら苑,特養,北本市,0,11,2026-09-29,https://www.pref.saitama.lg.jp/documents/8507/05kenou-tokuyo-0810.pdf
空床取得可能,sk00154,ちとせ北本,特養,北本市,0,38,2026-09-29,https://www.pref.saitama.lg.jp/documents/8507/05kenou-tokuyo-0810.pdf
空床取得可能,sk00156,サニーホーム,特養,北本市,1,30,2026-09-29,https://www.pref.saitama.lg.jp/documents/8507/05kenou-tokuyo-0810.pdf
空床取得可能,sk00157,チェリーヒルズ北本,特養,北本市,0,15,2026-09-29,https://www.pref.saitama.lg.jp/documents/8507/05kenou-tokuyo-0810.pdf
空床取得可能,sk00160,みなみの苑,特養,吉川市,0,33,2026-09-28,https://www.pref.saitama.lg.jp/documents/8507/03toubu-tokuyo-0810.pdf
空床取得可能,sk00164,さかどロイヤルの園,特養,坂戸市,3,17,2026-09-29,https://www.pref.saitama.lg.jp/documents/8507/06kawagoehiki-tokuyo-0810.pdf
空床取得可能,sk00166,シャローム・ガーデン坂戸,特養,坂戸市,0,83,2026-09-29,https://www.pref.saitama.lg.jp/documents/8507/06kawagoehiki-tokuyo-0810.pdf
空床取得可能,sk00168,好日の家,特養,坂戸市,0,117,2026-09-29,https://www.pref.saitama.lg.jp/documents/8507/06kawagoehiki-tokuyo-0810.pdf
空床取得可能,sk00178,こぶしの里,特養,富士見市,0,40,2026-09-28,https://www.pref.saitama.lg.jp/documents/8507/02nanseibu-tokuyo-0810.pdf
空床取得可能,sk00179,はるな苑,特養,富士見市,0,18,2026-09-28,https://www.pref.saitama.lg.jp/documents/8507/02nanseibu-tokuyo-0810.pdf
空床取得可能,sk00181,むさしの,特養,富士見市,4,77,2026-09-28,https://www.pref.saitama.lg.jp/documents/8507/02nanseibu-tokuyo-0810.pdf
空床取得可能,sk00184,ハレサク,特養,富士見市,1,143,2026-09-28,https://www.pref.saitama.lg.jp/documents/8507/02nanseibu-tokuyo-0810.pdf
空床取得可能,sk00185,羽沢の里,特養,富士見市,0,20,2026-09-28,https://www.pref.saitama.lg.jp/documents/8507/02nanseibu-tokuyo-0810.pdf
空床取得可能,sk00187,小川ひなた荘,特養,小川町,0,18,2026-09-29,https://www.pref.saitama.lg.jp/documents/8507/06kawagoehiki-tokuyo-0810.pdf
空床取得可能,sk00188,小鹿野苑,特養,小鹿野町,0,24,2026-09-29,https://www.pref.saitama.lg.jp/documents/8507/10titibu-tokuyo-0810.pdf
空床取得可能,sk00189,巨香の郷,特養,小鹿野町,0,18,2026-09-29,https://www.pref.saitama.lg.jp/documents/8507/10titibu-tokuyo-0810.pdf
空床取得可能,sk00190,花菖蒲・両神,特養,小鹿野町,0,52,2026-09-29,https://www.pref.saitama.lg.jp/documents/8507/10titibu-tokuyo-0810.pdf
空床取得可能,sk00191,らんざん苑,特養,嵐山町,0,44,2026-09-29,https://www.pref.saitama.lg.jp/documents/8507/06kawagoehiki-tokuyo-0810.pdf
空床取得可能,sk00192,武蔵野ユートピアダイアナ クラブ,特養,嵐山町,13,10,2026-09-29,https://www.pref.saitama.lg.jp/documents/8507/06kawagoehiki-tokuyo-0810.pdf
空床取得可能,sk00193,かわぐちロイヤルの園,特養,川口市,5,28,2026-09-28,https://www.pref.saitama.lg.jp/documents/8507/01nanbu-tokuyo-0810.pdf
空床取得可能,sk00195,くすのき,特養,川口市,0,30,2026-09-28,https://www.pref.saitama.lg.jp/documents/8507/01nanbu-tokuyo-0810.pdf
空床取得可能,sk00196,さくらの里,特養,川口市,3,34,2026-09-28,https://www.pref.saitama.lg.jp/documents/8507/01nanbu-tokuyo-0810.pdf
空床取得可能,sk00197,さざんかの郷,特養,川口市,0,36,2026-09-28,https://www.pref.saitama.lg.jp/documents/8507/01nanbu-tokuyo-0810.pdf
空床取得可能,sk00198,とわの郷,特養,川口市,0,28,2026-09-28,https://www.pref.saitama.lg.jp/documents/8507/01nanbu-tokuyo-0810.pdf
空床取得可能,sk00202,タムスさくらの杜 川口,特養,川口市,0,17,2026-09-28,https://www.pref.saitama.lg.jp/documents/8507/01nanbu-tokuyo-0810.pdf
空床取得可能,sk00203,タムスさくらの杜 新井宿,特養,川口市,0,42,2026-09-28,https://www.pref.saitama.lg.jp/documents/8507/01nanbu-tokuyo-0810.pdf
空床取得可能,sk00204,タムスさくらの杜 道合,特養,川口市,1,10,2026-09-28,https://www.pref.saitama.lg.jp/documents/8507/01nanbu-tokuyo-0810.pdf
空床取得可能,sk00205,ベルホーム,特養,川口市,0,42,2026-09-28,https://www.pref.saitama.lg.jp/documents/8507/01nanbu-tokuyo-0810.pdf
空床取得可能,sk00206,マッシーテラス,特養,川口市,3,90,2026-09-28,https://www.pref.saitama.lg.jp/documents/8507/01nanbu-tokuyo-0810.pdf
空床取得可能,sk00214,川口キングス・ガーデン,特養,川口市,2,12,2026-09-28,https://www.pref.saitama.lg.jp/documents/8507/01nanbu-tokuyo-0810.pdf
空床取得可能,sk00216,川口市特別養護老人ホー ム,特養,川口市,4,32,2026-09-28,https://www.pref.saitama.lg.jp/documents/8507/01nanbu-tokuyo-0810.pdf
空床取得可能,sk00217,悠久の栖,特養,川口市,1,17,2026-09-28,https://www.pref.saitama.lg.jp/documents/8507/01nanbu-tokuyo-0810.pdf
空床取得可能,sk00220,第2春香苑,特養,川口市,0,52,2026-09-28,https://www.pref.saitama.lg.jp/documents/8507/01nanbu-tokuyo-0810.pdf
空床取得可能,sk00221,第二川口シニアセンター,特養,川口市,1,44,2026-09-28,https://www.pref.saitama.lg.jp/documents/8507/01nanbu-tokuyo-0810.pdf
空床取得可能,sk00222,紫水苑,特養,川口市,0,84,2026-09-28,https://www.pref.saitama.lg.jp/documents/8507/01nanbu-tokuyo-0810.pdf
空床取得可能,sk00223,親光,特養,川口市,0,15,2026-09-28,https://www.pref.saitama.lg.jp/documents/8507/01nanbu-tokuyo-0810.pdf
空床取得可能,sk00224,香の里,特養,川口市,0,15,2026-09-28,https://www.pref.saitama.lg.jp/documents/8507/01nanbu-tokuyo-0810.pdf
空床取得可能,sk00225,ひまわり,特養,川島町,0,30,2026-09-29,https://www.pref.saitama.lg.jp/documents/8507/06kawagoehiki-tokuyo-0810.pdf
空床取得可能,sk00227,ここしあ,特養,川越市,0,42,2026-09-29,https://www.pref.saitama.lg.jp/documents/8507/06kawagoehiki-tokuyo-0810.pdf
空床取得可能,sk00230,ひろ家,特養,川越市,0,4,2026-09-29,https://www.pref.saitama.lg.jp/documents/8507/06kawagoehiki-tokuyo-0810.pdf
空床取得可能,sk00232,みどりのまち親愛,特養,川越市,2,45,2026-09-29,https://www.pref.saitama.lg.jp/documents/8507/06kawagoehiki-tokuyo-0810.pdf
空床取得可能,sk00233,みなみかぜ,特養,川越市,6,89,2026-09-29,https://www.pref.saitama.lg.jp/documents/8507/06kawagoehiki-tokuyo-0810.pdf
空床取得可能,sk00234,みなみかぜ・燦,特養,川越市,1,27,2026-09-29,https://www.pref.saitama.lg.jp/documents/8507/06kawagoehiki-tokuyo-0810.pdf
空床取得可能,sk00240,清風園川越,特養,川越市,2,,2026-09-29,https://www.pref.saitama.lg.jp/documents/8507/06kawagoehiki-tokuyo-0810.pdf
空床取得可能,sk00242,蔵の町・川越,特養,川越市,0,62,2026-09-29,https://www.pref.saitama.lg.jp/documents/8507/06kawagoehiki-tokuyo-0810.pdf
空床取得可能,sk00244,さっての里,特養,幸手市,7,57,2026-09-29,https://www.pref.saitama.lg.jp/documents/8507/08tone-tokuyo-0810.pdf
空床取得可能,sk00249,あったかの家,特養,志木市,5,100,2026-09-28,https://www.pref.saitama.lg.jp/documents/8507/02nanseibu-tokuyo-0810.pdf
空床取得可能,sk00250,ブロン,特養,志木市,0,20,2026-09-28,https://www.pref.saitama.lg.jp/documents/8507/02nanseibu-tokuyo-0810.pdf
空床取得可能,sk00252,志木瑞穂の森,特養,志木市,0,16,2026-09-28,https://www.pref.saitama.lg.jp/documents/8507/02nanseibu-tokuyo-0810.pdf
空床取得可能,sk00253,いきいきタウンとだ,特養,戸田市,0,36,2026-09-28,https://www.pref.saitama.lg.jp/documents/8507/01nanbu-tokuyo-0810.pdf
空床取得可能,sk00254,とだ優和の杜,特養,戸田市,0,57,2026-09-28,https://www.pref.saitama.lg.jp/documents/8507/01nanbu-tokuyo-0810.pdf
空床取得可能,sk00255,レーベンホーム戸田,特養,戸田市,1,32,2026-09-28,https://www.pref.saitama.lg.jp/documents/8507/01nanbu-tokuyo-0810.pdf
空床取得可能,sk00256,戸田ほほえみの郷,特養,戸田市,0,,2026-09-28,https://www.pref.saitama.lg.jp/documents/8507/01nanbu-tokuyo-0810.pdf
空床取得可能,sk00258,ところの苑,特養,所沢市,0,319,2026-09-29,https://www.pref.saitama.lg.jp/documents/8507/07seibu-tokuyo-0810.pdf
空床取得可能,sk00260,アンミッコ,特養,所沢市,0,120,2026-09-29,https://www.pref.saitama.lg.jp/documents/8507/07seibu-tokuyo-0810.pdf
空床取得可能,sk00266,健寿園新館,特養,所沢市,0,210,2026-09-29,https://www.pref.saitama.lg.jp/documents/8507/07seibu-tokuyo-0810.pdf
空床取得可能,sk00270,所沢かがやきの里,特養,所沢市,0,75,2026-09-29,https://www.pref.saitama.lg.jp/documents/8507/07seibu-tokuyo-0810.pdf
空床取得可能,sk00271,所沢やすらぎの里,特養,所沢市,0,131,2026-09-29,https://www.pref.saitama.lg.jp/documents/8507/07seibu-tokuyo-0810.pdf
空床取得可能,sk00278,よつばあたご苑,特養,新座市,0,32,2026-09-28,https://www.pref.saitama.lg.jp/documents/8507/02nanseibu-tokuyo-0810.pdf
空床取得可能,sk00281,晴和苑,特養,新座市,0,90,2026-09-28,https://www.pref.saitama.lg.jp/documents/8507/02nanseibu-tokuyo-0810.pdf
空床取得可能,sk00282,殿山亀寿苑,特養,新座市,0,53,2026-09-28,https://www.pref.saitama.lg.jp/documents/8507/02nanseibu-tokuyo-0810.pdf
空床取得可能,sk00283,菜々の郷,特養,新座市,0,71,2026-09-28,https://www.pref.saitama.lg.jp/documents/8507/02nanseibu-tokuyo-0810.pdf
空床取得可能,sk00285,清雅園,特養,日高市,0,125,2026-09-29,https://www.pref.saitama.lg.jp/documents/8507/07seibu-tokuyo-0810.pdf
空床取得可能,sk00291,そら,特養,春日部市,3,3,2026-09-28,https://www.pref.saitama.lg.jp/documents/8507/03toubu-tokuyo-0810.pdf
空床取得可能,sk00294,フラワーヒル,特養,春日部市,0,31,2026-09-28,https://www.pref.saitama.lg.jp/documents/8507/03toubu-tokuyo-0810.pdf
空床取得可能,sk00295,庄和和合,特養,春日部市,0,51,2026-09-28,https://www.pref.saitama.lg.jp/documents/8507/03toubu-tokuyo-0810.pdf
空床取得可能,sk00296,彩光苑,特養,春日部市,0,19,2026-09-28,https://www.pref.saitama.lg.jp/documents/8507/03toubu-tokuyo-0810.pdf
空床取得可能,sk00298,武里まきば園,特養,春日部市,0,45,2026-09-28,https://www.pref.saitama.lg.jp/documents/8507/03toubu-tokuyo-0810.pdf
空床取得可能,sk00301,百合の郷,特養,春日部市,0,57,2026-09-28,https://www.pref.saitama.lg.jp/documents/8507/03toubu-tokuyo-0810.pdf
空床取得可能,sk00303,ハレルヤ,特養,朝霞市,2,61,2026-09-28,https://www.pref.saitama.lg.jp/documents/8507/02nanseibu-tokuyo-0810.pdf
空床取得可能,sk00304,内間木苑,特養,朝霞市,2,80,2026-09-28,https://www.pref.saitama.lg.jp/documents/8507/02nanseibu-tokuyo-0810.pdf
空床取得可能,sk00308,オルトビオス児玉ホーム,特養,本庄市,2,8,2026-09-29,https://www.pref.saitama.lg.jp/documents/8507/09hokubu-tokuyo-0810.pdf
空床取得可能,sk00310,トマト村,特養,本庄市,11,25,2026-09-29,https://www.pref.saitama.lg.jp/documents/8507/09hokubu-tokuyo-0810.pdf
空床取得可能,sk00311,千鳥の丘,特養,本庄市,0,3,2026-09-29,https://www.pref.saitama.lg.jp/documents/8507/09hokubu-tokuyo-0810.pdf
空床取得可能,sk00314,はなみずき,特養,杉戸町,0,26,2026-09-29,https://www.pref.saitama.lg.jp/documents/8507/08tone-tokuyo-0810.pdf
空床取得可能,sk00316,清風園,特養,杉戸町,3,47,2026-09-29,https://www.pref.saitama.lg.jp/documents/8507/08tone-tokuyo-0810.pdf
空床取得可能,sk00319,ふるさとの杜かみのもと,特養,東松山市,2,76,2026-09-29,https://www.pref.saitama.lg.jp/documents/8507/06kawagoehiki-tokuyo-0810.pdf
空床取得可能,sk00325,はにわの里,特養,桶川市,0,18,2026-09-29,https://www.pref.saitama.lg.jp/documents/8507/05kenou-tokuyo-0810.pdf
空床取得可能,sk00326,べに花の郷,特養,桶川市,10,19,2026-09-29,https://www.pref.saitama.lg.jp/documents/8507/05kenou-tokuyo-0810.pdf
空床取得可能,sk00327,クイーンズビラ桶川,特養,桶川市,1,8,2026-09-29,https://www.pref.saitama.lg.jp/documents/8507/05kenou-tokuyo-0810.pdf
空床取得可能,sk00329,ベテラン館ヴィラ桶川,特養,桶川市,2,7,2026-09-29,https://www.pref.saitama.lg.jp/documents/8507/05kenou-tokuyo-0810.pdf
空床取得可能,sk00330,花ノ木の郷,特養,桶川市,0,20,2026-09-29,https://www.pref.saitama.lg.jp/documents/8507/05kenou-tokuyo-0810.pdf
空床取得可能,sk00332,絆の丘,特養,横瀬町,0,74,2026-09-29,https://www.pref.saitama.lg.jp/documents/8507/10titibu-tokuyo-0810.pdf
空床取得可能,sk00333,ななふく苑,特養,毛呂山町,0,87,2026-09-29,https://www.pref.saitama.lg.jp/documents/8507/06kawagoehiki-tokuyo-0810.pdf
空床取得可能,sk00337,かがやき,特養,深谷市,1,28,2026-09-29,https://www.pref.saitama.lg.jp/documents/8507/09hokubu-tokuyo-0810.pdf
空床取得可能,sk00338,ひびき,特養,深谷市,0,44,2026-09-29,https://www.pref.saitama.lg.jp/documents/8507/09hokubu-tokuyo-0810.pdf
空床取得可能,sk00339,ふじさわ苑,特養,深谷市,0,19,2026-09-29,https://www.pref.saitama.lg.jp/documents/8507/09hokubu-tokuyo-0810.pdf
空床取得可能,sk00342,サンライズガーデン,特養,深谷市,0,2,2026-09-29,https://www.pref.saitama.lg.jp/documents/8507/09hokubu-tokuyo-0810.pdf
空床取得可能,sk00345,清風苑,特養,深谷市,0,20,2026-09-29,https://www.pref.saitama.lg.jp/documents/8507/09hokubu-tokuyo-0810.pdf
空床取得可能,sk00346,福寿園,特養,深谷市,0,17,2026-09-29,https://www.pref.saitama.lg.jp/documents/8507/09hokubu-tokuyo-0810.pdf
空床取得可能,sk00350,のぞみの里,特養,熊谷市,0,16,2026-09-29,https://www.pref.saitama.lg.jp/documents/8507/09hokubu-tokuyo-0810.pdf
空床取得可能,sk00355,彩華園,特養,熊谷市,0,65,2026-09-29,https://www.pref.saitama.lg.jp/documents/8507/09hokubu-tokuyo-0810.pdf
空床取得可能,sk00359,熊谷ホーム,特養,熊谷市,12,8,2026-09-29,https://www.pref.saitama.lg.jp/documents/8507/09hokubu-tokuyo-0810.pdf
空床取得可能,sk00362,虹の郷,特養,熊谷市,2,6,2026-09-29,https://www.pref.saitama.lg.jp/documents/8507/09hokubu-tokuyo-0810.pdf
空床取得可能,sk00366,つつじの園,特養,狭山市,0,104,2026-09-29,https://www.pref.saitama.lg.jp/documents/8507/07seibu-tokuyo-0810.pdf
空床取得可能,sk00370,オリーブ 月見乃館,特養,狭山市,0,101,2026-09-29,https://www.pref.saitama.lg.jp/documents/8507/07seibu-tokuyo-0810.pdf
空床取得可能,sk00372,福寿の里,特養,狭山市,0,78,2026-09-29,https://www.pref.saitama.lg.jp/documents/8507/07seibu-tokuyo-0810.pdf
空床取得可能,sk00374,いなほの里,特養,白岡市,0,34,2026-09-29,https://www.pref.saitama.lg.jp/documents/8507/08tone-tokuyo-0810.pdf
空床取得可能,sk00375,ずいせん長寿村,特養,白岡市,0,44,2026-09-29,https://www.pref.saitama.lg.jp/documents/8507/08tone-tokuyo-0810.pdf
空床取得可能,sk00377,光乃里,特養,白岡市,2,22,2026-09-29,https://www.pref.saitama.lg.jp/documents/8507/08tone-tokuyo-0810.pdf
空床取得可能,sk00378,悠う湯ホーム,特養,皆野町,1,76,2026-09-29,https://www.pref.saitama.lg.jp/documents/8507/10titibu-tokuyo-0810.pdf
空床取得可能,sk00391,くわの実,特養,羽生市,0,56,2026-09-29,https://www.pref.saitama.lg.jp/documents/8507/08tone-tokuyo-0810.pdf
空床取得可能,sk00392,木犀館,特養,羽生市,0,25,2026-09-29,https://www.pref.saitama.lg.jp/documents/8507/08tone-tokuyo-0810.pdf
空床取得可能,sk00394,薫藤園,特養,羽生市,0,41,2026-09-29,https://www.pref.saitama.lg.jp/documents/8507/08tone-tokuyo-0810.pdf
空床取得可能,sk00395,いろは,特養,草加市,2,14,2026-09-28,https://www.pref.saitama.lg.jp/documents/8507/03toubu-tokuyo-0810.pdf
空床取得可能,sk00400,プレミア草加南,特養,草加市,0,40,2026-09-28,https://www.pref.saitama.lg.jp/documents/8507/03toubu-tokuyo-0810.pdf
空床取得可能,sk00401,ラスール草加,特養,草加市,3,50,2026-09-28,https://www.pref.saitama.lg.jp/documents/8507/03toubu-tokuyo-0810.pdf
空床取得可能,sk00402,柿木園,特養,草加市,0,40,2026-09-28,https://www.pref.saitama.lg.jp/documents/8507/03toubu-tokuyo-0810.pdf
空床取得可能,sk00403,草加キングス・ガーデン,特養,草加市,0,96,2026-09-28,https://www.pref.saitama.lg.jp/documents/8507/03toubu-tokuyo-0810.pdf
空床取得可能,sk00406,ひので,特養,蓮田市,21,17,2026-09-29,https://www.pref.saitama.lg.jp/documents/8507/08tone-tokuyo-0810.pdf
空床取得可能,sk00407,共生の家,特養,蓮田市,0,36,2026-09-29,https://www.pref.saitama.lg.jp/documents/8507/08tone-tokuyo-0810.pdf
空床取得可能,sk00408,吾亦紅,特養,蓮田市,0,75,2026-09-29,https://www.pref.saitama.lg.jp/documents/8507/08tone-tokuyo-0810.pdf
空床取得可能,sk00410,レーベンホームわらび,特養,蕨市,1,33,2026-09-28,https://www.pref.saitama.lg.jp/documents/8507/01nanbu-tokuyo-0810.pdf
空床取得可能,sk00411,第2蕨サンクチュアリ,特養,蕨市,0,32,2026-09-28,https://www.pref.saitama.lg.jp/documents/8507/01nanbu-tokuyo-0810.pdf
空床取得可能,sk00412,蕨サンクチュアリ,特養,蕨市,5,32,2026-09-28,https://www.pref.saitama.lg.jp/documents/8507/01nanbu-tokuyo-0810.pdf
空床取得可能,sk00419,雅,特養,行田市,4,32,2026-09-29,https://www.pref.saitama.lg.jp/documents/8507/08tone-tokuyo-0810.pdf
空床取得可能,sk00420,光の丘,特養,越生町,3,3,2026-09-29,https://www.pref.saitama.lg.jp/documents/8507/06kawagoehiki-tokuyo-0810.pdf
空床取得可能,sk00422,えくぼ,特養,越谷市,0,16,2026-09-28,https://www.pref.saitama.lg.jp/documents/8507/03toubu-tokuyo-0810.pdf
空床取得可能,sk00426,クローバーホーム,特養,越谷市,0,18,2026-09-28,https://www.pref.saitama.lg.jp/documents/8507/03toubu-tokuyo-0810.pdf
空床取得可能,sk00428,タムスさくらの杜 越谷,特養,越谷市,0,7,2026-09-28,https://www.pref.saitama.lg.jp/documents/8507/03toubu-tokuyo-0810.pdf
空床取得可能,sk00429,レイクタウンの杜,特養,越谷市,0,30,2026-09-28,https://www.pref.saitama.lg.jp/documents/8507/03toubu-tokuyo-0810.pdf
空床取得可能,sk00430,嘉祥園,特養,越谷市,2,22,2026-09-28,https://www.pref.saitama.lg.jp/documents/8507/03toubu-tokuyo-0810.pdf
空床取得可能,sk00432,憩いの里,特養,越谷市,0,60,2026-09-28,https://www.pref.saitama.lg.jp/documents/8507/03toubu-tokuyo-0810.pdf
空床取得可能,sk00433,桃の里,特養,越谷市,0,32,2026-09-28,https://www.pref.saitama.lg.jp/documents/8507/03toubu-tokuyo-0810.pdf
空床取得可能,sk00434,越谷なごみの郷,特養,越谷市,0,103,2026-09-28,https://www.pref.saitama.lg.jp/documents/8507/03toubu-tokuyo-0810.pdf
空床取得可能,sk00436,越谷れんげの杜,特養,越谷市,3,27,2026-09-28,https://www.pref.saitama.lg.jp/documents/8507/03toubu-tokuyo-0810.pdf
空床取得可能,sk00437,越谷ホーム,特養,越谷市,3,28,2026-09-28,https://www.pref.saitama.lg.jp/documents/8507/03toubu-tokuyo-0810.pdf
空床取得可能,sk00438,輝の杜こしがや,特養,越谷市,0,19,2026-09-28,https://www.pref.saitama.lg.jp/documents/8507/03toubu-tokuyo-0810.pdf
空床取得可能,sk00439,ながとろ苑,特養,長瀞町,3,15,2026-09-29,https://www.pref.saitama.lg.jp/documents/8507/10titibu-tokuyo-0810.pdf
空床取得可能,sk00442,太行路,特養,飯能市,0,39,2026-09-29,https://www.pref.saitama.lg.jp/documents/8507/07seibu-tokuyo-0810.pdf
空床取得可能,sk00449,吹上苑,特養,鴻巣市,0,,2026-09-29,https://www.pref.saitama.lg.jp/documents/8507/05kenou-tokuyo-0810.pdf
空床取得可能,sk00450,小松の里,特養,鴻巣市,0,2,2026-09-29,https://www.pref.saitama.lg.jp/documents/8507/05kenou-tokuyo-0810.pdf
空床取得可能,sk00451,川里苑デメテル・ヴィラ,特養,鴻巣市,0,31,2026-09-29,https://www.pref.saitama.lg.jp/documents/8507/05kenou-tokuyo-0810.pdf
空床取得可能,sk00452,福冨の郷,特養,鴻巣市,0,,2026-09-29,https://www.pref.saitama.lg.jp/documents/8507/05kenou-tokuyo-0810.pdf
空床取得可能,sk00454,馬室たんぽぽ翔裕園,特養,鴻巣市,0,,2026-09-29,https://www.pref.saitama.lg.jp/documents/8507/05kenou-tokuyo-0810.pdf
空床取得可能,sk00457,清光苑,特養,鶴ヶ島市,1,41,2026-09-29,https://www.pref.saitama.lg.jp/documents/8507/06kawagoehiki-tokuyo-0810.pdf
空床取得可能,sk00461,ハートランド大宮,老健,さいたま市北区,6,0,2026-09-29,https://www.pref.saitama.lg.jp/documents/8507/04saitama-roken-0810.pdf
空床取得可能,sk00465,ソワンルミエ槻の森,老健,さいたま市岩槻区,3,0,2026-09-29,https://www.pref.saitama.lg.jp/documents/8507/04saitama-roken-0810.pdf
空床取得可能,sk00467,うらわの里,老健,さいたま市桜区,20,2,2026-09-29,https://www.pref.saitama.lg.jp/documents/8507/04saitama-roken-0810.pdf
空床取得可能,sk00468,ファインハイム,老健,さいたま市桜区,5,0,2026-09-29,https://www.pref.saitama.lg.jp/documents/8507/04saitama-roken-0810.pdf
空床取得可能,sk00470,あさがお,老健,さいたま市緑区,20,0,2026-09-29,https://www.pref.saitama.lg.jp/documents/8507/04saitama-roken-0810.pdf
空床取得可能,sk00472,尚和園 アンシャンテ,老健,さいたま市緑区,9,0,2026-09-29,https://www.pref.saitama.lg.jp/documents/8507/04saitama-roken-0810.pdf
空床取得可能,sk00476,春陽苑,老健,さいたま市西区,2,0,2026-09-29,https://www.pref.saitama.lg.jp/documents/8507/04saitama-roken-0810.pdf
空床取得可能,sk00478,高齢者ケアセンター ゆらぎ,老健,さいたま市西区,0,2,2026-09-29,https://www.pref.saitama.lg.jp/documents/8507/04saitama-roken-0810.pdf
空床取得可能,sk00480,アーバンみらいハートランド東大宮,老健,さいたま市見沼区,8,3,2026-09-29,https://www.pref.saitama.lg.jp/documents/8507/04saitama-roken-0810.pdf
空床取得可能,sk00481,ハートケア東大宮,老健,さいたま市見沼区,3,,2026-09-29,https://www.pref.saitama.lg.jp/documents/8507/04saitama-roken-0810.pdf
空床取得可能,sk00484,さくらの里,老健,ふじみ野市,0,5,2026-09-29,https://www.pref.saitama.lg.jp/documents/8507/02nanseibu-roken-0810.pdf
空床取得可能,sk00485,ふじみ野介護老人保健施設ベテラン館,老健,ふじみ野市,1,2,2026-09-29,https://www.pref.saitama.lg.jp/documents/8507/02nanseibu-roken-0810.pdf
空床取得可能,sk00486,イムスケアふじみの,老健,ふじみ野市,0,0,2026-09-29,https://www.pref.saitama.lg.jp/documents/8507/02nanseibu-roken-0810.pdf
空床取得可能,sk00487,上福岡リハケアセンター,老健,ふじみ野市,3,3,2026-09-29,https://www.pref.saitama.lg.jp/documents/8507/02nanseibu-roken-0810.pdf
空床取得可能,sk00488,秋桜の里,老健,ふじみ野市,2,3,2026-09-29,https://www.pref.saitama.lg.jp/documents/8507/02nanseibu-roken-0810.pdf
空床取得可能,sk00495,エルサ上尾,老健,上尾市,5,0,2026-09-29,https://www.pref.saitama.lg.jp/documents/8507/05kenou-roken-0810.pdf
空床取得可能,sk00498,みやじま,老健,久喜市,10,5,2026-09-29,https://www.pref.saitama.lg.jp/documents/8507/08tone-roken-0810.pdf
空床取得可能,sk00501,鶴寿の里ナーシングホーム,老健,久喜市,3,2,2026-09-29,https://www.pref.saitama.lg.jp/documents/8507/08tone-roken-0810.pdf
空床取得可能,sk00505,アヴニール,老健,入間市,7,3,2026-09-29,https://www.pref.saitama.lg.jp/documents/8507/07seibu-roken-0810.pdf
空床取得可能,sk00507,ケアセンター八潮,老健,八潮市,,0,2026-09-29,https://www.pref.saitama.lg.jp/documents/8507/03toubu-roken-0810.pdf
空床取得可能,sk00508,ケア・ビレッジ シャローム,老健,加須市,10,0,2026-09-29,https://www.pref.saitama.lg.jp/documents/8507/08tone-roken-0810.pdf
空床取得可能,sk00510,虹の園,老健,加須市,13,0,2026-09-29,https://www.pref.saitama.lg.jp/documents/8507/08tone-roken-0810.pdf
空床取得可能,sk00513,ケアリングよしかわ,老健,吉川市,,,2026-09-29,https://www.pref.saitama.lg.jp/documents/8507/03toubu-roken-0810.pdf
空床取得可能,sk00523,富士見の里,老健,富士見市,0,5,2026-09-29,https://www.pref.saitama.lg.jp/documents/8507/02nanseibu-roken-0810.pdf
空床取得可能,sk00542,コスモス苑,老健,戸田市,9,0,2026-09-29,https://www.pref.saitama.lg.jp/documents/8507/01nanbu-roken-0810.pdf
空床取得可能,sk00551,四季の里,老健,新座市,5,1,2026-09-29,https://www.pref.saitama.lg.jp/documents/8507/02nanseibu-roken-0810.pdf
空床取得可能,sk00552,新座園,老健,新座市,7,5,2026-09-29,https://www.pref.saitama.lg.jp/documents/8507/02nanseibu-roken-0810.pdf
空床取得可能,sk00559,つつじの郷,老健,朝霞市,1,0,2026-09-29,https://www.pref.saitama.lg.jp/documents/8507/02nanseibu-roken-0810.pdf
空床取得可能,sk00560,グリーンビレッジ朝霞台,老健,朝霞市,2,2,2026-09-29,https://www.pref.saitama.lg.jp/documents/8507/02nanseibu-roken-0810.pdf
空床取得可能,sk00562,彩の苑,老健,本庄市,8,2,2026-09-29,https://www.pref.saitama.lg.jp/documents/8507/09hokubu-roken-0810.pdf
空床取得可能,sk00564,わかばの丘,老健,東松山市,3,1,2026-09-29,https://www.pref.saitama.lg.jp/documents/8507/06kawagoehiki-roken-0810.pdf
空床取得可能,sk00565,東松山市総合福祉エリア,老健,東松山市,3,3,2026-09-29,https://www.pref.saitama.lg.jp/documents/8507/06kawagoehiki-roken-0810.pdf
空床取得可能,sk00567,あすかHOUSE松伏,老健,松伏町,1,2,2026-09-29,https://www.pref.saitama.lg.jp/documents/8507/03toubu-roken-0810.pdf
空床取得可能,sk00570,ルーエハイム,老健,桶川市,1,0,2026-09-29,https://www.pref.saitama.lg.jp/documents/8507/05kenou-roken-0810.pdf
空床取得可能,sk00575,はなみずき,老健,深谷市,2,3,2026-09-29,https://www.pref.saitama.lg.jp/documents/8507/09hokubu-roken-0810.pdf
空床取得可能,sk00576,アルメリア,老健,深谷市,1,1,2026-09-29,https://www.pref.saitama.lg.jp/documents/8507/09hokubu-roken-0810.pdf
空床取得可能,sk00578,いづみケアセンター,老健,滑川町,2,2,2026-09-29,https://www.pref.saitama.lg.jp/documents/8507/06kawagoehiki-roken-0810.pdf
空床取得可能,sk00579,ぬくもり,老健,熊谷市,1,3,2026-09-29,https://www.pref.saitama.lg.jp/documents/8507/09hokubu-roken-0810.pdf
空床取得可能,sk00580,はなぶさ,老健,熊谷市,1,2,2026-09-29,https://www.pref.saitama.lg.jp/documents/8507/09hokubu-roken-0810.pdf
空床取得可能,sk00581,ケアパーク江南,老健,熊谷市,3,2,2026-09-29,https://www.pref.saitama.lg.jp/documents/8507/09hokubu-roken-0810.pdf
空床取得可能,sk00582,トワーム熊谷,老健,熊谷市,4,0,2026-09-29,https://www.pref.saitama.lg.jp/documents/8507/09hokubu-roken-0810.pdf
空床取得可能,sk00583,葵の園・熊谷,老健,熊谷市,2,3,2026-09-29,https://www.pref.saitama.lg.jp/documents/8507/09hokubu-roken-0810.pdf
空床取得可能,sk00585,愛,老健,狭山市,5,4,2026-09-29,https://www.pref.saitama.lg.jp/documents/8507/07seibu-roken-0810.pdf
空床取得可能,sk00588,かみかわ,老健,神川町,2,33,2026-09-29,https://www.pref.saitama.lg.jp/documents/8507/09hokubu-roken-0810.pdf
空床取得可能,sk00590,介護老人保健施設エスポワール秩父,老健,秩父市,2,8,2026-09-29,https://www.pref.saitama.lg.jp/documents/8507/10titibu-roken-0810.pdf
空床取得可能,sk00592,カノープス・羽生,老健,羽生市,5,2,2026-09-29,https://www.pref.saitama.lg.jp/documents/8507/08tone-roken-0810.pdf
空床取得可能,sk00596,ケアタウンゆうゆう,老健,蓮田市,1,0,2026-09-29,https://www.pref.saitama.lg.jp/documents/8507/08tone-roken-0810.pdf
空床取得可能,sk00597,蓮田ナーシングホーム翔裕園,老健,蓮田市,0,3,2026-09-29,https://www.pref.saitama.lg.jp/documents/8507/08tone-roken-0810.pdf
空床取得可能,sk00602,シルバーケア敬愛,老健,越谷市,4,7,2026-09-29,https://www.pref.saitama.lg.jp/documents/8507/03toubu-roken-0810.pdf
空床取得可能,sk00605,憩いの里,老健,越谷市,0,6,2026-09-29,https://www.pref.saitama.lg.jp/documents/8507/03toubu-roken-0810.pdf
空床取得可能,sk00611,飯能市東吾野医療介護センター,老健,飯能市,0,0,2026-09-29,https://www.pref.saitama.lg.jp/documents/8507/07seibu-roken-0810.pdf
空床取得可能,sk00614,秋桜,老健,鴻巣市,6,0,2026-09-29,https://www.pref.saitama.lg.jp/documents/8507/05kenou-roken-0810.pdf
空床取得可能,sk00618,しらかば苑,介護医療院,さいたま市見沼区,22,12,2026-09-29,https://www.pref.saitama.lg.jp/documents/8507/04saitama-roken-0810.pdf
空床取得可能,sk00635,飯能靖和介護医療院,介護医療院,飯能市,0,,2026-09-29,https://www.pref.saitama.lg.jp/documents/8507/07seibu-roken-0810.pdf
待機人数のみ取得可能,sk00006,みちみち大宮,特養,さいたま市北区,,35,2026-09-28,https://www.pref.saitama.lg.jp/documents/8507/04saitama-tokuyo-0810.pdf
待機人数のみ取得可能,sk00098,しののめ,特養,上尾市,,79,2026-09-29,https://www.pref.saitama.lg.jp/documents/8507/05kenou-tokuyo-0810.pdf
待機人数のみ取得可能,sk00356,愛心園,特養,熊谷市,,68,2026-09-29,https://www.pref.saitama.lg.jp/documents/8507/09hokubu-tokuyo-0810.pdf
待機人数のみ取得可能,sk00357,永寿苑,特養,熊谷市,,121,2026-09-29,https://www.pref.saitama.lg.jp/documents/8507/09hokubu-tokuyo-0810.pdf
待機人数のみ取得可能,sk00417,緑風苑,特養,行田市,,31,2026-09-29,https://www.pref.saitama.lg.jp/documents/8507/08tone-tokuyo-0810.pdf
取得不可,sk00001,きりしき,特養,さいたま市中央区,,,2026-09-28,https://www.pref.saitama.lg.jp/documents/8507/04saitama-tokuyo-0810.pdf
取得不可,sk00002,ナーシングヴィラ与野,特養,さいたま市中央区,,,2026-09-28,https://www.pref.saitama.lg.jp/documents/8507/04saitama-tokuyo-0810.pdf
取得不可,sk00004,おおなりテラス,特養,さいたま市北区,,,2026-09-28,https://www.pref.saitama.lg.jp/documents/8507/04saitama-tokuyo-0810.pdf
取得不可,sk00007,ウエルガーデン大宮,特養,さいたま市北区,,,2026-09-28,https://www.pref.saitama.lg.jp/documents/8507/04saitama-tokuyo-0810.pdf
取得不可,sk00008,フルール宮原,特養,さいたま市北区,,,2026-09-28,https://www.pref.saitama.lg.jp/documents/8507/04saitama-tokuyo-0810.pdf
取得不可,sk00010,今羽の森,特養,さいたま市北区,,,2026-09-28,https://www.pref.saitama.lg.jp/documents/8507/04saitama-tokuyo-0810.pdf
取得不可,sk00011,白樺ホーム,特養,さいたま市北区,,,2026-09-28,https://www.pref.saitama.lg.jp/documents/8507/04saitama-tokuyo-0810.pdf
取得不可,sk00012,けやきホームズ,特養,さいたま市南区,,,2026-09-28,https://www.pref.saitama.lg.jp/documents/8507/04saitama-tokuyo-0810.pdf
取得不可,sk00014,みょうばなの杜,特養,さいたま市南区,,,2026-09-28,https://www.pref.saitama.lg.jp/documents/8507/04saitama-tokuyo-0810.pdf
取得不可,sk00018,地域密着型特別養護老人 ホームおたっしゃ倶楽部,特養,さいたま市大宮区,,,2026-09-28,https://www.pref.saitama.lg.jp/documents/8507/04saitama-tokuyo-0810.pdf
取得不可,sk00020,白菊苑,特養,さいたま市大宮区,,,2026-09-28,https://www.pref.saitama.lg.jp/documents/8507/04saitama-tokuyo-0810.pdf
取得不可,sk00021,さいたましあわせの里,特養,さいたま市岩槻区,,,2026-09-28,https://www.pref.saitama.lg.jp/documents/8507/04saitama-tokuyo-0810.pdf
取得不可,sk00022,さいたまほほえみの里,特養,さいたま市岩槻区,,,2026-09-28,https://www.pref.saitama.lg.jp/documents/8507/04saitama-tokuyo-0810.pdf
取得不可,sk00023,しらさぎ,特養,さいたま市岩槻区,,,2026-09-28,https://www.pref.saitama.lg.jp/documents/8507/04saitama-tokuyo-0810.pdf
取得不可,sk00024,ひなの杜,特養,さいたま市岩槻区,,,2026-09-28,https://www.pref.saitama.lg.jp/documents/8507/04saitama-tokuyo-0810.pdf
取得不可,sk00025,ひなの槻,特養,さいたま市岩槻区,,,2026-09-28,https://www.pref.saitama.lg.jp/documents/8507/04saitama-tokuyo-0810.pdf
取得不可,sk00026,まごめ遊美園,特養,さいたま市岩槻区,,,2026-09-28,https://www.pref.saitama.lg.jp/documents/8507/04saitama-tokuyo-0810.pdf
取得不可,sk00027,やまぶきの里,特養,さいたま市岩槻区,,,2026-09-28,https://www.pref.saitama.lg.jp/documents/8507/04saitama-tokuyo-0810.pdf
取得不可,sk00028,ゆいの杜,特養,さいたま市岩槻区,,,2026-09-28,https://www.pref.saitama.lg.jp/documents/8507/04saitama-tokuyo-0810.pdf
取得不可,sk00030,フレシール岩槻,特養,さいたま市岩槻区,,,2026-09-28,https://www.pref.saitama.lg.jp/documents/8507/04saitama-tokuyo-0810.pdf
取得不可,sk00031,千年の里,特養,さいたま市岩槻区,,,2026-09-28,https://www.pref.saitama.lg.jp/documents/8507/04saitama-tokuyo-0810.pdf
取得不可,sk00032,岩槻まきば園,特養,さいたま市岩槻区,,,2026-09-28,https://www.pref.saitama.lg.jp/documents/8507/04saitama-tokuyo-0810.pdf
取得不可,sk00034,松鶴園,特養,さいたま市岩槻区,,,2026-09-28,https://www.pref.saitama.lg.jp/documents/8507/04saitama-tokuyo-0810.pdf
取得不可,sk00037,ブエナビスタ,特養,さいたま市桜区,,,2026-09-28,https://www.pref.saitama.lg.jp/documents/8507/04saitama-tokuyo-0810.pdf
取得不可,sk00039,彩寿苑,特養,さいたま市桜区,,,2026-09-28,https://www.pref.saitama.lg.jp/documents/8507/04saitama-tokuyo-0810.pdf
取得不可,sk00040,たいようの杜,特養,さいたま市浦和区,,,2026-09-28,https://www.pref.saitama.lg.jp/documents/8507/04saitama-tokuyo-0810.pdf
取得不可,sk00042,浦和ふれあいの里,特養,さいたま市浦和区,,,2026-09-28,https://www.pref.saitama.lg.jp/documents/8507/04saitama-tokuyo-0810.pdf
取得不可,sk00043,あけみ苑,特養,さいたま市緑区,,,2026-09-28,https://www.pref.saitama.lg.jp/documents/8507/04saitama-tokuyo-0810.pdf
取得不可,sk00044,あすなろの郷浦和,特養,さいたま市緑区,,,2026-09-28,https://www.pref.saitama.lg.jp/documents/8507/04saitama-tokuyo-0810.pdf
取得不可,sk00045,みさき苑,特養,さいたま市緑区,,,2026-09-28,https://www.pref.saitama.lg.jp/documents/8507/04saitama-tokuyo-0810.pdf
取得不可,sk00046,スマイルハウス,特養,さいたま市緑区,,,2026-09-28,https://www.pref.saitama.lg.jp/documents/8507/04saitama-tokuyo-0810.pdf
取得不可,sk00047,リバティハウス,特養,さいたま市緑区,,,2026-09-28,https://www.pref.saitama.lg.jp/documents/8507/04saitama-tokuyo-0810.pdf
取得不可,sk00048,尚和園,特養,さいたま市緑区,,,2026-09-28,https://www.pref.saitama.lg.jp/documents/8507/04saitama-tokuyo-0810.pdf
取得不可,sk00049,浦和しぶや苑,特養,さいたま市緑区,,,2026-09-28,https://www.pref.saitama.lg.jp/documents/8507/04saitama-tokuyo-0810.pdf
取得不可,sk00051,白寿園,特養,さいたま市緑区,,,2026-09-28,https://www.pref.saitama.lg.jp/documents/8507/04saitama-tokuyo-0810.pdf
取得不可,sk00052,ひかわ,特養,さいたま市西区,,,2026-09-28,https://www.pref.saitama.lg.jp/documents/8507/04saitama-tokuyo-0810.pdf
取得不可,sk00057,中野林ゆめの園,特養,さいたま市西区,,,2026-09-28,https://www.pref.saitama.lg.jp/documents/8507/04saitama-tokuyo-0810.pdf
取得不可,sk00059,扇の森WEST,特養,さいたま市西区,,,2026-09-28,https://www.pref.saitama.lg.jp/documents/8507/04saitama-tokuyo-0810.pdf
取得不可,sk00060,敬寿園宝来ホーム,特養,さいたま市西区,,,2026-09-28,https://www.pref.saitama.lg.jp/documents/8507/04saitama-tokuyo-0810.pdf
取得不可,sk00063,遊美園,特養,さいたま市西区,,,2026-09-28,https://www.pref.saitama.lg.jp/documents/8507/04saitama-tokuyo-0810.pdf
取得不可,sk00064,あおぞら,特養,さいたま市見沼区,,,2026-09-28,https://www.pref.saitama.lg.jp/documents/8507/04saitama-tokuyo-0810.pdf
取得不可,sk00065,さいたまかがやきの里,特養,さいたま市見沼区,,,2026-09-28,https://www.pref.saitama.lg.jp/documents/8507/04saitama-tokuyo-0810.pdf
取得不可,sk00067,さいたまやすらぎの里 新 館,特養,さいたま市見沼区,,,,https://www.pref.saitama.lg.jp/documents/8507/04saitama-tokuyo-0809.pdf
取得不可,sk00069,島町花の郷,特養,さいたま市見沼区,,,2026-09-28,https://www.pref.saitama.lg.jp/documents/8507/04saitama-tokuyo-0810.pdf
取得不可,sk00071,敬寿園,特養,さいたま市見沼区,,,2026-09-28,https://www.pref.saitama.lg.jp/documents/8507/04saitama-tokuyo-0810.pdf
取得不可,sk00072,敬寿園七里ホーム,特養,さいたま市見沼区,,,2026-09-28,https://www.pref.saitama.lg.jp/documents/8507/04saitama-tokuyo-0810.pdf
取得不可,sk00075,美しい自然と暮らす馬場 館,特養,ときがわ町,,,2026-09-29,https://www.pref.saitama.lg.jp/documents/8507/06kawagoehiki-tokuyo-0810.pdf
取得不可,sk00076,雰囲気はわが家と同じよ し乃郷,特養,ときがわ町,,,2026-09-29,https://www.pref.saitama.lg.jp/documents/8507/06kawagoehiki-tokuyo-0810.pdf
取得不可,sk00077,あやめの里,特養,ふじみ野市,,,2026-09-28,https://www.pref.saitama.lg.jp/documents/8507/02nanseibu-tokuyo-0810.pdf
取得不可,sk00078,マザーアース,特養,ふじみ野市,,,2026-09-28,https://www.pref.saitama.lg.jp/documents/8507/02nanseibu-tokuyo-0810.pdf
取得不可,sk00079,マザーアースサテライト,特養,ふじみ野市,,,2026-09-28,https://www.pref.saitama.lg.jp/documents/8507/02nanseibu-tokuyo-0810.pdf
取得不可,sk00080,上野台の里,特養,ふじみ野市,,,2026-09-28,https://www.pref.saitama.lg.jp/documents/8507/02nanseibu-tokuyo-0810.pdf
取得不可,sk00081,大井苑,特養,ふじみ野市,,,2026-09-28,https://www.pref.saitama.lg.jp/documents/8507/02nanseibu-tokuyo-0810.pdf
取得不可,sk00083,鶴ケ岡苑,特養,ふじみ野市,,,2026-09-28,https://www.pref.saitama.lg.jp/documents/8507/02nanseibu-tokuyo-0810.pdf
取得不可,sk00084,こころ三芳,特養,三芳町,,,2026-09-28,https://www.pref.saitama.lg.jp/documents/8507/02nanseibu-tokuyo-0810.pdf
取得不可,sk00085,みずほ苑,特養,三芳町,,,2026-09-28,https://www.pref.saitama.lg.jp/documents/8507/02nanseibu-tokuyo-0810.pdf
取得不可,sk00086,みよし園,特養,三芳町,,,2026-09-28,https://www.pref.saitama.lg.jp/documents/8507/02nanseibu-tokuyo-0810.pdf
取得不可,sk00087,桜荘,特養,三芳町,,,2026-09-28,https://www.pref.saitama.lg.jp/documents/8507/02nanseibu-tokuyo-0810.pdf
取得不可,sk00088,あったかの家みさと,特養,三郷市,,,2026-09-28,https://www.pref.saitama.lg.jp/documents/8507/03toubu-tokuyo-0810.pdf
取得不可,sk00089,しいの木の郷,特養,三郷市,,,2026-09-28,https://www.pref.saitama.lg.jp/documents/8507/03toubu-tokuyo-0810.pdf
取得不可,sk00091,ガジュマルの郷,特養,三郷市,,,2026-09-28,https://www.pref.saitama.lg.jp/documents/8507/03toubu-tokuyo-0810.pdf
取得不可,sk00094,小鳩園,特養,三郷市,,,2026-09-28,https://www.pref.saitama.lg.jp/documents/8507/03toubu-tokuyo-0810.pdf
取得不可,sk00097,ご福あげお,特養,上尾市,,,2026-09-29,https://www.pref.saitama.lg.jp/documents/8507/05kenou-tokuyo-0810.pdf
取得不可,sk00099,ウエルハーネス上尾,特養,上尾市,,,2026-09-29,https://www.pref.saitama.lg.jp/documents/8507/05kenou-tokuyo-0810.pdf
取得不可,sk00101,上尾たいようの杜,特養,上尾市,,,2026-09-29,https://www.pref.saitama.lg.jp/documents/8507/05kenou-tokuyo-0810.pdf
取得不可,sk00105,新生ホーム,特養,上尾市,,,2026-09-29,https://www.pref.saitama.lg.jp/documents/8507/05kenou-tokuyo-0810.pdf
取得不可,sk00106,新生ホーム,特養,上尾市,,,,https://www.pref.saitama.lg.jp/documents/8507/05kenou-tokuyo-0809.pdf
取得不可,sk00107,椋の木,特養,上尾市,,,2026-09-29,https://www.pref.saitama.lg.jp/documents/8507/05kenou-tokuyo-0810.pdf
取得不可,sk00109,たちばな,特養,上里町,,,2026-09-29,https://www.pref.saitama.lg.jp/documents/8507/09hokubu-tokuyo-0810.pdf
取得不可,sk00110,ルピナス園,特養,上里町,,,2026-09-29,https://www.pref.saitama.lg.jp/documents/8507/09hokubu-tokuyo-0810.pdf
取得不可,sk00112,青空,特養,上里町,,,2026-09-29,https://www.pref.saitama.lg.jp/documents/8507/09hokubu-tokuyo-0810.pdf
取得不可,sk00114,しょうぶ翔裕園,特養,久喜市,,,2026-09-29,https://www.pref.saitama.lg.jp/documents/8507/08tone-tokuyo-0810.pdf
取得不可,sk00116,久喜ことぶき苑,特養,久喜市,,,2026-09-29,https://www.pref.saitama.lg.jp/documents/8507/08tone-tokuyo-0810.pdf
取得不可,sk00118,恒寿苑,特養,久喜市,,,2026-09-29,https://www.pref.saitama.lg.jp/documents/8507/08tone-tokuyo-0810.pdf
取得不可,sk00119,栗橋翔裕園,特養,久喜市,,,2026-09-29,https://www.pref.saitama.lg.jp/documents/8507/08tone-tokuyo-0810.pdf
取得不可,sk00120,陽日館,特養,久喜市,,,2026-09-29,https://www.pref.saitama.lg.jp/documents/8507/08tone-tokuyo-0810.pdf
取得不可,sk00121,鶴寿荘,特養,久喜市,,,2026-09-29,https://www.pref.saitama.lg.jp/documents/8507/08tone-tokuyo-0810.pdf
取得不可,sk00122,鷲宮苑,特養,久喜市,,,2026-09-29,https://www.pref.saitama.lg.jp/documents/8507/08tone-tokuyo-0810.pdf
取得不可,sk00123,こころの杜,特養,伊奈町,,,2026-09-29,https://www.pref.saitama.lg.jp/documents/8507/05kenou-tokuyo-0810.pdf
取得不可,sk00124,みちみち伊奈中央,特養,伊奈町,,,2026-09-29,https://www.pref.saitama.lg.jp/documents/8507/05kenou-tokuyo-0810.pdf
取得不可,sk00125,みちみち伊奈北,特養,伊奈町,,,2026-09-29,https://www.pref.saitama.lg.jp/documents/8507/05kenou-tokuyo-0810.pdf
取得不可,sk00126,伊奈の里,特養,伊奈町,,,2026-09-29,https://www.pref.saitama.lg.jp/documents/8507/05kenou-tokuyo-0810.pdf
取得不可,sk00127,おおぎ,特養,入間市,,,2026-09-29,https://www.pref.saitama.lg.jp/documents/8507/07seibu-tokuyo-0810.pdf
取得不可,sk00128,けやき野の森,特養,入間市,,,2026-09-29,https://www.pref.saitama.lg.jp/documents/8507/07seibu-tokuyo-0810.pdf
取得不可,sk00131,扇揚苑,特養,入間市,,,2026-09-29,https://www.pref.saitama.lg.jp/documents/8507/07seibu-tokuyo-0810.pdf
取得不可,sk00132,杏樹苑,特養,入間市,,,2026-09-29,https://www.pref.saitama.lg.jp/documents/8507/07seibu-tokuyo-0810.pdf
取得不可,sk00133,杏樹苑爽風館(ショート転 換),特養,入間市,,,,https://www.pref.saitama.lg.jp/documents/8507/07seibu-tokuyo-0809.pdf
取得不可,sk00135,鍵山苑 1号館,特養,入間市,,,2026-09-29,https://www.pref.saitama.lg.jp/documents/8507/07seibu-tokuyo-0810.pdf
取得不可,sk00136,やしおの郷,特養,八潮市,,,2026-09-28,https://www.pref.saitama.lg.jp/documents/8507/03toubu-tokuyo-0810.pdf
取得不可,sk00137,やしお苑,特養,八潮市,,,2026-09-28,https://www.pref.saitama.lg.jp/documents/8507/03toubu-tokuyo-0810.pdf
取得不可,sk00138,八潮いこいの里,特養,八潮市,,,2026-09-28,https://www.pref.saitama.lg.jp/documents/8507/03toubu-tokuyo-0810.pdf
取得不可,sk00139,杜の家やしお,特養,八潮市,,,2026-09-28,https://www.pref.saitama.lg.jp/documents/8507/03toubu-tokuyo-0810.pdf
取得不可,sk00140,ことよりテラス,特養,加須市,,,2026-09-29,https://www.pref.saitama.lg.jp/documents/8507/08tone-tokuyo-0810.pdf
取得不可,sk00142,みずほの里,特養,加須市,,,2026-09-29,https://www.pref.saitama.lg.jp/documents/8507/08tone-tokuyo-0810.pdf
取得不可,sk00146,利根いこいの里,特養,加須市,,,2026-09-29,https://www.pref.saitama.lg.jp/documents/8507/08tone-tokuyo-0810.pdf
取得不可,sk00147,加須清輝苑,特養,加須市,,,2026-09-29,https://www.pref.saitama.lg.jp/documents/8507/08tone-tokuyo-0810.pdf
取得不可,sk00149,愛泉苑,特養,加須市,,,2026-09-29,https://www.pref.saitama.lg.jp/documents/8507/08tone-tokuyo-0810.pdf
取得不可,sk00155,びおもす蒲桜,特養,北本市,,,2026-09-29,https://www.pref.saitama.lg.jp/documents/8507/05kenou-tokuyo-0810.pdf
取得不可,sk00158,ききょう苑,特養,吉川市,,,2026-09-28,https://www.pref.saitama.lg.jp/documents/8507/03toubu-tokuyo-0810.pdf
取得不可,sk00159,ほほえみの家,特養,吉川市,,,2026-09-28,https://www.pref.saitama.lg.jp/documents/8507/03toubu-tokuyo-0810.pdf
取得不可,sk00161,吉川平成園,特養,吉川市,,,2026-09-28,https://www.pref.saitama.lg.jp/documents/8507/03toubu-tokuyo-0810.pdf
取得不可,sk00162,常磐苑,特養,吉見町,,,2026-09-29,https://www.pref.saitama.lg.jp/documents/8507/06kawagoehiki-tokuyo-0810.pdf
取得不可,sk00163,和光苑,特養,和光市,,,2026-09-28,https://www.pref.saitama.lg.jp/documents/8507/02nanseibu-tokuyo-0810.pdf
取得不可,sk00165,サークルホームかたやな ぎ,特養,坂戸市,,,2026-09-29,https://www.pref.saitama.lg.jp/documents/8507/06kawagoehiki-tokuyo-0810.pdf
取得不可,sk00167,坂戸サークルホーム,特養,坂戸市,,,2026-09-29,https://www.pref.saitama.lg.jp/documents/8507/06kawagoehiki-tokuyo-0810.pdf
取得不可,sk00169,小沼サークルホーム,特養,坂戸市,,,2026-09-29,https://www.pref.saitama.lg.jp/documents/8507/06kawagoehiki-tokuyo-0810.pdf
取得不可,sk00170,ひだまりの郷,特養,宮代町,,,2026-09-29,https://www.pref.saitama.lg.jp/documents/8507/08tone-tokuyo-0810.pdf
取得不可,sk00171,ふるとねの郷,特養,宮代町,,,2026-09-29,https://www.pref.saitama.lg.jp/documents/8507/08tone-tokuyo-0810.pdf
取得不可,sk00172,みどりの森,特養,宮代町,,,2026-09-29,https://www.pref.saitama.lg.jp/documents/8507/08tone-tokuyo-0810.pdf
取得不可,sk00173,もみの木,特養,宮代町,,,2026-09-29,https://www.pref.saitama.lg.jp/documents/8507/08tone-tokuyo-0810.pdf
取得不可,sk00174,あきやま苑,特養,寄居町,,,2026-09-29,https://www.pref.saitama.lg.jp/documents/8507/09hokubu-tokuyo-0810.pdf
取得不可,sk00175,よりい,特養,寄居町,,,2026-09-29,https://www.pref.saitama.lg.jp/documents/8507/09hokubu-tokuyo-0810.pdf
取得不可,sk00176,花ぞの,特養,寄居町,,,2026-09-29,https://www.pref.saitama.lg.jp/documents/8507/09hokubu-tokuyo-0810.pdf
取得不可,sk00177,えぶりわん鶴瀬Nisi,特養,富士見市,,,2026-09-28,https://www.pref.saitama.lg.jp/documents/8507/02nanseibu-tokuyo-0810.pdf
取得不可,sk00180,ふじみ苑,特養,富士見市,,,2026-09-28,https://www.pref.saitama.lg.jp/documents/8507/02nanseibu-tokuyo-0810.pdf
取得不可,sk00182,むさしの,特養,富士見市,,,2026-09-28,https://www.pref.saitama.lg.jp/documents/8507/02nanseibu-tokuyo-0810.pdf
取得不可,sk00183,ウィステリア鶴瀬,特養,富士見市,,,2026-09-28,https://www.pref.saitama.lg.jp/documents/8507/02nanseibu-tokuyo-0810.pdf
取得不可,sk00186,さくらぎ苑,特養,小川町,,,2026-09-29,https://www.pref.saitama.lg.jp/documents/8507/06kawagoehiki-tokuyo-0810.pdf
取得不可,sk00194,かわぐち翔裕園,特養,川口市,,,2026-09-28,https://www.pref.saitama.lg.jp/documents/8507/01nanbu-tokuyo-0810.pdf
取得不可,sk00199,ひかり苑,特養,川口市,,,2026-09-28,https://www.pref.saitama.lg.jp/documents/8507/01nanbu-tokuyo-0810.pdf
取得不可,sk00200,みちあい,特養,川口市,,,2026-09-28,https://www.pref.saitama.lg.jp/documents/8507/01nanbu-tokuyo-0810.pdf
取得不可,sk00201,カーサ・川口,特養,川口市,,,2026-09-28,https://www.pref.saitama.lg.jp/documents/8507/01nanbu-tokuyo-0810.pdf
取得不可,sk00207,リバー・イン,特養,川口市,,,2026-09-28,https://www.pref.saitama.lg.jp/documents/8507/01nanbu-tokuyo-0810.pdf
取得不可,sk00208,和楽苑,特養,川口市,,,2026-09-28,https://www.pref.saitama.lg.jp/documents/8507/01nanbu-tokuyo-0810.pdf
取得不可,sk00209,孝の季苑,特養,川口市,,,2026-09-28,https://www.pref.saitama.lg.jp/documents/8507/01nanbu-tokuyo-0810.pdf
取得不可,sk00210,川口かがやきの里,特養,川口市,,,2026-09-28,https://www.pref.saitama.lg.jp/documents/8507/01nanbu-tokuyo-0810.pdf
取得不可,sk00211,川口しあわせの里,特養,川口市,,,2026-09-28,https://www.pref.saitama.lg.jp/documents/8507/01nanbu-tokuyo-0810.pdf
取得不可,sk00212,川口ほほえみの里,特養,川口市,,,2026-09-28,https://www.pref.saitama.lg.jp/documents/8507/01nanbu-tokuyo-0810.pdf
取得不可,sk00213,川口みやびの郷,特養,川口市,,,2026-09-28,https://www.pref.saitama.lg.jp/documents/8507/01nanbu-tokuyo-0810.pdf
取得不可,sk00215,川口シニアセンター,特養,川口市,,,2026-09-28,https://www.pref.saitama.lg.jp/documents/8507/01nanbu-tokuyo-0810.pdf
取得不可,sk00218,春輝苑,特養,川口市,,,2026-09-28,https://www.pref.saitama.lg.jp/documents/8507/01nanbu-tokuyo-0810.pdf
取得不可,sk00219,春香苑,特養,川口市,,,2026-09-28,https://www.pref.saitama.lg.jp/documents/8507/01nanbu-tokuyo-0810.pdf
取得不可,sk00226,永楽園,特養,川島町,,,2026-09-29,https://www.pref.saitama.lg.jp/documents/8507/06kawagoehiki-tokuyo-0810.pdf
取得不可,sk00228,すみれの里・川越,特養,川越市,,,2026-09-29,https://www.pref.saitama.lg.jp/documents/8507/06kawagoehiki-tokuyo-0810.pdf
取得不可,sk00229,はつかりの里,特養,川越市,,,2026-09-29,https://www.pref.saitama.lg.jp/documents/8507/06kawagoehiki-tokuyo-0810.pdf
取得不可,sk00231,ぽぷらの樹,特養,川越市,,,2026-09-29,https://www.pref.saitama.lg.jp/documents/8507/06kawagoehiki-tokuyo-0810.pdf
取得不可,sk00235,やすらーじゅ瑞穂,特養,川越市,,,2026-09-29,https://www.pref.saitama.lg.jp/documents/8507/06kawagoehiki-tokuyo-0810.pdf
取得不可,sk00236,アイリス,特養,川越市,,,2026-09-29,https://www.pref.saitama.lg.jp/documents/8507/06kawagoehiki-tokuyo-0810.pdf
取得不可,sk00237,八瀬の里,特養,川越市,,,2026-09-29,https://www.pref.saitama.lg.jp/documents/8507/06kawagoehiki-tokuyo-0810.pdf
取得不可,sk00238,小江戸の庭,特養,川越市,,,2026-09-29,https://www.pref.saitama.lg.jp/documents/8507/06kawagoehiki-tokuyo-0810.pdf
取得不可,sk00239,川越キングス・ガーデン,特養,川越市,,,2026-09-29,https://www.pref.saitama.lg.jp/documents/8507/06kawagoehiki-tokuyo-0810.pdf
取得不可,sk00241,真寿園,特養,川越市,,,2026-09-29,https://www.pref.saitama.lg.jp/documents/8507/06kawagoehiki-tokuyo-0810.pdf
取得不可,sk00243,陽光園,特養,川越市,,,2026-09-29,https://www.pref.saitama.lg.jp/documents/8507/06kawagoehiki-tokuyo-0810.pdf
取得不可,sk00245,しらさぎ苑,特養,幸手市,,,2026-09-29,https://www.pref.saitama.lg.jp/documents/8507/08tone-tokuyo-0810.pdf
取得不可,sk00246,ひらすかの郷,特養,幸手市,,,2026-09-29,https://www.pref.saitama.lg.jp/documents/8507/08tone-tokuyo-0810.pdf
取得不可,sk00247,みゆきの里,特養,幸手市,,,2026-09-29,https://www.pref.saitama.lg.jp/documents/8507/08tone-tokuyo-0810.pdf
取得不可,sk00248,桜楓苑,特養,幸手市,,,2026-09-29,https://www.pref.saitama.lg.jp/documents/8507/08tone-tokuyo-0810.pdf
取得不可,sk00251,志木の里,特養,志木市,,,2026-09-28,https://www.pref.saitama.lg.jp/documents/8507/02nanseibu-tokuyo-0810.pdf
取得不可,sk00257,すみれ野,特養,所沢市,,,2026-09-29,https://www.pref.saitama.lg.jp/documents/8507/07seibu-tokuyo-0810.pdf
取得不可,sk00259,なみきロイヤルの園,特養,所沢市,,,2026-09-29,https://www.pref.saitama.lg.jp/documents/8507/07seibu-tokuyo-0810.pdf
取得不可,sk00261,ケアカレッジ,特養,所沢市,,,2026-09-29,https://www.pref.saitama.lg.jp/documents/8507/07seibu-tokuyo-0810.pdf
取得不可,sk00262,ベテラン館ヴィラ,特養,所沢市,,,2026-09-29,https://www.pref.saitama.lg.jp/documents/8507/07seibu-tokuyo-0810.pdf
取得不可,sk00263,ロイヤルの園,特養,所沢市,,,2026-09-29,https://www.pref.saitama.lg.jp/documents/8507/07seibu-tokuyo-0810.pdf
取得不可,sk00264,亀令園,特養,所沢市,,,2026-09-29,https://www.pref.saitama.lg.jp/documents/8507/07seibu-tokuyo-0810.pdf
取得不可,sk00265,健寿園,特養,所沢市,,,2026-09-29,https://www.pref.saitama.lg.jp/documents/8507/07seibu-tokuyo-0810.pdf
取得不可,sk00267,千寿里,特養,所沢市,,,2026-09-29,https://www.pref.saitama.lg.jp/documents/8507/07seibu-tokuyo-0810.pdf
取得不可,sk00268,平安の森,特養,所沢市,,,2026-09-29,https://www.pref.saitama.lg.jp/documents/8507/07seibu-tokuyo-0810.pdf
取得不可,sk00269,康寿園,特養,所沢市,,,2026-09-29,https://www.pref.saitama.lg.jp/documents/8507/07seibu-tokuyo-0810.pdf
取得不可,sk00272,本郷希望の丘,特養,所沢市,,,2026-09-29,https://www.pref.saitama.lg.jp/documents/8507/07seibu-tokuyo-0810.pdf
取得不可,sk00273,東所沢みどりの郷,特養,所沢市,,,2026-09-29,https://www.pref.saitama.lg.jp/documents/8507/07seibu-tokuyo-0810.pdf
取得不可,sk00274,真和の森,特養,所沢市,,,2026-09-29,https://www.pref.saitama.lg.jp/documents/8507/07seibu-tokuyo-0810.pdf
取得不可,sk00275,飛鳥野の里,特養,所沢市,,,2026-09-29,https://www.pref.saitama.lg.jp/documents/8507/07seibu-tokuyo-0810.pdf
取得不可,sk00276,そらーれ新座,特養,新座市,,,2026-09-28,https://www.pref.saitama.lg.jp/documents/8507/02nanseibu-tokuyo-0810.pdf
取得不可,sk00277,みかんの里,特養,新座市,,,2026-09-28,https://www.pref.saitama.lg.jp/documents/8507/02nanseibu-tokuyo-0810.pdf
取得不可,sk00279,チェリーヒルズ新座,特養,新座市,,,2026-09-28,https://www.pref.saitama.lg.jp/documents/8507/02nanseibu-tokuyo-0810.pdf
取得不可,sk00280,地域密着型介護老人福祉 施設入所者生活介護第II 殿山亀寿苑,特養,新座市,,,,https://www.pref.saitama.lg.jp/documents/8507/02nanseibu-tokuyo-0809.pdf
取得不可,sk00284,清流苑,特養,日高市,,,2026-09-29,https://www.pref.saitama.lg.jp/documents/8507/07seibu-tokuyo-0810.pdf
取得不可,sk00286,第2清流苑,特養,日高市,,,2026-09-29,https://www.pref.saitama.lg.jp/documents/8507/07seibu-tokuyo-0810.pdf
取得不可,sk00287,あすなろの郷,特養,春日部市,,,2026-09-28,https://www.pref.saitama.lg.jp/documents/8507/03toubu-tokuyo-0810.pdf
取得不可,sk00288,あんじゅの杜,特養,春日部市,,,2026-09-28,https://www.pref.saitama.lg.jp/documents/8507/03toubu-tokuyo-0810.pdf
取得不可,sk00289,おおまし,特養,春日部市,,,2026-09-28,https://www.pref.saitama.lg.jp/documents/8507/03toubu-tokuyo-0810.pdf
取得不可,sk00290,しょうぶ苑,特養,春日部市,,,2026-09-28,https://www.pref.saitama.lg.jp/documents/8507/03toubu-tokuyo-0810.pdf
取得不可,sk00292,ひかり,特養,春日部市,,,2026-09-28,https://www.pref.saitama.lg.jp/documents/8507/03toubu-tokuyo-0810.pdf
取得不可,sk00293,ウエルガーデン春日部,特養,春日部市,,,2026-09-28,https://www.pref.saitama.lg.jp/documents/8507/03toubu-tokuyo-0810.pdf
取得不可,sk00297,春日部勝彩園,特養,春日部市,,,2026-09-28,https://www.pref.saitama.lg.jp/documents/8507/03toubu-tokuyo-0810.pdf
取得不可,sk00299,清寿園,特養,春日部市,,,2026-09-28,https://www.pref.saitama.lg.jp/documents/8507/03toubu-tokuyo-0810.pdf
取得不可,sk00300,煌めきの丘,特養,春日部市,,,2026-09-28,https://www.pref.saitama.lg.jp/documents/8507/03toubu-tokuyo-0810.pdf
取得不可,sk00302,豊潤館,特養,春日部市,,,2026-09-28,https://www.pref.saitama.lg.jp/documents/8507/03toubu-tokuyo-0810.pdf
取得不可,sk00305,朝光苑,特養,朝霞市,,,2026-09-28,https://www.pref.saitama.lg.jp/documents/8507/02nanseibu-tokuyo-0810.pdf
取得不可,sk00306,朝霞苑,特養,朝霞市,,,2026-09-28,https://www.pref.saitama.lg.jp/documents/8507/02nanseibu-tokuyo-0810.pdf
取得不可,sk00307,花水木の里,特養,朝霞市,,,2026-09-28,https://www.pref.saitama.lg.jp/documents/8507/02nanseibu-tokuyo-0810.pdf
取得不可,sk00309,シャローム,特養,本庄市,,,2026-09-29,https://www.pref.saitama.lg.jp/documents/8507/09hokubu-tokuyo-0810.pdf
取得不可,sk00312,四季咲きの杜,特養,本庄市,,,2026-09-29,https://www.pref.saitama.lg.jp/documents/8507/09hokubu-tokuyo-0810.pdf
取得不可,sk00313,安誠園,特養,本庄市,,,2026-09-29,https://www.pref.saitama.lg.jp/documents/8507/09hokubu-tokuyo-0810.pdf
取得不可,sk00315,杉の里,特養,杉戸町,,,2026-09-29,https://www.pref.saitama.lg.jp/documents/8507/08tone-tokuyo-0810.pdf
取得不可,sk00317,良宝園,特養,杉戸町,,,2026-09-29,https://www.pref.saitama.lg.jp/documents/8507/08tone-tokuyo-0810.pdf
取得不可,sk00318,ひがしまつやま寿苑,特養,東松山市,,,2026-09-29,https://www.pref.saitama.lg.jp/documents/8507/06kawagoehiki-tokuyo-0810.pdf
取得不可,sk00320,年輪福祉ホーム,特養,東松山市,,,2026-09-29,https://www.pref.saitama.lg.jp/documents/8507/06kawagoehiki-tokuyo-0810.pdf
取得不可,sk00321,東松山ホーム,特養,東松山市,,,2026-09-29,https://www.pref.saitama.lg.jp/documents/8507/06kawagoehiki-tokuyo-0810.pdf
取得不可,sk00322,梨花,特養,東松山市,,,2026-09-29,https://www.pref.saitama.lg.jp/documents/8507/06kawagoehiki-tokuyo-0810.pdf
取得不可,sk00323,つきがわ,特養,東秩父村,,,2026-09-29,https://www.pref.saitama.lg.jp/documents/8507/06kawagoehiki-tokuyo-0810.pdf
取得不可,sk00324,三戸里園,特養,松伏町,,,2026-09-28,https://www.pref.saitama.lg.jp/documents/8507/03toubu-tokuyo-0810.pdf
取得不可,sk00328,ナーシングコート,特養,桶川市,,,2026-09-29,https://www.pref.saitama.lg.jp/documents/8507/05kenou-tokuyo-0810.pdf
取得不可,sk00331,ウェルハイム・ヨコゼ,特養,横瀬町,,,,https://www.pref.saitama.lg.jp/documents/8507/10titibu-tokuyo-0809.pdf
取得不可,sk00334,ナーシングヴィラ本郷,特養,毛呂山町,,,2026-09-29,https://www.pref.saitama.lg.jp/documents/8507/06kawagoehiki-tokuyo-0810.pdf
取得不可,sk00335,悠久園,特養,毛呂山町,,,2026-09-29,https://www.pref.saitama.lg.jp/documents/8507/06kawagoehiki-tokuyo-0810.pdf
取得不可,sk00336,あかつき,特養,深谷市,,,2026-09-29,https://www.pref.saitama.lg.jp/documents/8507/09hokubu-tokuyo-0810.pdf
取得不可,sk00340,むさし愛光園,特養,深谷市,,,2026-09-29,https://www.pref.saitama.lg.jp/documents/8507/09hokubu-tokuyo-0810.pdf
取得不可,sk00341,エンゼルの丘,特養,深谷市,,,2026-09-29,https://www.pref.saitama.lg.jp/documents/8507/09hokubu-tokuyo-0810.pdf
取得不可,sk00343,フラワーヴィラ,特養,深谷市,,,2026-09-29,https://www.pref.saitama.lg.jp/documents/8507/09hokubu-tokuyo-0810.pdf
取得不可,sk00344,深緑苑,特養,深谷市,,,2026-09-29,https://www.pref.saitama.lg.jp/documents/8507/09hokubu-tokuyo-0810.pdf
取得不可,sk00347,飛鳥の郷,特養,深谷市,,,2026-09-29,https://www.pref.saitama.lg.jp/documents/8507/09hokubu-tokuyo-0810.pdf
取得不可,sk00348,森林園,特養,滑川町,,,2026-09-29,https://www.pref.saitama.lg.jp/documents/8507/06kawagoehiki-tokuyo-0810.pdf
取得不可,sk00349,いずみ熊谷,特養,熊谷市,,,2026-09-29,https://www.pref.saitama.lg.jp/documents/8507/09hokubu-tokuyo-0810.pdf
取得不可,sk00351,はなぶさ苑,特養,熊谷市,,,2026-09-29,https://www.pref.saitama.lg.jp/documents/8507/09hokubu-tokuyo-0810.pdf
取得不可,sk00352,まごころの里,特養,熊谷市,,,2026-09-29,https://www.pref.saitama.lg.jp/documents/8507/09hokubu-tokuyo-0810.pdf
取得不可,sk00353,サンヴィレッジ,特養,熊谷市,,,2026-09-29,https://www.pref.saitama.lg.jp/documents/8507/09hokubu-tokuyo-0810.pdf
取得不可,sk00354,ルーエ,特養,熊谷市,,,2026-09-29,https://www.pref.saitama.lg.jp/documents/8507/09hokubu-tokuyo-0810.pdf
取得不可,sk00358,熊谷めぬまの郷,特養,熊谷市,,,2026-09-29,https://www.pref.saitama.lg.jp/documents/8507/09hokubu-tokuyo-0810.pdf
取得不可,sk00360,玉の緒,特養,熊谷市,,,2026-09-29,https://www.pref.saitama.lg.jp/documents/8507/09hokubu-tokuyo-0810.pdf
取得不可,sk00361,立正たちばなホーム,特養,熊谷市,,,2026-09-29,https://www.pref.saitama.lg.jp/documents/8507/09hokubu-tokuyo-0810.pdf
取得不可,sk00363,さくら,特養,狭山市,,,2026-09-29,https://www.pref.saitama.lg.jp/documents/8507/07seibu-tokuyo-0810.pdf
取得不可,sk00364,さやまロイヤルの園,特養,狭山市,,,2026-09-29,https://www.pref.saitama.lg.jp/documents/8507/07seibu-tokuyo-0810.pdf
取得不可,sk00365,さやま苑,特養,狭山市,,,2026-09-29,https://www.pref.saitama.lg.jp/documents/8507/07seibu-tokuyo-0810.pdf
取得不可,sk00367,ひろせの杜,特養,狭山市,,,2026-09-29,https://www.pref.saitama.lg.jp/documents/8507/07seibu-tokuyo-0810.pdf
取得不可,sk00368,むさしの園,特養,狭山市,,,2026-09-29,https://www.pref.saitama.lg.jp/documents/8507/07seibu-tokuyo-0810.pdf
取得不可,sk00369,むさしの園わかば,特養,狭山市,,,2026-09-29,https://www.pref.saitama.lg.jp/documents/8507/07seibu-tokuyo-0810.pdf
取得不可,sk00371,ジョアン宮地の里,特養,狭山市,,,2026-09-29,https://www.pref.saitama.lg.jp/documents/8507/07seibu-tokuyo-0810.pdf
取得不可,sk00373,第二つつじの園(休止中),特養,狭山市,,,,https://www.pref.saitama.lg.jp/documents/8507/07seibu-tokuyo-0809.pdf
取得不可,sk00376,わかば,特養,白岡市,,,2026-09-29,https://www.pref.saitama.lg.jp/documents/8507/08tone-tokuyo-0810.pdf
取得不可,sk00379,いずみ,特養,神川町,,,2026-09-29,https://www.pref.saitama.lg.jp/documents/8507/09hokubu-tokuyo-0810.pdf
取得不可,sk00380,いろりの友,特養,神川町,,,2026-09-29,https://www.pref.saitama.lg.jp/documents/8507/09hokubu-tokuyo-0810.pdf
取得不可,sk00381,偕楽苑,特養,秩父市,,,,https://www.pref.saitama.lg.jp/documents/8507/10titibu-tokuyo-0809.pdf
取得不可,sk00382,和泉の森,特養,秩父市,,,,https://www.pref.saitama.lg.jp/documents/8507/10titibu-tokuyo-0809.pdf
取得不可,sk00383,愛宕の杜,特養,秩父市,,,,https://www.pref.saitama.lg.jp/documents/8507/10titibu-tokuyo-0809.pdf
取得不可,sk00384,杏子苑,特養,秩父市,,,,https://www.pref.saitama.lg.jp/documents/8507/10titibu-tokuyo-0809.pdf
取得不可,sk00385,桜の園,特養,秩父市,,,,https://www.pref.saitama.lg.jp/documents/8507/10titibu-tokuyo-0809.pdf
取得不可,sk00386,楓の森,特養,秩父市,,,,https://www.pref.saitama.lg.jp/documents/8507/10titibu-tokuyo-0809.pdf
取得不可,sk00387,白砂恵慈園,特養,秩父市,,,,https://www.pref.saitama.lg.jp/documents/8507/10titibu-tokuyo-0809.pdf
取得不可,sk00388,白砂恵慈園 永田屋,特養,秩父市,,,,https://www.pref.saitama.lg.jp/documents/8507/10titibu-tokuyo-0809.pdf
取得不可,sk00389,ももよの丘,特養,美里町,,,2026-09-29,https://www.pref.saitama.lg.jp/documents/8507/09hokubu-tokuyo-0810.pdf
取得不可,sk00390,美里敬愛ホーム,特養,美里町,,,2026-09-29,https://www.pref.saitama.lg.jp/documents/8507/09hokubu-tokuyo-0810.pdf
取得不可,sk00393,清輝苑,特養,羽生市,,,2026-09-29,https://www.pref.saitama.lg.jp/documents/8507/08tone-tokuyo-0810.pdf
取得不可,sk00396,アートフェリス,特養,草加市,,,2026-09-28,https://www.pref.saitama.lg.jp/documents/8507/03toubu-tokuyo-0810.pdf
取得不可,sk00397,クォーターヴィレッジ,特養,草加市,,,2026-09-28,https://www.pref.saitama.lg.jp/documents/8507/03toubu-tokuyo-0810.pdf
取得不可,sk00398,フェリス,特養,草加市,,,2026-09-28,https://www.pref.saitama.lg.jp/documents/8507/03toubu-tokuyo-0810.pdf
取得不可,sk00399,フェリス八幡,特養,草加市,,,2026-09-28,https://www.pref.saitama.lg.jp/documents/8507/03toubu-tokuyo-0810.pdf
取得不可,sk00404,草加園,特養,草加市,,,2026-09-28,https://www.pref.saitama.lg.jp/documents/8507/03toubu-tokuyo-0810.pdf
取得不可,sk00405,はすだの森,特養,蓮田市,,,2026-09-29,https://www.pref.saitama.lg.jp/documents/8507/08tone-tokuyo-0810.pdf
取得不可,sk00409,いきいきタウン蕨,特養,蕨市,,,2026-09-28,https://www.pref.saitama.lg.jp/documents/8507/01nanbu-tokuyo-0810.pdf
取得不可,sk00413,おきな,特養,行田市,,,2026-09-29,https://www.pref.saitama.lg.jp/documents/8507/08tone-tokuyo-0810.pdf
取得不可,sk00414,ふぁみぃゆ東館,特養,行田市,,,2026-09-29,https://www.pref.saitama.lg.jp/documents/8507/08tone-tokuyo-0810.pdf
取得不可,sk00415,ふぁみぃゆ行田,特養,行田市,,,2026-09-29,https://www.pref.saitama.lg.jp/documents/8507/08tone-tokuyo-0810.pdf
取得不可,sk00416,まきば園,特養,行田市,,,2026-09-29,https://www.pref.saitama.lg.jp/documents/8507/08tone-tokuyo-0810.pdf
取得不可,sk00418,行田さくらそう,特養,行田市,,,2026-09-29,https://www.pref.saitama.lg.jp/documents/8507/08tone-tokuyo-0810.pdf
取得不可,sk00421,四季の郷越生,特養,越生町,,,2026-09-29,https://www.pref.saitama.lg.jp/documents/8507/06kawagoehiki-tokuyo-0810.pdf
取得不可,sk00423,さち,特養,越谷市,,,2026-09-28,https://www.pref.saitama.lg.jp/documents/8507/03toubu-tokuyo-0810.pdf
取得不可,sk00424,みちみち,特養,越谷市,,,2026-09-28,https://www.pref.saitama.lg.jp/documents/8507/03toubu-tokuyo-0810.pdf
取得不可,sk00425,キャンベルホーム,特養,越谷市,,,2026-09-28,https://www.pref.saitama.lg.jp/documents/8507/03toubu-tokuyo-0810.pdf
取得不可,sk00427,グレースガーデン越谷,特養,越谷市,,,2026-09-28,https://www.pref.saitama.lg.jp/documents/8507/03toubu-tokuyo-0810.pdf
取得不可,sk00431,地域密着型介護老人福祉 施設 越谷なごみの郷,特養,越谷市,,,,https://www.pref.saitama.lg.jp/documents/8507/03toubu-tokuyo-0809.pdf
取得不可,sk00435,越谷よさこいホーム,特養,越谷市,,,2026-09-28,https://www.pref.saitama.lg.jp/documents/8507/03toubu-tokuyo-0810.pdf
取得不可,sk00440,あしかり園,特養,飯能市,,,2026-09-29,https://www.pref.saitama.lg.jp/documents/8507/07seibu-tokuyo-0810.pdf
取得不可,sk00441,吾野園,特養,飯能市,,,2026-09-29,https://www.pref.saitama.lg.jp/documents/8507/07seibu-tokuyo-0810.pdf
取得不可,sk00443,敦徳園,特養,飯能市,,,2026-09-29,https://www.pref.saitama.lg.jp/documents/8507/07seibu-tokuyo-0810.pdf
取得不可,sk00444,鳩山松寿園,特養,鳩山町,,,2026-09-29,https://www.pref.saitama.lg.jp/documents/8507/06kawagoehiki-tokuyo-0810.pdf
取得不可,sk00445,鳩山松寿園東館,特養,鳩山町,,,2026-09-29,https://www.pref.saitama.lg.jp/documents/8507/06kawagoehiki-tokuyo-0810.pdf
取得不可,sk00446,こうのすタンポポ翔裕園,特養,鴻巣市,,,2026-09-29,https://www.pref.saitama.lg.jp/documents/8507/05kenou-tokuyo-0810.pdf
取得不可,sk00447,てねる,特養,鴻巣市,,,2026-09-29,https://www.pref.saitama.lg.jp/documents/8507/05kenou-tokuyo-0810.pdf
取得不可,sk00448,北こうのす翔裕園,特養,鴻巣市,,,2026-09-29,https://www.pref.saitama.lg.jp/documents/8507/05kenou-tokuyo-0810.pdf
取得不可,sk00453,翔裕園,特養,鴻巣市,,,2026-09-29,https://www.pref.saitama.lg.jp/documents/8507/05kenou-tokuyo-0810.pdf
取得不可,sk00455,鴻巣まきば園,特養,鴻巣市,,,2026-09-29,https://www.pref.saitama.lg.jp/documents/8507/05kenou-tokuyo-0810.pdf
取得不可,sk00456,みどりの風鶴ヶ島,特養,鶴ヶ島市,,,2026-09-29,https://www.pref.saitama.lg.jp/documents/8507/06kawagoehiki-tokuyo-0810.pdf
取得不可,sk00458,鶴ヶ丘の里,特養,鶴ヶ島市,,,2026-09-29,https://www.pref.saitama.lg.jp/documents/8507/06kawagoehiki-tokuyo-0810.pdf
取得不可,sk00459,鶴ヶ島ほほえみの郷,特養,鶴ヶ島市,,,2026-09-29,https://www.pref.saitama.lg.jp/documents/8507/06kawagoehiki-tokuyo-0810.pdf
取得不可,sk00460,みやびの里,老健,さいたま市北区,,,2026-09-29,https://www.pref.saitama.lg.jp/documents/8507/04saitama-roken-0810.pdf
取得不可,sk00462,ボヌール,老健,さいたま市北区,,,2026-09-29,https://www.pref.saitama.lg.jp/documents/8507/04saitama-roken-0810.pdf
取得不可,sk00463,葵の園・浦和,老健,さいたま市南区,,,2026-09-29,https://www.pref.saitama.lg.jp/documents/8507/04saitama-roken-0810.pdf
取得不可,sk00464,エスポワール岩槻,老健,さいたま市岩槻区,,,2026-09-29,https://www.pref.saitama.lg.jp/documents/8507/04saitama-roken-0810.pdf
取得不可,sk00466,岩槻ライトケア,老健,さいたま市岩槻区,,,2026-09-29,https://www.pref.saitama.lg.jp/documents/8507/04saitama-roken-0810.pdf
取得不可,sk00469,埼玉メディカルセンター附属介護老人保健施設,老健,さいたま市浦和区,,,2026-09-29,https://www.pref.saitama.lg.jp/documents/8507/04saitama-roken-0810.pdf
取得不可,sk00471,エスポワールさいたま,老健,さいたま市緑区,,,2026-09-29,https://www.pref.saitama.lg.jp/documents/8507/04saitama-roken-0810.pdf
取得不可,sk00473,びわの葉,老健,さいたま市西区,,,2026-09-29,https://www.pref.saitama.lg.jp/documents/8507/04saitama-roken-0810.pdf
取得不可,sk00474,トワーム指扇,老健,さいたま市西区,,,2026-09-29,https://www.pref.saitama.lg.jp/documents/8507/04saitama-roken-0810.pdf
取得不可,sk00475,ル・サンク湯澤,老健,さいたま市西区,,,2026-09-29,https://www.pref.saitama.lg.jp/documents/8507/04saitama-roken-0810.pdf
取得不可,sk00477,葵の園・大宮,老健,さいたま市西区,,,2026-09-29,https://www.pref.saitama.lg.jp/documents/8507/04saitama-roken-0810.pdf
取得不可,sk00479,あすか,老健,さいたま市見沼区,,,2026-09-29,https://www.pref.saitama.lg.jp/documents/8507/04saitama-roken-0810.pdf
取得不可,sk00482,大宮ナーシング・ピア,老健,さいたま市見沼区,,,2026-09-29,https://www.pref.saitama.lg.jp/documents/8507/04saitama-roken-0810.pdf
取得不可,sk00483,高齢者ケアセンター のぞみ,老健,さいたま市見沼区,,,2026-09-29,https://www.pref.saitama.lg.jp/documents/8507/04saitama-roken-0810.pdf
取得不可,sk00489,むさしの苑,老健,三芳町,,,2026-09-29,https://www.pref.saitama.lg.jp/documents/8507/02nanseibu-roken-0810.pdf
取得不可,sk00490,エムズガーデン,老健,三芳町,,,2026-09-29,https://www.pref.saitama.lg.jp/documents/8507/02nanseibu-roken-0810.pdf
取得不可,sk00491,埼玉ロイヤルケアセンター,老健,三芳町,,,2026-09-29,https://www.pref.saitama.lg.jp/documents/8507/02nanseibu-roken-0810.pdf
取得不可,sk00492,三郷ケアセンター,老健,三郷市,,,2026-09-29,https://www.pref.saitama.lg.jp/documents/8507/03toubu-roken-0810.pdf
取得不可,sk00493,あげお愛友の里,老健,上尾市,,,2026-09-29,https://www.pref.saitama.lg.jp/documents/8507/05kenou-roken-0810.pdf
取得不可,sk00494,ふれあいの郷あげお,老健,上尾市,,,2026-09-29,https://www.pref.saitama.lg.jp/documents/8507/05kenou-roken-0810.pdf
取得不可,sk00496,ハーティハイム,老健,上尾市,,,2026-09-29,https://www.pref.saitama.lg.jp/documents/8507/05kenou-roken-0810.pdf
取得不可,sk00497,かみさとナーシングホーム,老健,上里町,,,2026-09-29,https://www.pref.saitama.lg.jp/documents/8507/09hokubu-roken-0810.pdf
取得不可,sk00499,栗橋ナーシングホーム翔裕園,老健,久喜市,,,2026-09-29,https://www.pref.saitama.lg.jp/documents/8507/08tone-roken-0810.pdf
取得不可,sk00500,桜田,老健,久喜市,,,2026-09-29,https://www.pref.saitama.lg.jp/documents/8507/08tone-roken-0810.pdf
取得不可,sk00502,一心館,老健,伊奈町,,,2026-09-29,https://www.pref.saitama.lg.jp/documents/8507/05kenou-roken-0810.pdf
取得不可,sk00503,いるまの里,老健,入間市,,,2026-09-29,https://www.pref.saitama.lg.jp/documents/8507/07seibu-roken-0810.pdf
取得不可,sk00504,ゆりの木,老健,入間市,,,2026-09-29,https://www.pref.saitama.lg.jp/documents/8507/07seibu-roken-0810.pdf
取得不可,sk00506,ケアセンターなごみ,老健,入間市,,,2026-09-29,https://www.pref.saitama.lg.jp/documents/8507/07seibu-roken-0810.pdf
取得不可,sk00509,北埼玉ヘルスケアビレッジ,老健,加須市,,,2026-09-29,https://www.pref.saitama.lg.jp/documents/8507/08tone-roken-0810.pdf
取得不可,sk00511,いこいの家,老健,北本市,,,2026-09-29,https://www.pref.saitama.lg.jp/documents/8507/05kenou-roken-0810.pdf
取得不可,sk00512,カントリーハーベスト北本,老健,北本市,,,2026-09-29,https://www.pref.saitama.lg.jp/documents/8507/05kenou-roken-0810.pdf
取得不可,sk00514,もえぎ野,老健,吉見町,,,2026-09-29,https://www.pref.saitama.lg.jp/documents/8507/06kawagoehiki-roken-0810.pdf
取得不可,sk00515,ナーシングホーム和光,老健,和光市,,,2026-09-29,https://www.pref.saitama.lg.jp/documents/8507/02nanseibu-roken-0810.pdf
取得不可,sk00516,すみよし,老健,坂戸市,,,2026-09-29,https://www.pref.saitama.lg.jp/documents/8507/06kawagoehiki-roken-0810.pdf
取得不可,sk00517,はつらつ,老健,坂戸市,,,2026-09-29,https://www.pref.saitama.lg.jp/documents/8507/06kawagoehiki-roken-0810.pdf
取得不可,sk00518,やまぶきの郷,老健,坂戸市,,,2026-09-29,https://www.pref.saitama.lg.jp/documents/8507/06kawagoehiki-roken-0810.pdf
取得不可,sk00519,はーとぴあ,老健,宮代町,,,2026-09-29,https://www.pref.saitama.lg.jp/documents/8507/08tone-roken-0810.pdf
取得不可,sk00520,公設宮代福祉医療センター介護老人保健施設六花,老健,宮代町,,,,https://www.pref.saitama.lg.jp/documents/8507/08tone-roken-0809.pdf
取得不可,sk00521,やまざくら,老健,寄居町,,,2026-09-29,https://www.pref.saitama.lg.jp/documents/8507/09hokubu-roken-0810.pdf
取得不可,sk00522,逍遥の郷,老健,寄居町,,,2026-09-29,https://www.pref.saitama.lg.jp/documents/8507/09hokubu-roken-0810.pdf
取得不可,sk00524,葵の園・富士見,老健,富士見市,,,2026-09-29,https://www.pref.saitama.lg.jp/documents/8507/02nanseibu-roken-0810.pdf
取得不可,sk00525,鶴瀬台の里,老健,富士見市,,,2026-09-29,https://www.pref.saitama.lg.jp/documents/8507/02nanseibu-roken-0810.pdf
取得不可,sk00526,かわぐちナーシングホーム,老健,川口市,,,2026-09-29,https://www.pref.saitama.lg.jp/documents/8507/01nanbu-roken-0810.pdf
取得不可,sk00527,グリーンビレッジ安行,老健,川口市,,,2026-09-29,https://www.pref.saitama.lg.jp/documents/8507/01nanbu-roken-0810.pdf
取得不可,sk00528,ミレニアムマッシーランド,老健,川口市,,,2026-09-29,https://www.pref.saitama.lg.jp/documents/8507/01nanbu-roken-0810.pdf
取得不可,sk00529,厚生会川口ケアセンター,老健,川口市,,,2026-09-29,https://www.pref.saitama.lg.jp/documents/8507/01nanbu-roken-0810.pdf
取得不可,sk00530,老人保健施設みぬま,老健,川口市,,,2026-09-29,https://www.pref.saitama.lg.jp/documents/8507/01nanbu-roken-0810.pdf
取得不可,sk00531,老健ねぎしケアセンター,老健,川口市,,,2026-09-29,https://www.pref.saitama.lg.jp/documents/8507/01nanbu-roken-0810.pdf
取得不可,sk00532,平成の森,老健,川島町,,,2026-09-29,https://www.pref.saitama.lg.jp/documents/8507/06kawagoehiki-roken-0810.pdf
取得不可,sk00533,いぶき,老健,川越市,,,2026-09-29,https://www.pref.saitama.lg.jp/documents/8507/06kawagoehiki-roken-0810.pdf
取得不可,sk00534,ケアハイツ・川越,老健,川越市,,,2026-09-29,https://www.pref.saitama.lg.jp/documents/8507/06kawagoehiki-roken-0810.pdf
取得不可,sk00535,プライムケア川越,老健,川越市,,,2026-09-29,https://www.pref.saitama.lg.jp/documents/8507/06kawagoehiki-roken-0810.pdf
取得不可,sk00536,介護老人保健施設 はつかり,老健,川越市,,,2026-09-29,https://www.pref.saitama.lg.jp/documents/8507/06kawagoehiki-roken-0810.pdf
取得不可,sk00537,小江戸の郷,老健,川越市,,,2026-09-29,https://www.pref.saitama.lg.jp/documents/8507/06kawagoehiki-roken-0810.pdf
取得不可,sk00538,川越ケアセンター,老健,川越市,,,2026-09-29,https://www.pref.saitama.lg.jp/documents/8507/06kawagoehiki-roken-0810.pdf
取得不可,sk00539,瑞穂の里,老健,川越市,,,2026-09-29,https://www.pref.saitama.lg.jp/documents/8507/06kawagoehiki-roken-0810.pdf
取得不可,sk00540,幸手ナーシングホーム,老健,幸手市,,,2026-09-29,https://www.pref.saitama.lg.jp/documents/8507/08tone-roken-0810.pdf
取得不可,sk00541,志木瑞穂の里,老健,志木市,,,2026-09-29,https://www.pref.saitama.lg.jp/documents/8507/02nanseibu-roken-0810.pdf
取得不可,sk00543,戸田市立介護老人保健施設,老健,戸田市,,,2026-09-29,https://www.pref.saitama.lg.jp/documents/8507/01nanbu-roken-0810.pdf
取得不可,sk00544,さんとめ,老健,所沢市,,,2026-09-29,https://www.pref.saitama.lg.jp/documents/8507/07seibu-roken-0810.pdf
取得不可,sk00545,みかじま,老健,所沢市,,,2026-09-29,https://www.pref.saitama.lg.jp/documents/8507/07seibu-roken-0810.pdf
取得不可,sk00546,エスポワール所沢,老健,所沢市,,,2026-09-29,https://www.pref.saitama.lg.jp/documents/8507/07seibu-roken-0810.pdf
取得不可,sk00547,ケアステーション所沢,老健,所沢市,,,2026-09-29,https://www.pref.saitama.lg.jp/documents/8507/07seibu-roken-0810.pdf
取得不可,sk00548,所沢ロイヤルの丘,老健,所沢市,,,2026-09-29,https://www.pref.saitama.lg.jp/documents/8507/07seibu-roken-0810.pdf
取得不可,sk00549,遊,老健,所沢市,,,2026-09-29,https://www.pref.saitama.lg.jp/documents/8507/07seibu-roken-0810.pdf
取得不可,sk00550,雪見野ケアセンター,老健,所沢市,,,2026-09-29,https://www.pref.saitama.lg.jp/documents/8507/07seibu-roken-0810.pdf
取得不可,sk00553,日高の里,老健,日高市,,,2026-09-29,https://www.pref.saitama.lg.jp/documents/8507/07seibu-roken-0810.pdf
取得不可,sk00554,ちとせ,老健,春日部市,,,,https://www.pref.saitama.lg.jp/documents/8507/03toubu-roken-0809.pdf
取得不可,sk00555,介護老人保健施設ウイステリア,老健,春日部市,,,,https://www.pref.saitama.lg.jp/documents/8507/03toubu-roken-0809.pdf
取得不可,sk00556,春日部ロイヤルケアセンター,老健,春日部市,,,,https://www.pref.saitama.lg.jp/documents/8507/03toubu-roken-0809.pdf
取得不可,sk00557,春日部認知症保健福祉センター,老健,春日部市,,,,https://www.pref.saitama.lg.jp/documents/8507/03toubu-roken-0809.pdf
取得不可,sk00558,葵の園・春日部,老健,春日部市,,,,https://www.pref.saitama.lg.jp/documents/8507/03toubu-roken-0809.pdf
取得不可,sk00561,ケアライフ朝霞,老健,朝霞市,,,2026-09-29,https://www.pref.saitama.lg.jp/documents/8507/02nanseibu-roken-0810.pdf
取得不可,sk00563,本庄ナーシングホーム,老健,本庄市,,,2026-09-29,https://www.pref.saitama.lg.jp/documents/8507/09hokubu-roken-0810.pdf
取得不可,sk00566,みどうの杜,老健,東秩父村,,,2026-09-29,https://www.pref.saitama.lg.jp/documents/8507/06kawagoehiki-roken-0810.pdf
取得不可,sk00568,なのはなの里,老健,松伏町,,,2026-09-29,https://www.pref.saitama.lg.jp/documents/8507/03toubu-roken-0810.pdf
取得不可,sk00569,ハートランド桶川,老健,桶川市,,,2026-09-29,https://www.pref.saitama.lg.jp/documents/8507/05kenou-roken-0810.pdf
取得不可,sk00571,葵の園・桶川,老健,桶川市,,,2026-09-29,https://www.pref.saitama.lg.jp/documents/8507/05kenou-roken-0810.pdf
取得不可,sk00572,なでしこ,老健,横瀬町,,,2026-09-29,https://www.pref.saitama.lg.jp/documents/8507/10titibu-roken-0810.pdf
取得不可,sk00573,薫風園,老健,毛呂山町,,,2026-09-29,https://www.pref.saitama.lg.jp/documents/8507/06kawagoehiki-roken-0810.pdf
取得不可,sk00574,FOMA・なごみ,老健,深谷市,,,2026-09-29,https://www.pref.saitama.lg.jp/documents/8507/09hokubu-roken-0810.pdf
取得不可,sk00577,介護老人保健施設あねとす,老健,深谷市,,,2026-09-29,https://www.pref.saitama.lg.jp/documents/8507/09hokubu-roken-0810.pdf
取得不可,sk00584,かがやき,老健,狭山市,,,2026-09-29,https://www.pref.saitama.lg.jp/documents/8507/07seibu-roken-0810.pdf
取得不可,sk00586,狭山ケアセンター,老健,狭山市,,,2026-09-29,https://www.pref.saitama.lg.jp/documents/8507/07seibu-roken-0810.pdf
取得不可,sk00587,ぽっかぽか,老健,白岡市,,,2026-09-29,https://www.pref.saitama.lg.jp/documents/8507/08tone-roken-0810.pdf
取得不可,sk00589,うらら,老健,秩父市,,,2026-09-29,https://www.pref.saitama.lg.jp/documents/8507/10titibu-roken-0810.pdf
取得不可,sk00591,あいの郷,老健,羽生市,,,2026-09-29,https://www.pref.saitama.lg.jp/documents/8507/08tone-roken-0810.pdf
取得不可,sk00593,みどりの館,老健,草加市,,,2026-09-29,https://www.pref.saitama.lg.jp/documents/8507/03toubu-roken-0810.pdf
取得不可,sk00594,翔寿苑,老健,草加市,,,2026-09-29,https://www.pref.saitama.lg.jp/documents/8507/03toubu-roken-0810.pdf
取得不可,sk00595,草加ロイヤルケアセンター,老健,草加市,,,,https://www.pref.saitama.lg.jp/documents/8507/03toubu-roken-0809.pdf
取得不可,sk00598,グリーンビレッジ蕨,老健,蕨市,,,2026-09-29,https://www.pref.saitama.lg.jp/documents/8507/01nanbu-roken-0810.pdf
取得不可,sk00599,グリーンピア,老健,行田市,,,2026-09-29,https://www.pref.saitama.lg.jp/documents/8507/08tone-roken-0810.pdf
取得不可,sk00600,ハートフル行田,老健,行田市,,,2026-09-29,https://www.pref.saitama.lg.jp/documents/8507/08tone-roken-0810.pdf
取得不可,sk00601,とまりや,老健,越谷市,,,2026-09-29,https://www.pref.saitama.lg.jp/documents/8507/03toubu-roken-0810.pdf
取得不可,sk00603,介護老人保健施設エスポワール越谷,老健,越谷市,,,2026-09-29,https://www.pref.saitama.lg.jp/documents/8507/03toubu-roken-0810.pdf
取得不可,sk00604,南面,老健,越谷市,,,2026-09-29,https://www.pref.saitama.lg.jp/documents/8507/03toubu-roken-0810.pdf
取得不可,sk00606,葵の園・越谷,老健,越谷市,,,2026-09-29,https://www.pref.saitama.lg.jp/documents/8507/03toubu-roken-0810.pdf
取得不可,sk00607,葵の園・越谷レイクタウン,老健,越谷市,,,2026-09-29,https://www.pref.saitama.lg.jp/documents/8507/03toubu-roken-0810.pdf
取得不可,sk00608,縄文の里 長瀞倶楽部,老健,長瀞町,,,2026-09-29,https://www.pref.saitama.lg.jp/documents/8507/10titibu-roken-0810.pdf
取得不可,sk00609,飯能ケアセンター楠苑,老健,飯能市,,,2026-09-29,https://www.pref.saitama.lg.jp/documents/8507/07seibu-roken-0810.pdf
取得不可,sk00610,飯能リハビリ館,老健,飯能市,,,2026-09-29,https://www.pref.saitama.lg.jp/documents/8507/07seibu-roken-0810.pdf
取得不可,sk00612,こうのすナーシングホーム共生園,老健,鴻巣市,,,2026-09-29,https://www.pref.saitama.lg.jp/documents/8507/05kenou-roken-0810.pdf
取得不可,sk00613,こうのとり,老健,鴻巣市,,,2026-09-29,https://www.pref.saitama.lg.jp/documents/8507/05kenou-roken-0810.pdf
取得不可,sk00615,鴻巣フラワーパレス,老健,鴻巣市,,,2026-09-29,https://www.pref.saitama.lg.jp/documents/8507/05kenou-roken-0810.pdf
取得不可,sk00616,鶴ヶ島ケアホーム,老健,鶴ヶ島市,,,2026-09-29,https://www.pref.saitama.lg.jp/documents/8507/06kawagoehiki-roken-0810.pdf
取得不可,sk00617,介護医療院 ケア大宮花の丘,介護医療院,さいたま市西区,,,2026-09-29,https://www.pref.saitama.lg.jp/documents/8507/04saitama-roken-0810.pdf
取得不可,sk00619,介護医療院七里,介護医療院,さいたま市見沼区,,,2026-09-29,https://www.pref.saitama.lg.jp/documents/8507/04saitama-roken-0810.pdf
取得不可,sk00620,大宮共立病院 介護医療院,介護医療院,さいたま市見沼区,,,2026-09-29,https://www.pref.saitama.lg.jp/documents/8507/04saitama-roken-0810.pdf
取得不可,sk00621,十善病院介護医療院,介護医療院,加須市,,,2026-09-29,https://www.pref.saitama.lg.jp/documents/8507/08tone-roken-0810.pdf
取得不可,sk00622,はとがや介護医療院,介護医療院,川口市,,,2026-09-29,https://www.pref.saitama.lg.jp/documents/8507/01nanbu-roken-0810.pdf
取得不可,sk00623,タムス介護医療院 川口,介護医療院,川口市,,,2026-09-29,https://www.pref.saitama.lg.jp/documents/8507/01nanbu-roken-0810.pdf
取得不可,sk00624,介護医療院 ひだまりの郷,介護医療院,川口市,,,2026-09-29,https://www.pref.saitama.lg.jp/documents/8507/01nanbu-roken-0810.pdf
取得不可,sk00625,武南病院附属介護医療院,介護医療院,川口市,,,2026-09-29,https://www.pref.saitama.lg.jp/documents/8507/01nanbu-roken-0810.pdf
取得不可,sk00626,介護医療院 埼玉病院,介護医療院,川越市,,,2026-09-29,https://www.pref.saitama.lg.jp/documents/8507/06kawagoehiki-roken-0810.pdf
取得不可,sk00627,緑ヶ丘介護医療院,介護医療院,所沢市,,,2026-09-29,https://www.pref.saitama.lg.jp/documents/8507/07seibu-roken-0810.pdf
取得不可,sk00628,介護医療院あさひヶ丘,介護医療院,日高市,,,2026-09-29,https://www.pref.saitama.lg.jp/documents/8507/07seibu-roken-0810.pdf
取得不可,sk00629,介護医療院 みどり,介護医療院,春日部市,,,,https://www.pref.saitama.lg.jp/documents/8507/03toubu-roken-0809.pdf
取得不可,sk00630,武里病院 介護医療院,介護医療院,春日部市,,,,https://www.pref.saitama.lg.jp/documents/8507/03toubu-roken-0809.pdf
取得不可,sk00631,介護医療院 本庄けやき苑,介護医療院,本庄市,,,2026-09-29,https://www.pref.saitama.lg.jp/documents/8507/09hokubu-roken-0810.pdf
取得不可,sk00632,埼玉あすか松伏病院介護医療院,介護医療院,松伏町,,,2026-09-29,https://www.pref.saitama.lg.jp/documents/8507/03toubu-roken-0810.pdf
取得不可,sk00633,埼玉筑波病院介護医療院,介護医療院,松伏町,,,2026-09-29,https://www.pref.saitama.lg.jp/documents/8507/03toubu-roken-0810.pdf
取得不可,sk00634,埼玉はんのう介護医療院,介護医療院,飯能市,,,2026-09-29,https://www.pref.saitama.lg.jp/documents/8507/07seibu-roken-0810.pdf
