no,id,facility,type,jigyosyo_cd,service_cd,vacancy,capacity,waiting_count,vacancy_date,public_value,checked_at_jst,feature_http_status,detail_http_status,status,error,feature_url,detail_url
1,yk00001,フェリーチェ上野原,特養,1972000036,510,,60,30,,,2026-10-11T04:13:15+09:00,200,200,ok_partial_public_value,,https://www.kaigokensaku.mhlw.go.jp/19/index.php?JigyosyoCd=1972000036-00&ServiceCd=510&action_kouhyou_detail_feature_index=true,https://www.kaigokensaku.mhlw.go.jp/19/index.php?JigyosyoCd=1972000036-00&ServiceCd=510&action_kouhyou_detail_024_kani=true
2,yk00002,桜の里,特養,,540,,,,,,2026-10-11T04:13:19+09:00,,,skipped_no_official_url,事業所番号をオープンデータから解決できず,,
3,yk00003,紡木長屋,特養,,510,,,,,,2026-10-11T04:13:19+09:00,,,skipped_no_official_url,事業所番号をオープンデータから解決できず,,
4,yk00004,「らくえん」,特養,1970800932,510,,80,75,,0/0人,2026-10-11T04:13:19+09:00,200,200,ok_partial_public_value,,https://www.kaigokensaku.mhlw.go.jp/19/index.php?JigyosyoCd=1970800932-00&ServiceCd=510&action_kouhyou_detail_feature_index=true,https://www.kaigokensaku.mhlw.go.jp/19/index.php?JigyosyoCd=1970800932-00&ServiceCd=510&action_kouhyou_detail_024_kani=true
5,yk00005,ふる里ホーム 玉穂げんき村,特養,1992300044,540,,29,,,,2026-10-11T04:13:21+09:00,200,200,ok_no_public_value,,https://www.kaigokensaku.mhlw.go.jp/19/index.php?JigyosyoCd=1992300044-00&ServiceCd=540&action_kouhyou_detail_feature_index=true,https://www.kaigokensaku.mhlw.go.jp/19/index.php?JigyosyoCd=1992300044-00&ServiceCd=540&action_kouhyou_detail_024_kani=true
6,yk00006,ふる里ホーム山之神,特養,1992300051,540,,29,,,,2026-10-11T04:13:23+09:00,200,200,ok_no_public_value,,https://www.kaigokensaku.mhlw.go.jp/19/index.php?JigyosyoCd=1992300051-00&ServiceCd=540&action_kouhyou_detail_feature_index=true,https://www.kaigokensaku.mhlw.go.jp/19/index.php?JigyosyoCd=1992300051-00&ServiceCd=540&action_kouhyou_detail_024_kani=true
7,yk00007,らくえん倶楽部,特養,1992300010,540,,29,,,0/0人,2026-10-11T04:13:25+09:00,200,200,ok_no_public_value,,https://www.kaigokensaku.mhlw.go.jp/19/index.php?JigyosyoCd=1992300010-00&ServiceCd=540&action_kouhyou_detail_feature_index=true,https://www.kaigokensaku.mhlw.go.jp/19/index.php?JigyosyoCd=1992300010-00&ServiceCd=540&action_kouhyou_detail_024_kani=true
8,yk00008,田富荘,特養,1970800114,510,0,54,327,2026-06-10,0/54人,2026-10-11T04:13:27+09:00,200,200,ok,,https://www.kaigokensaku.mhlw.go.jp/19/index.php?JigyosyoCd=1970800114-00&ServiceCd=510&action_kouhyou_detail_feature_index=true,https://www.kaigokensaku.mhlw.go.jp/19/index.php?JigyosyoCd=1970800114-00&ServiceCd=510&action_kouhyou_detail_024_kani=true
9,yk00009,みのる荘,特養,1971000250,510,0,70,518,,0/70人,2026-10-11T04:13:29+09:00,200,200,ok,,https://www.kaigokensaku.mhlw.go.jp/19/index.php?JigyosyoCd=1971000250-00&ServiceCd=510&action_kouhyou_detail_feature_index=true,https://www.kaigokensaku.mhlw.go.jp/19/index.php?JigyosyoCd=1971000250-00&ServiceCd=510&action_kouhyou_detail_024_kani=true
10,yk00010,仁生園,特養,1971000011,510,,132,400,,,2026-10-11T04:13:32+09:00,200,200,ok_partial_public_value,,https://www.kaigokensaku.mhlw.go.jp/19/index.php?JigyosyoCd=1971000011-00&ServiceCd=510&action_kouhyou_detail_feature_index=true,https://www.kaigokensaku.mhlw.go.jp/19/index.php?JigyosyoCd=1971000011-00&ServiceCd=510&action_kouhyou_detail_024_kani=true
11,yk00011,個別ユニット型明山荘,特養,,510,,,,,,2026-10-11T04:13:34+09:00,,,skipped_no_official_url,事業所番号をオープンデータから解決できず,,
12,yk00012,明山荘,特養,1971000029,510,7,103,,2026-03-26,7/103人,2026-10-11T04:13:34+09:00,200,200,ok_partial_public_value,,https://www.kaigokensaku.mhlw.go.jp/19/index.php?JigyosyoCd=1971000029-00&ServiceCd=510&action_kouhyou_detail_feature_index=true,https://www.kaigokensaku.mhlw.go.jp/19/index.php?JigyosyoCd=1971000029-00&ServiceCd=510&action_kouhyou_detail_024_kani=true
13,yk00013,長寿荘,特養,1971000037,510,0,10,123,2024-05-10,0/10人,2026-10-11T04:13:36+09:00,200,200,ok,,https://www.kaigokensaku.mhlw.go.jp/19/index.php?JigyosyoCd=1971000037-00&ServiceCd=510&action_kouhyou_detail_feature_index=true,https://www.kaigokensaku.mhlw.go.jp/19/index.php?JigyosyoCd=1971000037-00&ServiceCd=510&action_kouhyou_detail_024_kani=true
14,yk00014,ひまわりの家,特養,1991600063,540,,29,,,,2026-10-11T04:13:38+09:00,200,200,ok_no_public_value,,https://www.kaigokensaku.mhlw.go.jp/19/index.php?JigyosyoCd=1991600063-00&ServiceCd=540&action_kouhyou_detail_feature_index=true,https://www.kaigokensaku.mhlw.go.jp/19/index.php?JigyosyoCd=1991600063-00&ServiceCd=540&action_kouhyou_detail_024_kani=true
15,yk00015,南岳荘,特養,1971600232,510,,70,,,0/0人,2026-10-11T04:13:40+09:00,200,200,ok_no_public_value,,https://www.kaigokensaku.mhlw.go.jp/19/index.php?JigyosyoCd=1971600232-00&ServiceCd=510&action_kouhyou_detail_feature_index=true,https://www.kaigokensaku.mhlw.go.jp/19/index.php?JigyosyoCd=1971600232-00&ServiceCd=510&action_kouhyou_detail_024_kani=true
16,yk00016,櫛形荘,特養,1970800155,510,,50,323,,0/0人,2026-10-11T04:13:42+09:00,200,200,ok_partial_public_value,,https://www.kaigokensaku.mhlw.go.jp/19/index.php?JigyosyoCd=1970800155-00&ServiceCd=510&action_kouhyou_detail_feature_index=true,https://www.kaigokensaku.mhlw.go.jp/19/index.php?JigyosyoCd=1970800155-00&ServiceCd=510&action_kouhyou_detail_024_kani=true
17,yk00017,白峰荘,特養,1991600030,540,0,29,,2025-08-19,0/29人,2026-10-11T04:13:44+09:00,200,200,ok_partial_public_value,,https://www.kaigokensaku.mhlw.go.jp/19/index.php?JigyosyoCd=1991600030-00&ServiceCd=540&action_kouhyou_detail_feature_index=true,https://www.kaigokensaku.mhlw.go.jp/19/index.php?JigyosyoCd=1991600030-00&ServiceCd=540&action_kouhyou_detail_024_kani=true
18,yk00018,白根聖明園,特養,1970800676,510,,70,565,,0/0人,2026-10-11T04:13:46+09:00,200,200,ok_partial_public_value,,https://www.kaigokensaku.mhlw.go.jp/19/index.php?JigyosyoCd=1970800676-00&ServiceCd=510&action_kouhyou_detail_feature_index=true,https://www.kaigokensaku.mhlw.go.jp/19/index.php?JigyosyoCd=1970800676-00&ServiceCd=510&action_kouhyou_detail_024_kani=true
19,yk00019,花菱荘,特養,1970800197,510,0,54,364,2025-07-24,0/54人,2026-10-11T04:13:48+09:00,200,200,ok,,https://www.kaigokensaku.mhlw.go.jp/19/index.php?JigyosyoCd=1970800197-00&ServiceCd=510&action_kouhyou_detail_feature_index=true,https://www.kaigokensaku.mhlw.go.jp/19/index.php?JigyosyoCd=1970800197-00&ServiceCd=510&action_kouhyou_detail_024_kani=true
20,yk00020,豊寿荘,特養,1991600055,540,,29,,,0/0人,2026-10-11T04:13:51+09:00,200,200,ok_no_public_value,,https://www.kaigokensaku.mhlw.go.jp/19/index.php?JigyosyoCd=1991600055-00&ServiceCd=540&action_kouhyou_detail_feature_index=true,https://www.kaigokensaku.mhlw.go.jp/19/index.php?JigyosyoCd=1991600055-00&ServiceCd=540&action_kouhyou_detail_024_kani=true
21,yk00021,ネオライフとみざわ,特養,1970700421,510,,50,22,2025-10-06,0/0人,2026-10-11T04:13:53+09:00,200,200,ok_partial_public_value,,https://www.kaigokensaku.mhlw.go.jp/19/index.php?JigyosyoCd=1970700421-00&ServiceCd=510&action_kouhyou_detail_feature_index=true,https://www.kaigokensaku.mhlw.go.jp/19/index.php?JigyosyoCd=1970700421-00&ServiceCd=510&action_kouhyou_detail_024_kani=true
22,yk00022,慈生園,特養,1970700074,510,,30,51,2025-06-25,0/0人,2026-10-11T04:13:55+09:00,200,200,ok_partial_public_value,,https://www.kaigokensaku.mhlw.go.jp/19/index.php?JigyosyoCd=1970700074-00&ServiceCd=510&action_kouhyou_detail_feature_index=true,https://www.kaigokensaku.mhlw.go.jp/19/index.php?JigyosyoCd=1970700074-00&ServiceCd=510&action_kouhyou_detail_024_kani=true
23,yk00023,サンコート大月,特養,1991400043,540,,29,,,0/0人,2026-10-11T04:13:57+09:00,200,200,ok_no_public_value,,https://www.kaigokensaku.mhlw.go.jp/19/index.php?JigyosyoCd=1991400043-00&ServiceCd=540&action_kouhyou_detail_feature_index=true,https://www.kaigokensaku.mhlw.go.jp/19/index.php?JigyosyoCd=1991400043-00&ServiceCd=540&action_kouhyou_detail_024_kani=true
24,yk00024,サンコート大月サテライト,特養,,540,,,,,,2026-10-11T04:13:59+09:00,,,skipped_no_official_url,事業所番号をオープンデータから解決できず,,
25,yk00025,大月富士見苑,特養,1971400021,510,,62,106,,0/0人,2026-10-11T04:13:59+09:00,200,200,ok_partial_public_value,,https://www.kaigokensaku.mhlw.go.jp/19/index.php?JigyosyoCd=1971400021-00&ServiceCd=510&action_kouhyou_detail_feature_index=true,https://www.kaigokensaku.mhlw.go.jp/19/index.php?JigyosyoCd=1971400021-00&ServiceCd=510&action_kouhyou_detail_024_kani=true
26,yk00026,山美家,特養,1991400019,540,0,29,,,0/29人,2026-10-11T04:14:01+09:00,200,200,ok_partial_public_value,,https://www.kaigokensaku.mhlw.go.jp/19/index.php?JigyosyoCd=1991400019-00&ServiceCd=540&action_kouhyou_detail_feature_index=true,https://www.kaigokensaku.mhlw.go.jp/19/index.php?JigyosyoCd=1991400019-00&ServiceCd=540&action_kouhyou_detail_024_kani=true
27,yk00027,志仁也,特養,1971400245,510,,60,100,2025-07-09,0/0人,2026-10-11T04:14:03+09:00,200,200,ok_partial_public_value,,https://www.kaigokensaku.mhlw.go.jp/19/index.php?JigyosyoCd=1971400245-00&ServiceCd=510&action_kouhyou_detail_feature_index=true,https://www.kaigokensaku.mhlw.go.jp/19/index.php?JigyosyoCd=1971400245-00&ServiceCd=510&action_kouhyou_detail_024_kani=true
28,yk00028,おりひめ,特養,1991200054,540,,29,,2026-01-28,0/0人,2026-10-11T04:14:05+09:00,200,200,ok_no_public_value,,https://www.kaigokensaku.mhlw.go.jp/19/index.php?JigyosyoCd=1991200054-00&ServiceCd=540&action_kouhyou_detail_feature_index=true,https://www.kaigokensaku.mhlw.go.jp/19/index.php?JigyosyoCd=1991200054-00&ServiceCd=540&action_kouhyou_detail_024_kani=true
29,yk00029,しののめ,特養,1991200062,540,,20,,2026-02-09,0/0人,2026-10-11T04:14:07+09:00,200,200,ok_no_public_value,,https://www.kaigokensaku.mhlw.go.jp/19/index.php?JigyosyoCd=1991200062-00&ServiceCd=540&action_kouhyou_detail_feature_index=true,https://www.kaigokensaku.mhlw.go.jp/19/index.php?JigyosyoCd=1991200062-00&ServiceCd=540&action_kouhyou_detail_024_kani=true
30,yk00030,寿荘,特養,1971200215,510,,80,600,,,2026-10-11T04:14:10+09:00,200,200,ok_partial_public_value,,https://www.kaigokensaku.mhlw.go.jp/19/index.php?JigyosyoCd=1971200215-00&ServiceCd=510&action_kouhyou_detail_feature_index=true,https://www.kaigokensaku.mhlw.go.jp/19/index.php?JigyosyoCd=1971200215-00&ServiceCd=510&action_kouhyou_detail_024_kani=true
31,yk00031,慶和荘,特養,1971200298,510,,70,392,,0/0人,2026-10-11T04:14:12+09:00,200,200,ok_partial_public_value,,https://www.kaigokensaku.mhlw.go.jp/19/index.php?JigyosyoCd=1971200298-00&ServiceCd=510&action_kouhyou_detail_feature_index=true,https://www.kaigokensaku.mhlw.go.jp/19/index.php?JigyosyoCd=1971200298-00&ServiceCd=510&action_kouhyou_detail_024_kani=true
32,yk00032,慶和荘サテライト,特養,1991200039,540,,29,,2020-10-06,0/0人,2026-10-11T04:14:14+09:00,200,200,ok_no_public_value,,https://www.kaigokensaku.mhlw.go.jp/19/index.php?JigyosyoCd=1991200039-00&ServiceCd=540&action_kouhyou_detail_feature_index=true,https://www.kaigokensaku.mhlw.go.jp/19/index.php?JigyosyoCd=1991200039-00&ServiceCd=540&action_kouhyou_detail_024_kani=true
33,yk00033,慶和荘シンビオシス,特養,1991200211,540,,29,,,,2026-10-11T04:14:16+09:00,200,200,ok_no_public_value,,https://www.kaigokensaku.mhlw.go.jp/19/index.php?JigyosyoCd=1991200211-00&ServiceCd=540&action_kouhyou_detail_feature_index=true,https://www.kaigokensaku.mhlw.go.jp/19/index.php?JigyosyoCd=1991200211-00&ServiceCd=540&action_kouhyou_detail_024_kani=true
34,yk00034,慶和荘レジデンス,特養,1991200112,540,,29,,,0/0人,2026-10-11T04:14:18+09:00,200,200,ok_no_public_value,,https://www.kaigokensaku.mhlw.go.jp/19/index.php?JigyosyoCd=1991200112-00&ServiceCd=540&action_kouhyou_detail_feature_index=true,https://www.kaigokensaku.mhlw.go.jp/19/index.php?JigyosyoCd=1991200112-00&ServiceCd=540&action_kouhyou_detail_024_kani=true
35,yk00035,芙蓉荘,特養,1971200025,510,,50,200,2024-09-03,0/0人,2026-10-11T04:14:20+09:00,200,200,ok_partial_public_value,,https://www.kaigokensaku.mhlw.go.jp/19/index.php?JigyosyoCd=1971200025-00&ServiceCd=510&action_kouhyou_detail_feature_index=true,https://www.kaigokensaku.mhlw.go.jp/19/index.php?JigyosyoCd=1971200025-00&ServiceCd=510&action_kouhyou_detail_024_kani=true
36,yk00036,富士川荘,特養,1970700066,510,,50,160,,,2026-10-11T04:14:22+09:00,200,200,ok_partial_public_value,,https://www.kaigokensaku.mhlw.go.jp/19/index.php?JigyosyoCd=1970700066-00&ServiceCd=510&action_kouhyou_detail_feature_index=true,https://www.kaigokensaku.mhlw.go.jp/19/index.php?JigyosyoCd=1970700066-00&ServiceCd=510&action_kouhyou_detail_024_kani=true
37,yk00037,福寿荘,特養,1970700025,510,,54,97,2025-11-21,0/0人,2026-10-11T04:14:24+09:00,200,200,ok_partial_public_value,,https://www.kaigokensaku.mhlw.go.jp/19/index.php?JigyosyoCd=1970700025-00&ServiceCd=510&action_kouhyou_detail_feature_index=true,https://www.kaigokensaku.mhlw.go.jp/19/index.php?JigyosyoCd=1970700025-00&ServiceCd=510&action_kouhyou_detail_024_kani=true
38,yk00038,福寿荘きらきら,特養,1970700900,510,,30,119,,0/0人,2026-10-11T04:14:26+09:00,200,200,ok_partial_public_value,,https://www.kaigokensaku.mhlw.go.jp/19/index.php?JigyosyoCd=1970700900-00&ServiceCd=510&action_kouhyou_detail_feature_index=true,https://www.kaigokensaku.mhlw.go.jp/19/index.php?JigyosyoCd=1970700900-00&ServiceCd=510&action_kouhyou_detail_024_kani=true
39,yk00039,なでしこ,特養,1991300011,540,,29,,2025-12-13,0/0人,2026-10-11T04:14:28+09:00,200,200,ok_no_public_value,,https://www.kaigokensaku.mhlw.go.jp/19/index.php?JigyosyoCd=1991300011-00&ServiceCd=540&action_kouhyou_detail_feature_index=true,https://www.kaigokensaku.mhlw.go.jp/19/index.php?JigyosyoCd=1991300011-00&ServiceCd=540&action_kouhyou_detail_024_kani=true
40,yk00040,ユニット型地域密着型特別養護老人ホーム富士山荘まほろば,特養,,540,,,,,,2026-10-11T04:14:30+09:00,,,skipped_no_official_url,事業所番号をオープンデータから解決できず,,
41,yk00041,カインドネスケア,特養,,540,,,,,,2026-10-11T04:14:30+09:00,,,skipped_no_official_url,事業所番号をオープンデータから解決できず,,
42,yk00042,サテライト桃源荘日川,特養,1990200055,540,,29,,,0/0人,2026-10-11T04:14:30+09:00,200,200,ok_no_public_value,,https://www.kaigokensaku.mhlw.go.jp/19/index.php?JigyosyoCd=1990200055-00&ServiceCd=540&action_kouhyou_detail_feature_index=true,https://www.kaigokensaku.mhlw.go.jp/19/index.php?JigyosyoCd=1990200055-00&ServiceCd=540&action_kouhyou_detail_024_kani=true
43,yk00043,個室ユニット型桃源荘,特養,,510,,,,,,2026-10-11T04:14:32+09:00,,,skipped_no_official_url,事業所番号をオープンデータから解決できず,,
44,yk00044,恵信サテライトロジェ山梨,特養,1990200030,540,,29,,,0/0人,2026-10-11T04:14:32+09:00,200,200,ok_no_public_value,,https://www.kaigokensaku.mhlw.go.jp/19/index.php?JigyosyoCd=1990200030-00&ServiceCd=540&action_kouhyou_detail_feature_index=true,https://www.kaigokensaku.mhlw.go.jp/19/index.php?JigyosyoCd=1990200030-00&ServiceCd=540&action_kouhyou_detail_024_kani=true
45,yk00045,恵信ロジェ山梨,特養,1970200141,510,,60,240,,0/0人,2026-10-11T04:14:34+09:00,200,200,ok_partial_public_value,,https://www.kaigokensaku.mhlw.go.jp/19/index.php?JigyosyoCd=1970200141-00&ServiceCd=510&action_kouhyou_detail_feature_index=true,https://www.kaigokensaku.mhlw.go.jp/19/index.php?JigyosyoCd=1970200141-00&ServiceCd=510&action_kouhyou_detail_024_kani=true
46,yk00046,桃源荘,特養,,510,,,,,,2026-10-11T04:14:36+09:00,,,skipped_no_official_url,事業所番号をオープンデータから解決できず,,
47,yk00047,笛吹荘,特養,1970400147,510,,70,70,2025-05-22,0/0人,2026-10-11T04:14:36+09:00,200,200,ok_partial_public_value,,https://www.kaigokensaku.mhlw.go.jp/19/index.php?JigyosyoCd=1970400147-00&ServiceCd=510&action_kouhyou_detail_feature_index=true,https://www.kaigokensaku.mhlw.go.jp/19/index.php?JigyosyoCd=1970400147-00&ServiceCd=510&action_kouhyou_detail_024_kani=true
48,yk00048,うぐいすの森,特養,1990600015,540,0,29,,2025-08-13,0/29人,2026-10-11T04:14:38+09:00,200,200,ok_partial_public_value,,https://www.kaigokensaku.mhlw.go.jp/19/index.php?JigyosyoCd=1990600015-00&ServiceCd=540&action_kouhyou_detail_feature_index=true,https://www.kaigokensaku.mhlw.go.jp/19/index.php?JigyosyoCd=1990600015-00&ServiceCd=540&action_kouhyou_detail_024_kani=true
49,yk00049,りんどうの里,特養,1970600316,510,0,60,97,2025-08-13,0/60人,2026-10-11T04:14:41+09:00,200,200,ok,,https://www.kaigokensaku.mhlw.go.jp/19/index.php?JigyosyoCd=1970600316-00&ServiceCd=510&action_kouhyou_detail_feature_index=true,https://www.kaigokensaku.mhlw.go.jp/19/index.php?JigyosyoCd=1970600316-00&ServiceCd=510&action_kouhyou_detail_024_kani=true
50,yk00050,地域密着型介護老人福祉施設りんどうの里,特養,,540,,,,,,2026-10-11T04:14:43+09:00,,,skipped_no_official_url,事業所番号をオープンデータから解決できず,,
51,yk00051,清珠荘,特養,1970600035,510,,50,0,,,2026-10-11T04:14:56+09:00,200,200,ok_partial_public_value,,https://www.kaigokensaku.mhlw.go.jp/19/index.php?JigyosyoCd=1970600035-00&ServiceCd=510&action_kouhyou_detail_feature_index=true,https://www.kaigokensaku.mhlw.go.jp/19/index.php?JigyosyoCd=1970600035-00&ServiceCd=510&action_kouhyou_detail_024_kani=true
52,yk00052,いちいの木,特養,1971300262,510,,60,294,,0/0人,2026-10-11T04:15:00+09:00,200,200,ok_partial_public_value,,https://www.kaigokensaku.mhlw.go.jp/19/index.php?JigyosyoCd=1971300262-00&ServiceCd=510&action_kouhyou_detail_feature_index=true,https://www.kaigokensaku.mhlw.go.jp/19/index.php?JigyosyoCd=1971300262-00&ServiceCd=510&action_kouhyou_detail_024_kani=true
53,yk00053,草塩おんせん,特養,1990700062,540,0,29,,2025-12-18,0/29人,2026-10-11T04:15:02+09:00,200,200,ok_partial_public_value,,https://www.kaigokensaku.mhlw.go.jp/19/index.php?JigyosyoCd=1990700062-00&ServiceCd=540&action_kouhyou_detail_feature_index=true,https://www.kaigokensaku.mhlw.go.jp/19/index.php?JigyosyoCd=1990700062-00&ServiceCd=540&action_kouhyou_detail_024_kani=true
54,yk00054,ほたるの郷・翔和,特養,,540,,,,,,2026-10-11T04:15:04+09:00,,,skipped_no_official_url,事業所番号をオープンデータから解決できず,,
55,yk00055,昭寿荘,特養,1970800163,510,0,70,636,2026-09-24,0/70人,2026-10-11T04:15:04+09:00,200,200,ok,,https://www.kaigokensaku.mhlw.go.jp/19/index.php?JigyosyoCd=1970800163-00&ServiceCd=510&action_kouhyou_detail_feature_index=true,https://www.kaigokensaku.mhlw.go.jp/19/index.php?JigyosyoCd=1970800163-00&ServiceCd=510&action_kouhyou_detail_024_kani=true
56,yk00056,ひかり屋形,特養,1992200046,540,,29,,,,2026-10-11T04:15:06+09:00,200,200,ok_no_public_value,,https://www.kaigokensaku.mhlw.go.jp/19/index.php?JigyosyoCd=1992200046-00&ServiceCd=540&action_kouhyou_detail_feature_index=true,https://www.kaigokensaku.mhlw.go.jp/19/index.php?JigyosyoCd=1992200046-00&ServiceCd=540&action_kouhyou_detail_024_kani=true
57,yk00057,ぶどう畑,特養,1992200053,540,,29,,2017-07-14,0/0人,2026-10-11T04:15:08+09:00,200,200,ok_no_public_value,,https://www.kaigokensaku.mhlw.go.jp/19/index.php?JigyosyoCd=1992200053-00&ServiceCd=540&action_kouhyou_detail_feature_index=true,https://www.kaigokensaku.mhlw.go.jp/19/index.php?JigyosyoCd=1992200053-00&ServiceCd=540&action_kouhyou_detail_024_kani=true
58,yk00058,サテライトぶどう畑,特養,1992200087,540,,29,,,,2026-10-11T04:15:10+09:00,200,200,ok_no_public_value,,https://www.kaigokensaku.mhlw.go.jp/19/index.php?JigyosyoCd=1992200087-00&ServiceCd=540&action_kouhyou_detail_feature_index=true,https://www.kaigokensaku.mhlw.go.jp/19/index.php?JigyosyoCd=1992200087-00&ServiceCd=540&action_kouhyou_detail_024_kani=true
59,yk00059,ヒルズ勝沼,特養,1972200099,510,0,70,10,2026-01-07,0/70人,2026-10-11T04:15:12+09:00,200,200,ok,,https://www.kaigokensaku.mhlw.go.jp/19/index.php?JigyosyoCd=1972200099-00&ServiceCd=510&action_kouhyou_detail_feature_index=true,https://www.kaigokensaku.mhlw.go.jp/19/index.php?JigyosyoCd=1972200099-00&ServiceCd=510&action_kouhyou_detail_024_kani=true
60,yk00060,光風園,特養,1970300016,510,,52,320,2025-04-03,0/0人,2026-10-11T04:15:14+09:00,200,200,ok_partial_public_value,,https://www.kaigokensaku.mhlw.go.jp/19/index.php?JigyosyoCd=1970300016-00&ServiceCd=510&action_kouhyou_detail_feature_index=true,https://www.kaigokensaku.mhlw.go.jp/19/index.php?JigyosyoCd=1970300016-00&ServiceCd=510&action_kouhyou_detail_024_kani=true
61,yk00061,緑と風,特養,1992200038,540,,,,,,2026-10-11T04:15:16+09:00,200,200,ok_no_public_value,,https://www.kaigokensaku.mhlw.go.jp/19/index.php?JigyosyoCd=1992200038-00&ServiceCd=540&action_kouhyou_detail_feature_index=true,https://www.kaigokensaku.mhlw.go.jp/19/index.php?JigyosyoCd=1992200038-00&ServiceCd=540&action_kouhyou_detail_024_kani=true
62,yk00062,緑風苑,特養,1970300149,510,,60,255,,,2026-10-11T04:15:18+09:00,200,200,ok_partial_public_value,,https://www.kaigokensaku.mhlw.go.jp/19/index.php?JigyosyoCd=1970300149-00&ServiceCd=510&action_kouhyou_detail_feature_index=true,https://www.kaigokensaku.mhlw.go.jp/19/index.php?JigyosyoCd=1970300149-00&ServiceCd=510&action_kouhyou_detail_024_kani=true
63,yk00063,サテライト万寿の杜,特養,1990100636,540,,29,,2024-06-24,0/0人,2026-10-11T04:15:20+09:00,200,200,ok_no_public_value,,https://www.kaigokensaku.mhlw.go.jp/19/index.php?JigyosyoCd=1990100636-00&ServiceCd=540&action_kouhyou_detail_feature_index=true,https://www.kaigokensaku.mhlw.go.jp/19/index.php?JigyosyoCd=1990100636-00&ServiceCd=540&action_kouhyou_detail_024_kani=true
64,yk00064,サテライト特養尚古園,特養,1990100081,540,,20,,,,2026-10-11T04:15:22+09:00,200,200,ok_no_public_value,,https://www.kaigokensaku.mhlw.go.jp/19/index.php?JigyosyoCd=1990100081-00&ServiceCd=540&action_kouhyou_detail_feature_index=true,https://www.kaigokensaku.mhlw.go.jp/19/index.php?JigyosyoCd=1990100081-00&ServiceCd=540&action_kouhyou_detail_024_kani=true
65,yk00065,トリアス,特養,1970100200,510,,76,232,2026-08-07,0/0人,2026-10-11T04:15:24+09:00,200,200,ok_partial_public_value,,https://www.kaigokensaku.mhlw.go.jp/19/index.php?JigyosyoCd=1970100200-00&ServiceCd=510&action_kouhyou_detail_feature_index=true,https://www.kaigokensaku.mhlw.go.jp/19/index.php?JigyosyoCd=1970100200-00&ServiceCd=510&action_kouhyou_detail_024_kani=true
66,yk00066,介護老人福祉施設風林荘,特養,1970101901,510,3,60,50,2026-09-18,3/60人,2026-10-11T04:15:27+09:00,200,200,ok,,https://www.kaigokensaku.mhlw.go.jp/19/index.php?JigyosyoCd=1970101901-00&ServiceCd=510&action_kouhyou_detail_feature_index=true,https://www.kaigokensaku.mhlw.go.jp/19/index.php?JigyosyoCd=1970101901-00&ServiceCd=510&action_kouhyou_detail_024_kani=true
67,yk00067,地域密着型介護老人福祉施設 フォーリーブス甲府,特養,,540,,,,,,2026-10-11T04:15:29+09:00,,,skipped_no_official_url,事業所番号をオープンデータから解決できず,,
68,yk00068,地域密着型介護老人福祉施設パティオ蓬沢,特養,1990100479,540,,,,,0/0人,2026-10-11T04:15:29+09:00,200,200,ok_no_public_value,,https://www.kaigokensaku.mhlw.go.jp/19/index.php?JigyosyoCd=1990100479-00&ServiceCd=540&action_kouhyou_detail_feature_index=true,https://www.kaigokensaku.mhlw.go.jp/19/index.php?JigyosyoCd=1990100479-00&ServiceCd=540&action_kouhyou_detail_024_kani=true
69,yk00069,奥湯村指定介護老人福祉施設,特養,1970100150,510,,54,422,,,2026-10-11T04:15:31+09:00,200,200,ok_partial_public_value,,https://www.kaigokensaku.mhlw.go.jp/19/index.php?JigyosyoCd=1970100150-00&ServiceCd=510&action_kouhyou_detail_feature_index=true,https://www.kaigokensaku.mhlw.go.jp/19/index.php?JigyosyoCd=1970100150-00&ServiceCd=510&action_kouhyou_detail_024_kani=true
70,yk00070,小瀬公園あかし,特養,1990100396,540,,29,,,0/0人,2026-10-11T04:15:33+09:00,200,200,ok_no_public_value,,https://www.kaigokensaku.mhlw.go.jp/19/index.php?JigyosyoCd=1990100396-00&ServiceCd=540&action_kouhyou_detail_feature_index=true,https://www.kaigokensaku.mhlw.go.jp/19/index.php?JigyosyoCd=1990100396-00&ServiceCd=540&action_kouhyou_detail_024_kani=true
71,yk00071,快晴苑,特養,1970100184,510,,50,150,,,2026-10-11T04:15:35+09:00,200,200,ok_partial_public_value,,https://www.kaigokensaku.mhlw.go.jp/19/index.php?JigyosyoCd=1970100184-00&ServiceCd=510&action_kouhyou_detail_feature_index=true,https://www.kaigokensaku.mhlw.go.jp/19/index.php?JigyosyoCd=1970100184-00&ServiceCd=510&action_kouhyou_detail_024_kani=true
72,yk00072,憩いホーム新平和,特養,1990101121,540,,,,,,2026-10-11T04:15:37+09:00,200,200,ok_no_public_value,,https://www.kaigokensaku.mhlw.go.jp/19/index.php?JigyosyoCd=1990101121-00&ServiceCd=540&action_kouhyou_detail_feature_index=true,https://www.kaigokensaku.mhlw.go.jp/19/index.php?JigyosyoCd=1990101121-00&ServiceCd=540&action_kouhyou_detail_027_kihon=true
73,yk00073,指定介護老人福祉施設コスモ,特養,1970500581,510,,70,250,,,2026-10-11T04:15:45+09:00,200,200,ok_partial_public_value,,https://www.kaigokensaku.mhlw.go.jp/19/index.php?JigyosyoCd=1970500581-00&ServiceCd=510&action_kouhyou_detail_feature_index=true,https://www.kaigokensaku.mhlw.go.jp/19/index.php?JigyosyoCd=1970500581-00&ServiceCd=510&action_kouhyou_detail_024_kani=true
74,yk00074,指定地域密着型介護老人福祉施設コスモ,特養,1990100511,540,,,,,,2026-10-11T04:15:47+09:00,200,200,ok_no_public_value,,https://www.kaigokensaku.mhlw.go.jp/19/index.php?JigyosyoCd=1990100511-00&ServiceCd=540&action_kouhyou_detail_feature_index=true,https://www.kaigokensaku.mhlw.go.jp/19/index.php?JigyosyoCd=1990100511-00&ServiceCd=540&action_kouhyou_detail_027_kihon=true
75,yk00075,指定地域密着型介護老人福祉施設入所者生活介護事業所コスモ・アンシア,特養,1990100362,540,,29,,,0/0人,2026-10-11T04:15:54+09:00,200,200,ok_no_public_value,,https://www.kaigokensaku.mhlw.go.jp/19/index.php?JigyosyoCd=1990100362-00&ServiceCd=540&action_kouhyou_detail_feature_index=true,https://www.kaigokensaku.mhlw.go.jp/19/index.php?JigyosyoCd=1990100362-00&ServiceCd=540&action_kouhyou_detail_024_kani=true
76,yk00076,特別養護老人ホーム いけだの里,特養,1990100610,540,,29,,,,2026-10-11T04:15:57+09:00,200,200,ok_no_public_value,,https://www.kaigokensaku.mhlw.go.jp/19/index.php?JigyosyoCd=1990100610-00&ServiceCd=540&action_kouhyou_detail_feature_index=true,https://www.kaigokensaku.mhlw.go.jp/19/index.php?JigyosyoCd=1990100610-00&ServiceCd=540&action_kouhyou_detail_024_kani=true
77,yk00077,特別養護老人ホーム みんなの家 青沼,特養,1990100560,540,0,29,,2025-01-10,0/29人,2026-10-11T04:15:59+09:00,200,200,ok_partial_public_value,,https://www.kaigokensaku.mhlw.go.jp/19/index.php?JigyosyoCd=1990100560-00&ServiceCd=540&action_kouhyou_detail_feature_index=true,https://www.kaigokensaku.mhlw.go.jp/19/index.php?JigyosyoCd=1990100560-00&ServiceCd=540&action_kouhyou_detail_024_kani=true
78,yk00078,特別養護老人ホーム やすらぎの郷・舞鶴,特養,1990100875,540,0,29,,2023-12-08,0/29人,2026-10-11T04:16:01+09:00,200,200,ok_partial_public_value,,https://www.kaigokensaku.mhlw.go.jp/19/index.php?JigyosyoCd=1990100875-00&ServiceCd=540&action_kouhyou_detail_feature_index=true,https://www.kaigokensaku.mhlw.go.jp/19/index.php?JigyosyoCd=1990100875-00&ServiceCd=540&action_kouhyou_detail_024_kani=true
79,yk00079,特別養護老人ホーム オアゾSやましろ,特養,1990100438,540,2,29,,2026-09-18,2/29人,2026-10-11T04:16:03+09:00,200,200,ok_partial_public_value,,https://www.kaigokensaku.mhlw.go.jp/19/index.php?JigyosyoCd=1990100438-00&ServiceCd=540&action_kouhyou_detail_feature_index=true,https://www.kaigokensaku.mhlw.go.jp/19/index.php?JigyosyoCd=1990100438-00&ServiceCd=540&action_kouhyou_detail_024_kani=true
80,yk00080,特別養護老人ホーム 和楽 WARAKU,特養,1990100503,540,0,34,,2025-07-28,0/34人,2026-10-11T04:16:05+09:00,200,200,ok_partial_public_value,,https://www.kaigokensaku.mhlw.go.jp/19/index.php?JigyosyoCd=1990100503-00&ServiceCd=540&action_kouhyou_detail_feature_index=true,https://www.kaigokensaku.mhlw.go.jp/19/index.php?JigyosyoCd=1990100503-00&ServiceCd=540&action_kouhyou_detail_024_kani=true
81,yk00081,特別養護老人ホーム 風林荘別館,特養,1990100628,540,3,29,,2026-09-18,3/29人,2026-10-11T04:16:07+09:00,200,200,ok_partial_public_value,,https://www.kaigokensaku.mhlw.go.jp/19/index.php?JigyosyoCd=1990100628-00&ServiceCd=540&action_kouhyou_detail_feature_index=true,https://www.kaigokensaku.mhlw.go.jp/19/index.php?JigyosyoCd=1990100628-00&ServiceCd=540&action_kouhyou_detail_024_kani=true
82,yk00082,特別養護老人ホームらくえんリニア甲府,特養,1990100917,540,,29,,,,2026-10-11T04:16:09+09:00,200,200,ok_no_public_value,,https://www.kaigokensaku.mhlw.go.jp/19/index.php?JigyosyoCd=1990100917-00&ServiceCd=540&action_kouhyou_detail_feature_index=true,https://www.kaigokensaku.mhlw.go.jp/19/index.php?JigyosyoCd=1990100917-00&ServiceCd=540&action_kouhyou_detail_024_kani=true
83,yk00083,特別養護老人ホームわかやなぎ,特養,1990100271,540,,29,,,0/0人,2026-10-11T04:16:11+09:00,200,200,ok_no_public_value,,https://www.kaigokensaku.mhlw.go.jp/19/index.php?JigyosyoCd=1990100271-00&ServiceCd=540&action_kouhyou_detail_feature_index=true,https://www.kaigokensaku.mhlw.go.jp/19/index.php?JigyosyoCd=1990100271-00&ServiceCd=540&action_kouhyou_detail_024_kani=true
84,yk00084,特別養護老人ホームソレイユ甲府,特養,1970104376,510,,80,80,,,2026-10-11T04:16:13+09:00,200,200,ok_partial_public_value,,https://www.kaigokensaku.mhlw.go.jp/19/index.php?JigyosyoCd=1970104376-00&ServiceCd=510&action_kouhyou_detail_feature_index=true,https://www.kaigokensaku.mhlw.go.jp/19/index.php?JigyosyoCd=1970104376-00&ServiceCd=510&action_kouhyou_detail_024_kani=true
85,yk00085,特別養護老人ホームロイヤルあかし,特養,1970101166,510,,57,,,0/0人,2026-10-11T04:16:15+09:00,200,200,ok_no_public_value,,https://www.kaigokensaku.mhlw.go.jp/19/index.php?JigyosyoCd=1970101166-00&ServiceCd=510&action_kouhyou_detail_feature_index=true,https://www.kaigokensaku.mhlw.go.jp/19/index.php?JigyosyoCd=1970101166-00&ServiceCd=510&action_kouhyou_detail_024_kani=true
86,yk00086,特別養護老人ホーム和久園,特養,1970100119,510,,60,330,,0/0人,2026-10-11T04:16:17+09:00,200,200,ok_partial_public_value,,https://www.kaigokensaku.mhlw.go.jp/19/index.php?JigyosyoCd=1970100119-00&ServiceCd=510&action_kouhyou_detail_feature_index=true,https://www.kaigokensaku.mhlw.go.jp/19/index.php?JigyosyoCd=1970100119-00&ServiceCd=510&action_kouhyou_detail_024_kani=true
87,yk00087,特別養護老人ホーム尚古園,特養,1970100176,510,,88,285,,0/0人,2026-10-11T04:16:20+09:00,200,200,ok_partial_public_value,,https://www.kaigokensaku.mhlw.go.jp/19/index.php?JigyosyoCd=1970100176-00&ServiceCd=510&action_kouhyou_detail_feature_index=true,https://www.kaigokensaku.mhlw.go.jp/19/index.php?JigyosyoCd=1970100176-00&ServiceCd=510&action_kouhyou_detail_024_kani=true
88,yk00088,特別養護老人ホーム志麻の郷・湯村,特養,1990100198,540,,,,,0/0人,2026-10-11T04:16:22+09:00,200,200,ok_no_public_value,,https://www.kaigokensaku.mhlw.go.jp/19/index.php?JigyosyoCd=1990100198-00&ServiceCd=540&action_kouhyou_detail_feature_index=true,https://www.kaigokensaku.mhlw.go.jp/19/index.php?JigyosyoCd=1990100198-00&ServiceCd=540&action_kouhyou_detail_024_kani=true
89,yk00089,特別養護老人ホーム春光園,特養,1970100044,510,0,50,50,2025-12-23,0/50人,2026-10-11T04:16:24+09:00,200,200,ok,,https://www.kaigokensaku.mhlw.go.jp/19/index.php?JigyosyoCd=1970100044-00&ServiceCd=510&action_kouhyou_detail_feature_index=true,https://www.kaigokensaku.mhlw.go.jp/19/index.php?JigyosyoCd=1970100044-00&ServiceCd=510&action_kouhyou_detail_024_kani=true
90,yk00090,特別養護老人ホーム桜井寮,特養,1970100192,510,0,80,90,2020-10-12,0/80人,2026-10-11T04:16:26+09:00,200,200,ok,,https://www.kaigokensaku.mhlw.go.jp/19/index.php?JigyosyoCd=1970100192-00&ServiceCd=510&action_kouhyou_detail_feature_index=true,https://www.kaigokensaku.mhlw.go.jp/19/index.php?JigyosyoCd=1970100192-00&ServiceCd=510&action_kouhyou_detail_024_kani=true
91,yk00091,特別養護老人ホーム清栄なでしこ荘,特養,1970100994,510,,60,923,,0/0人,2026-10-11T04:16:28+09:00,200,200,ok_partial_public_value,,https://www.kaigokensaku.mhlw.go.jp/19/index.php?JigyosyoCd=1970100994-00&ServiceCd=510&action_kouhyou_detail_feature_index=true,https://www.kaigokensaku.mhlw.go.jp/19/index.php?JigyosyoCd=1970100994-00&ServiceCd=510&action_kouhyou_detail_024_kani=true
92,yk00092,甲府城南ケアセンター,特養,1990100644,540,,,,,,2026-10-11T04:16:30+09:00,200,200,ok_no_public_value,,https://www.kaigokensaku.mhlw.go.jp/19/index.php?JigyosyoCd=1990100644-00&ServiceCd=540&action_kouhyou_detail_feature_index=true,https://www.kaigokensaku.mhlw.go.jp/19/index.php?JigyosyoCd=1990100644-00&ServiceCd=540&action_kouhyou_detail_027_kihon=true
93,yk00093,あかさか,特養,1991700038,540,,,,,,2026-10-11T04:16:38+09:00,200,200,ok_no_public_value,,https://www.kaigokensaku.mhlw.go.jp/19/index.php?JigyosyoCd=1991700038-00&ServiceCd=540&action_kouhyou_detail_feature_index=true,https://www.kaigokensaku.mhlw.go.jp/19/index.php?JigyosyoCd=1991700038-00&ServiceCd=540&action_kouhyou_detail_024_kani=true
94,yk00094,めぐみ双葉,特養,,540,,,,,,2026-10-11T04:16:40+09:00,,,skipped_no_official_url,事業所番号をオープンデータから解決できず,,
95,yk00095,めぐみ荘,特養,1970800189,510,,73,329,,,2026-10-11T04:16:40+09:00,200,200,ok_partial_public_value,,https://www.kaigokensaku.mhlw.go.jp/19/index.php?JigyosyoCd=1970800189-00&ServiceCd=510&action_kouhyou_detail_feature_index=true,https://www.kaigokensaku.mhlw.go.jp/19/index.php?JigyosyoCd=1970800189-00&ServiceCd=510&action_kouhyou_detail_024_kani=true
96,yk00096,ゆめみどり,特養,1971700206,510,0,70,40,2025-10-24,0/70人,2026-10-11T04:16:42+09:00,200,200,ok,,https://www.kaigokensaku.mhlw.go.jp/19/index.php?JigyosyoCd=1971700206-00&ServiceCd=510&action_kouhyou_detail_feature_index=true,https://www.kaigokensaku.mhlw.go.jp/19/index.php?JigyosyoCd=1971700206-00&ServiceCd=510&action_kouhyou_detail_024_kani=true
97,yk00097,フルリール甲斐,特養,1991900083,540,,29,,2025-07-17,0/0人,2026-10-11T04:16:44+09:00,200,200,ok_no_public_value,,https://www.kaigokensaku.mhlw.go.jp/19/index.php?JigyosyoCd=1991900083-00&ServiceCd=540&action_kouhyou_detail_feature_index=true,https://www.kaigokensaku.mhlw.go.jp/19/index.php?JigyosyoCd=1991900083-00&ServiceCd=540&action_kouhyou_detail_024_kani=true
98,yk00098,敷島荘,特養,1970800221,510,0,54,541,2025-11-17,0/54人,2026-10-11T04:16:46+09:00,200,200,ok,,https://www.kaigokensaku.mhlw.go.jp/19/index.php?JigyosyoCd=1970800221-00&ServiceCd=510&action_kouhyou_detail_feature_index=true,https://www.kaigokensaku.mhlw.go.jp/19/index.php?JigyosyoCd=1970800221-00&ServiceCd=510&action_kouhyou_detail_024_kani=true
99,yk00099,桑の実の郷・ふたば,特養,1991700327,540,,29,,,0/0人,2026-10-11T04:16:48+09:00,200,200,ok_no_public_value,,https://www.kaigokensaku.mhlw.go.jp/19/index.php?JigyosyoCd=1991700327-00&ServiceCd=540&action_kouhyou_detail_feature_index=true,https://www.kaigokensaku.mhlw.go.jp/19/index.php?JigyosyoCd=1991700327-00&ServiceCd=540&action_kouhyou_detail_024_kani=true
100,yk00100,エレガローザいちのみや,特養,1991800101,540,0,29,,2015-07-27,0/29人,2026-10-11T04:16:50+09:00,200,200,ok_partial_public_value,,https://www.kaigokensaku.mhlw.go.jp/19/index.php?JigyosyoCd=1991800101-00&ServiceCd=540&action_kouhyou_detail_feature_index=true,https://www.kaigokensaku.mhlw.go.jp/19/index.php?JigyosyoCd=1991800101-00&ServiceCd=540&action_kouhyou_detail_024_kani=true
101,yk00101,エール二之宮,特養,1991800044,540,,29,,2025-11-11,0/0人,2026-10-10T04:17:35+09:00,200,200,ok_no_public_value,,https://www.kaigokensaku.mhlw.go.jp/19/index.php?JigyosyoCd=1991800044-00&ServiceCd=540&action_kouhyou_detail_feature_index=true,https://www.kaigokensaku.mhlw.go.jp/19/index.php?JigyosyoCd=1991800044-00&ServiceCd=540&action_kouhyou_detail_024_kani=true
102,yk00102,エール境川,特養,1991800150,540,,29,,,0/0人,2026-10-10T04:17:39+09:00,200,200,ok_no_public_value,,https://www.kaigokensaku.mhlw.go.jp/19/index.php?JigyosyoCd=1991800150-00&ServiceCd=540&action_kouhyou_detail_feature_index=true,https://www.kaigokensaku.mhlw.go.jp/19/index.php?JigyosyoCd=1991800150-00&ServiceCd=540&action_kouhyou_detail_024_kani=true
103,yk00103,サテライトエレガローザ,特養,,540,,,,,,2026-10-10T04:17:41+09:00,,,skipped_no_official_url,事業所番号をオープンデータから解決できず,,
104,yk00104,壽ノ家,特養,1970500052,510,,72,689,2026-09-19,0/0人,2026-10-10T04:17:41+09:00,200,200,ok_partial_public_value,,https://www.kaigokensaku.mhlw.go.jp/19/index.php?JigyosyoCd=1970500052-00&ServiceCd=510&action_kouhyou_detail_feature_index=true,https://www.kaigokensaku.mhlw.go.jp/19/index.php?JigyosyoCd=1970500052-00&ServiceCd=510&action_kouhyou_detail_024_kani=true
105,yk00105,壽ノ家いさわ,特養,1991800085,540,,20,,2026-09-19,0/0人,2026-10-10T04:17:44+09:00,200,200,ok_no_public_value,,https://www.kaigokensaku.mhlw.go.jp/19/index.php?JigyosyoCd=1991800085-00&ServiceCd=540&action_kouhyou_detail_feature_index=true,https://www.kaigokensaku.mhlw.go.jp/19/index.php?JigyosyoCd=1991800085-00&ServiceCd=540&action_kouhyou_detail_024_kani=true
106,yk00106,壽ノ家いちのみや,特養,1991800051,540,,29,,2026-09-19,0/0人,2026-10-10T04:17:46+09:00,200,200,ok_no_public_value,,https://www.kaigokensaku.mhlw.go.jp/19/index.php?JigyosyoCd=1991800051-00&ServiceCd=540&action_kouhyou_detail_feature_index=true,https://www.kaigokensaku.mhlw.go.jp/19/index.php?JigyosyoCd=1991800051-00&ServiceCd=540&action_kouhyou_detail_024_kani=true
107,yk00107,小山荘,特養,1970500102,510,,140,260,,,2026-10-10T04:17:48+09:00,200,200,ok_partial_public_value,,https://www.kaigokensaku.mhlw.go.jp/19/index.php?JigyosyoCd=1970500102-00&ServiceCd=510&action_kouhyou_detail_feature_index=true,https://www.kaigokensaku.mhlw.go.jp/19/index.php?JigyosyoCd=1970500102-00&ServiceCd=510&action_kouhyou_detail_024_kani=true
108,yk00108,春日居荘,特養,1970400014,510,0,50,250,2022-07-04,0/50人,2026-10-10T04:17:50+09:00,200,200,ok,,https://www.kaigokensaku.mhlw.go.jp/19/index.php?JigyosyoCd=1970400014-00&ServiceCd=510&action_kouhyou_detail_feature_index=true,https://www.kaigokensaku.mhlw.go.jp/19/index.php?JigyosyoCd=1970400014-00&ServiceCd=510&action_kouhyou_detail_024_kani=true
109,yk00109,しもべ荘,特養,1970600183,510,,60,109,2025-03-19,0/0人,2026-10-10T04:17:53+09:00,200,200,ok_partial_public_value,,https://www.kaigokensaku.mhlw.go.jp/19/index.php?JigyosyoCd=1970600183-00&ServiceCd=510&action_kouhyou_detail_feature_index=true,https://www.kaigokensaku.mhlw.go.jp/19/index.php?JigyosyoCd=1970600183-00&ServiceCd=510&action_kouhyou_detail_024_kani=true
110,yk00110,みのぶ荘,特養,1970700058,510,,80,283,,,2026-10-10T04:17:55+09:00,200,200,ok_partial_public_value,,https://www.kaigokensaku.mhlw.go.jp/19/index.php?JigyosyoCd=1970700058-00&ServiceCd=510&action_kouhyou_detail_feature_index=true,https://www.kaigokensaku.mhlw.go.jp/19/index.php?JigyosyoCd=1970700058-00&ServiceCd=510&action_kouhyou_detail_024_kani=true
111,yk00111,みのりの里いいとみ,特養,,540,,,,,,2026-10-10T04:17:57+09:00,,,skipped_no_official_url,事業所番号をオープンデータから解決できず,,
112,yk00112,みのりの里まるたき,特養,,540,,,,,,2026-10-10T04:17:57+09:00,,,skipped_no_official_url,事業所番号をオープンデータから解決できず,,
113,yk00113,もりの郷,特養,1971100217,510,,60,94,,,2026-10-10T04:17:57+09:00,200,200,ok_partial_public_value,,https://www.kaigokensaku.mhlw.go.jp/19/index.php?JigyosyoCd=1971100217-00&ServiceCd=510&action_kouhyou_detail_feature_index=true,https://www.kaigokensaku.mhlw.go.jp/19/index.php?JigyosyoCd=1971100217-00&ServiceCd=510&action_kouhyou_detail_024_kani=true
114,yk00114,よこぶきの郷,特養,,540,,,,,,2026-10-10T04:17:59+09:00,,,skipped_no_official_url,事業所番号をオープンデータから解決できず,,
115,yk00115,よこぶき荘,特養,1971100019,510,,62,50,2025-09-29,0/0人,2026-10-10T04:17:59+09:00,200,200,ok_partial_public_value,,https://www.kaigokensaku.mhlw.go.jp/19/index.php?JigyosyoCd=1971100019-00&ServiceCd=510&action_kouhyou_detail_feature_index=true,https://www.kaigokensaku.mhlw.go.jp/19/index.php?JigyosyoCd=1971100019-00&ServiceCd=510&action_kouhyou_detail_024_kani=true
116,yk00116,回生荘,特養,1971100100,510,,60,200,,,2026-10-10T04:18:01+09:00,200,200,ok_partial_public_value,,https://www.kaigokensaku.mhlw.go.jp/19/index.php?JigyosyoCd=1971100100-00&ServiceCd=510&action_kouhyou_detail_feature_index=true,https://www.kaigokensaku.mhlw.go.jp/19/index.php?JigyosyoCd=1971100100-00&ServiceCd=510&action_kouhyou_detail_024_kani=true
117,yk00117,真心の里,特養,,540,,,,,,2026-10-10T04:18:04+09:00,,,skipped_no_official_url,事業所番号をオープンデータから解決できず,,
118,yk00118,フルリールにらさき,特養,1990900035,540,0,29,,2026-09-28,0/29人,2026-10-10T04:18:04+09:00,200,200,ok_partial_public_value,,https://www.kaigokensaku.mhlw.go.jp/19/index.php?JigyosyoCd=1990900035-00&ServiceCd=540&action_kouhyou_detail_feature_index=true,https://www.kaigokensaku.mhlw.go.jp/19/index.php?JigyosyoCd=1990900035-00&ServiceCd=540&action_kouhyou_detail_024_kani=true
119,yk00119,穴山の杜,特養,1970900203,510,,60,65,,,2026-10-10T04:18:06+09:00,200,200,ok_partial_public_value,,https://www.kaigokensaku.mhlw.go.jp/19/index.php?JigyosyoCd=1970900203-00&ServiceCd=510&action_kouhyou_detail_feature_index=true,https://www.kaigokensaku.mhlw.go.jp/19/index.php?JigyosyoCd=1970900203-00&ServiceCd=510&action_kouhyou_detail_024_kani=true
120,yk00120,富士山荘,特養,1971300023,510,0,31,200,2026-09-30,0/31人,2026-10-10T04:18:08+09:00,200,200,ok,,https://www.kaigokensaku.mhlw.go.jp/19/index.php?JigyosyoCd=1971300023-00&ServiceCd=510&action_kouhyou_detail_feature_index=true,https://www.kaigokensaku.mhlw.go.jp/19/index.php?JigyosyoCd=1971300023-00&ServiceCd=510&action_kouhyou_detail_024_kani=true
121,yk00121,富士山荘ふるさと,特養,1991300029,540,0,19,,2019-11-21,0/19人,2026-10-10T04:18:10+09:00,200,200,ok_partial_public_value,,https://www.kaigokensaku.mhlw.go.jp/19/index.php?JigyosyoCd=1991300029-00&ServiceCd=540&action_kouhyou_detail_feature_index=true,https://www.kaigokensaku.mhlw.go.jp/19/index.php?JigyosyoCd=1991300029-00&ServiceCd=540&action_kouhyou_detail_024_kani=true
122,yk00122,みのりの里 旭ヶ丘,老健,,520,,,,,,2026-10-10T04:18:12+09:00,,,skipped_no_official_url,事業所番号をオープンデータから解決できず,,
123,yk00123,玉穂ケアセンター,老健,1950880052,520,,100,15,2024-05-30,0/0人,2026-10-10T04:18:12+09:00,200,200,ok_partial_public_value,,https://www.kaigokensaku.mhlw.go.jp/19/index.php?JigyosyoCd=1950880052-00&ServiceCd=520&action_kouhyou_detail_feature_index=true,https://www.kaigokensaku.mhlw.go.jp/19/index.php?JigyosyoCd=1950880052-00&ServiceCd=520&action_kouhyou_detail_024_kani=true
124,yk00124,しおかわ福寿の里,老健,1951980000,520,4,70,3,2021-03-17,4/70人,2026-10-10T04:18:15+09:00,200,200,ok,,https://www.kaigokensaku.mhlw.go.jp/19/index.php?JigyosyoCd=1951980000-00&ServiceCd=520&action_kouhyou_detail_feature_index=true,https://www.kaigokensaku.mhlw.go.jp/19/index.php?JigyosyoCd=1951980000-00&ServiceCd=520&action_kouhyou_detail_024_kani=true
125,yk00125,フルリールむかわ,老健,1951080025,520,,90,0,,0/0人,2026-10-10T04:18:17+09:00,200,200,ok_partial_public_value,,https://www.kaigokensaku.mhlw.go.jp/19/index.php?JigyosyoCd=1951080025-00&ServiceCd=520&action_kouhyou_detail_feature_index=true,https://www.kaigokensaku.mhlw.go.jp/19/index.php?JigyosyoCd=1951080025-00&ServiceCd=520&action_kouhyou_detail_024_kani=true
126,yk00126,峡北シルバーケア・ホーム,老健,1951080009,520,,100,0,2025-07-29,0/0人,2026-10-10T04:18:19+09:00,200,200,ok_partial_public_value,,https://www.kaigokensaku.mhlw.go.jp/19/index.php?JigyosyoCd=1951080009-00&ServiceCd=520&action_kouhyou_detail_feature_index=true,https://www.kaigokensaku.mhlw.go.jp/19/index.php?JigyosyoCd=1951080009-00&ServiceCd=520&action_kouhyou_detail_024_kani=true
127,yk00127,ケアホーム花菱,老健,1950880045,520,5,100,23,2025-09-10,5/100人,2026-10-10T04:18:21+09:00,200,200,ok,,https://www.kaigokensaku.mhlw.go.jp/19/index.php?JigyosyoCd=1950880045-00&ServiceCd=520&action_kouhyou_detail_feature_index=true,https://www.kaigokensaku.mhlw.go.jp/19/index.php?JigyosyoCd=1950880045-00&ServiceCd=520&action_kouhyou_detail_024_kani=true
128,yk00128,峡西老人保健センター,老健,1950880011,520,,92,0,2025-09-02,0/0人,2026-10-10T04:18:24+09:00,200,200,ok_partial_public_value,,https://www.kaigokensaku.mhlw.go.jp/19/index.php?JigyosyoCd=1950880011-00&ServiceCd=520&action_kouhyou_detail_feature_index=true,https://www.kaigokensaku.mhlw.go.jp/19/index.php?JigyosyoCd=1950880011-00&ServiceCd=520&action_kouhyou_detail_024_kani=true
129,yk00129,ももくら,老健,1951480001,520,,100,40,,,2026-10-10T04:18:26+09:00,200,200,ok_partial_public_value,,https://www.kaigokensaku.mhlw.go.jp/19/index.php?JigyosyoCd=1951480001-00&ServiceCd=520&action_kouhyou_detail_feature_index=true,https://www.kaigokensaku.mhlw.go.jp/19/index.php?JigyosyoCd=1951480001-00&ServiceCd=520&action_kouhyou_detail_024_kani=true
130,yk00130,白樺荘,老健,1951280005,520,,100,0,,,2026-10-10T04:18:28+09:00,200,200,ok_partial_public_value,,https://www.kaigokensaku.mhlw.go.jp/19/index.php?JigyosyoCd=1951280005-00&ServiceCd=520&action_kouhyou_detail_feature_index=true,https://www.kaigokensaku.mhlw.go.jp/19/index.php?JigyosyoCd=1951280005-00&ServiceCd=520&action_kouhyou_detail_024_kani=true
131,yk00131,サンビューふじかわ,老健,1970701296,520,,100,10,2026-03-31,0/0人,2026-10-10T04:18:30+09:00,200,200,ok_partial_public_value,,https://www.kaigokensaku.mhlw.go.jp/19/index.php?JigyosyoCd=1970701296-00&ServiceCd=520&action_kouhyou_detail_feature_index=true,https://www.kaigokensaku.mhlw.go.jp/19/index.php?JigyosyoCd=1970701296-00&ServiceCd=520&action_kouhyou_detail_024_kani=true
132,yk00132,はまなす,老健,1951380003,520,,90,15,2025-07-26,0/0人,2026-10-10T04:18:33+09:00,200,200,ok_partial_public_value,,https://www.kaigokensaku.mhlw.go.jp/19/index.php?JigyosyoCd=1951380003-00&ServiceCd=520&action_kouhyou_detail_feature_index=true,https://www.kaigokensaku.mhlw.go.jp/19/index.php?JigyosyoCd=1951380003-00&ServiceCd=520&action_kouhyou_detail_024_kani=true
133,yk00133,山中湖あんずの森,老健,1951380011,520,1,90,5,2026-08-28,1/90人,2026-10-10T04:18:35+09:00,200,200,ok,,https://www.kaigokensaku.mhlw.go.jp/19/index.php?JigyosyoCd=1951380011-00&ServiceCd=520&action_kouhyou_detail_feature_index=true,https://www.kaigokensaku.mhlw.go.jp/19/index.php?JigyosyoCd=1951380011-00&ServiceCd=520&action_kouhyou_detail_024_kani=true
134,yk00134,ケアセンターいちかわ,老健,1970600480,520,,70,,,0/0人,2026-10-10T04:18:37+09:00,200,200,ok_no_public_value,,https://www.kaigokensaku.mhlw.go.jp/19/index.php?JigyosyoCd=1970600480-00&ServiceCd=520&action_kouhyou_detail_feature_index=true,https://www.kaigokensaku.mhlw.go.jp/19/index.php?JigyosyoCd=1970600480-00&ServiceCd=520&action_kouhyou_detail_024_kani=true
135,yk00135,ナーシングプラザ三珠,老健,1950680007,520,20,100,20,2025-11-14,20/100人,2026-10-10T04:18:39+09:00,200,200,ok,,https://www.kaigokensaku.mhlw.go.jp/19/index.php?JigyosyoCd=1950680007-00&ServiceCd=520&action_kouhyou_detail_feature_index=true,https://www.kaigokensaku.mhlw.go.jp/19/index.php?JigyosyoCd=1950680007-00&ServiceCd=520&action_kouhyou_detail_024_kani=true
136,yk00136,ひばり苑,老健,1950880029,520,,53,3,,,2026-10-10T04:18:41+09:00,200,200,ok_partial_public_value,,https://www.kaigokensaku.mhlw.go.jp/19/index.php?JigyosyoCd=1950880029-00&ServiceCd=520&action_kouhyou_detail_feature_index=true,https://www.kaigokensaku.mhlw.go.jp/19/index.php?JigyosyoCd=1950880029-00&ServiceCd=520&action_kouhyou_detail_024_kani=true
137,yk00137,ノイエス,老健,1950880037,520,3,100,43,2026-03-16,3/100人,2026-10-10T04:18:44+09:00,200,200,ok,,https://www.kaigokensaku.mhlw.go.jp/19/index.php?JigyosyoCd=1950880037-00&ServiceCd=520&action_kouhyou_detail_feature_index=true,https://www.kaigokensaku.mhlw.go.jp/19/index.php?JigyosyoCd=1950880037-00&ServiceCd=520&action_kouhyou_detail_024_kani=true
138,yk00138,勝沼ナーシングセンター,老健,1950480010,520,,90,17,,0/0人,2026-10-10T04:18:46+09:00,200,200,ok_partial_public_value,,https://www.kaigokensaku.mhlw.go.jp/19/index.php?JigyosyoCd=1950480010-00&ServiceCd=520&action_kouhyou_detail_feature_index=true,https://www.kaigokensaku.mhlw.go.jp/19/index.php?JigyosyoCd=1950480010-00&ServiceCd=520&action_kouhyou_detail_024_kani=true
139,yk00139,恵信塩山ケアセンター,老健,1950380004,520,0,100,55,2026-04-15,0/100人,2026-10-10T04:18:48+09:00,200,200,ok,,https://www.kaigokensaku.mhlw.go.jp/19/index.php?JigyosyoCd=1950380004-00&ServiceCd=520&action_kouhyou_detail_feature_index=true,https://www.kaigokensaku.mhlw.go.jp/19/index.php?JigyosyoCd=1950380004-00&ServiceCd=520&action_kouhyou_detail_024_kani=true
140,yk00140,NAC湯村,老健,1950180024,520,,95,0,2017-06-15,0/0人,2026-10-10T04:18:50+09:00,200,200,ok_partial_public_value,,https://www.kaigokensaku.mhlw.go.jp/19/index.php?JigyosyoCd=1950180024-00&ServiceCd=520&action_kouhyou_detail_feature_index=true,https://www.kaigokensaku.mhlw.go.jp/19/index.php?JigyosyoCd=1950180024-00&ServiceCd=520&action_kouhyou_detail_024_kani=true
141,yk00141,フルリール甲府,老健,1950180040,520,,90,20,2026-09-21,0/0人,2026-10-10T04:18:53+09:00,200,200,ok_partial_public_value,,https://www.kaigokensaku.mhlw.go.jp/19/index.php?JigyosyoCd=1950180040-00&ServiceCd=520&action_kouhyou_detail_feature_index=true,https://www.kaigokensaku.mhlw.go.jp/19/index.php?JigyosyoCd=1950180040-00&ServiceCd=520&action_kouhyou_detail_024_kani=true
142,yk00142,甲府かわせみ苑,老健,1950180008,520,,100,14,2024-05-15,0/0人,2026-10-10T04:18:55+09:00,200,200,ok_partial_public_value,,https://www.kaigokensaku.mhlw.go.jp/19/index.php?JigyosyoCd=1950180008-00&ServiceCd=520&action_kouhyou_detail_feature_index=true,https://www.kaigokensaku.mhlw.go.jp/19/index.php?JigyosyoCd=1950180008-00&ServiceCd=520&action_kouhyou_detail_024_kani=true
143,yk00143,甲府南ライフケアセンター,老健,1950180016,520,,100,3,2026-09-24,0/0人,2026-10-10T04:18:57+09:00,200,200,ok_partial_public_value,,https://www.kaigokensaku.mhlw.go.jp/19/index.php?JigyosyoCd=1950180016-00&ServiceCd=520&action_kouhyou_detail_feature_index=true,https://www.kaigokensaku.mhlw.go.jp/19/index.php?JigyosyoCd=1950180016-00&ServiceCd=520&action_kouhyou_detail_024_kani=true
144,yk00144,甲府相川ケアセンター,老健,1950180032,520,,96,20,2025-07-28,0/0人,2026-10-10T04:18:59+09:00,200,200,ok_partial_public_value,,https://www.kaigokensaku.mhlw.go.jp/19/index.php?JigyosyoCd=1950180032-00&ServiceCd=520&action_kouhyou_detail_feature_index=true,https://www.kaigokensaku.mhlw.go.jp/19/index.php?JigyosyoCd=1950180032-00&ServiceCd=520&action_kouhyou_detail_024_kani=true
145,yk00145,山梨ライフケア・ホーム,老健,1950880003,520,,100,0,,0/0人,2026-10-10T04:19:02+09:00,200,200,ok_partial_public_value,,https://www.kaigokensaku.mhlw.go.jp/19/index.php?JigyosyoCd=1950880003-00&ServiceCd=520&action_kouhyou_detail_feature_index=true,https://www.kaigokensaku.mhlw.go.jp/19/index.php?JigyosyoCd=1950880003-00&ServiceCd=520&action_kouhyou_detail_024_kani=true
146,yk00146,いちのみやケアセンター,老健,1950580017,520,,100,4,2025-11-27,0/0人,2026-10-10T04:19:04+09:00,200,200,ok_partial_public_value,,https://www.kaigokensaku.mhlw.go.jp/19/index.php?JigyosyoCd=1950580017-00&ServiceCd=520&action_kouhyou_detail_feature_index=true,https://www.kaigokensaku.mhlw.go.jp/19/index.php?JigyosyoCd=1950580017-00&ServiceCd=520&action_kouhyou_detail_024_kani=true
147,yk00147,ふじ苑,老健,1950480002,520,,100,0,,,2026-10-10T04:19:06+09:00,200,200,ok_partial_public_value,,https://www.kaigokensaku.mhlw.go.jp/19/index.php?JigyosyoCd=1950480002-00&ServiceCd=520&action_kouhyou_detail_feature_index=true,https://www.kaigokensaku.mhlw.go.jp/19/index.php?JigyosyoCd=1950480002-00&ServiceCd=520&action_kouhyou_detail_024_kani=true
148,yk00148,甲州ケア・ホーム,老健,1950580009,520,,120,10,2020-03-30,0/0人,2026-10-10T04:19:08+09:00,200,200,ok_partial_public_value,,https://www.kaigokensaku.mhlw.go.jp/19/index.php?JigyosyoCd=1950580009-00&ServiceCd=520&action_kouhyou_detail_feature_index=true,https://www.kaigokensaku.mhlw.go.jp/19/index.php?JigyosyoCd=1950580009-00&ServiceCd=520&action_kouhyou_detail_024_kani=true
149,yk00149,峡南ケアホームいいとみ,老健,1950780005,520,,27,10,,,2026-10-10T04:19:11+09:00,200,200,ok_partial_public_value,,https://www.kaigokensaku.mhlw.go.jp/19/index.php?JigyosyoCd=1950780005-00&ServiceCd=520&action_kouhyou_detail_feature_index=true,https://www.kaigokensaku.mhlw.go.jp/19/index.php?JigyosyoCd=1950780005-00&ServiceCd=520&action_kouhyou_detail_024_kani=true
150,yk00150,つる,老健,1951180007,520,,100,0,,0/0人,2026-10-10T04:19:13+09:00,200,200,ok_partial_public_value,,https://www.kaigokensaku.mhlw.go.jp/19/index.php?JigyosyoCd=1951180007-00&ServiceCd=520&action_kouhyou_detail_feature_index=true,https://www.kaigokensaku.mhlw.go.jp/19/index.php?JigyosyoCd=1951180007-00&ServiceCd=520&action_kouhyou_detail_024_kani=true
151,yk00151,あさひホーム,老健,1950980001,520,,100,0,2026-04-07,0/0人,2026-10-10T04:19:28+09:00,200,200,ok_partial_public_value,,https://www.kaigokensaku.mhlw.go.jp/19/index.php?JigyosyoCd=1950980001-00&ServiceCd=520&action_kouhyou_detail_feature_index=true,https://www.kaigokensaku.mhlw.go.jp/19/index.php?JigyosyoCd=1950980001-00&ServiceCd=520&action_kouhyou_detail_024_kani=true
152,yk00152,医療法人慶友会 城東病院介護医療院,介護医療院,1970105142,550,,172,13,,0/0人,2026-10-10T04:19:33+09:00,200,200,ok_partial_public_value,,https://www.kaigokensaku.mhlw.go.jp/19/index.php?JigyosyoCd=1970105142-00&ServiceCd=550&action_kouhyou_detail_feature_index=true,https://www.kaigokensaku.mhlw.go.jp/19/index.php?JigyosyoCd=1970105142-00&ServiceCd=550&action_kouhyou_detail_024_kani=true
153,yk00153,箭本外科整形外科医院介護医療院,介護医療院,1910114675,550,,,2,2025-07-22,0/0人,2026-10-10T04:19:35+09:00,200,200,ok_partial_public_value,,https://www.kaigokensaku.mhlw.go.jp/19/index.php?JigyosyoCd=1910114675-00&ServiceCd=550&action_kouhyou_detail_feature_index=true,https://www.kaigokensaku.mhlw.go.jp/19/index.php?JigyosyoCd=1910114675-00&ServiceCd=550&action_kouhyou_detail_024_kani=true
154,yk00154,ツル虎ノ門整形外科・リハビリテーション病院介護医療院,介護医療院,1911110474,550,,37,3,,,2026-10-10T04:19:37+09:00,200,200,ok_partial_public_value,,https://www.kaigokensaku.mhlw.go.jp/19/index.php?JigyosyoCd=1911110474-00&ServiceCd=550&action_kouhyou_detail_feature_index=true,https://www.kaigokensaku.mhlw.go.jp/19/index.php?JigyosyoCd=1911110474-00&ServiceCd=550&action_kouhyou_detail_024_kani=true
